self,199378
the,104159
def,84434
None,76747
return,60114
for,53685
not,49515
and,44958
dtype,39332
result,38890
import,33693
expected,31695
with,30974
True,30916
from,30829
False,29674
name,28715
str,27363
assert,27245
data,26255
index,23996
else,23759
pytest,20541
value,20399
array,19828
type,18811
list,17228
class,17073
DataFrame,16748
that,16287
path,15392
raise,15265
values,15063
Series,14812
isinstance,14623
int,14525
are,14501
The,14437
object,14259
msg,13916
len,13854
bool,12645
this,12332
axis,11964
LETTER,11938
match,11178
file,10688
other,10544
elif,10359
nan,10140
columns,10102
mark,10089
default,10081
key,9791
append,9507
pandas,9382
args,9363
ValueError,9092
will,8936
LATIN,8748
all,8681
line,8483
can,8012
datetime,8002
string,7810
try,7804
method,7767
copy,7705
kwargs,7684
parametrize,7617
This,7604
obj,7599
set,7494
raises,7429
except,7358
tuple,7280
arr,7210
assert_equal,7206
freq,7090
assert_frame_equal,6997
left,6933
idx,6830
range,6800
Index,6762
right,6653
names,6605
ser,6386
node,6254
float,6241
__init__,6113
res,6109
version,6105
only,6042
use,5915
which,5878
SMALL,5863
should,5824
format,5766
sys,5755
get,5693
size,5681
text,5642
used,5594
must,5565
function,5539
one,5516
CAPITAL,5476
test,5461
dict,5434
mask,5422
have,5392
TypeError,5388
start,5294
out,5291
items,5282
when,5271
any,5271
module,5228
options,5200
but,5089
func,4991
error,4971
numpy,4908
shape,4840
assert_series_equal,4778
table,4694
types,4671
cls,4663
end,4656
first,4634
join,4614
parser,4599
axes,4599
item,4578
Return,4510
code,4427
Timestamp,4383
foo,4359
level,4324
pass,4319
mode,4267
font,4249
context,4238
loc,4193
Returns,4182
errors,4168
arange,4143
has,4089
info,4059
number,4045
WITH,4026
fig,4016
astype,4007
lines,3966
base,3948
Any,3933
bytes,3921
lambda,3919
color,3914
filename,3845
getattr,3843
new,3833
random,3798
ndarray,3781
like,3757
case,3731
optional,3729
same,3717
exp,3711
write,3684
deprecated,3661
ignore,3652
See,3529
where,3526
time,3517
val,3506
Parameters,3486
width,3481
encoding,3463
arg,3460
plt,3456
int64,3447
style,3432
given,3426
column,3413
output,3400
MultiIndex,3388
offset,3366
input,3363
check,3327
may,3322
argument,3310
Python,3290
using,3274
periods,3261
empty,3259
kind,3254
param,3213
typ,3203
read,3176
order,3164
request,3163
length,3131
unit,3095
min,3057
non,3047
max,3016
yield,3016
property,2989
For,2976
group,2972
label,2969
add,2948
frame,2935
float64,2900
prefix,2899
tag,2899
Type,2893
keys,2868
each,2859
matplotlib,2835
NaT,2835
two,2831
date_range,2816
instance,2813
mypy,2790
source,2776
bar,2774
super,2772
message,2771
fill_value,2745
engine,2724
files,2707
com,2696
https,2667
iloc,2663
into,2659
core,2649
assert_index_equal,2638
__name__,2631
arguments,2624
target,2615
state,2595
call,2594
pos,2580
flags,2577
arrays,2576
sort,2558
plot,2552
assert_,2551
groupby,2536
does,2528
then,2527
print,2520
codes,2513
sum,2497
also,2486
header,2476
while,2474
labels,2474
location,2472
more,2451
figure,2418
typing,2403
replace,2389
split,2384
need,2383
count,2375
see,2363
instead,2354
was,2347
continue,2342
dtypes,2329
directory,2324
than,2323
expr,2312
transform,2311
specified,2290
image,2288
datetime64,2272
objects,2267
Path,2258
integer,2240
categories,2235
attr,2235
df2,2222
passed,2206
last,2201
exception,2199
default_rng,2197
lib,2196
element,2178
pip,2176
both,2169
mean,2167
there,2154
option,2144
warnings,2137
here,2129
log,2128
support,2125
subplots,2122
abc,2111
command,2105
strings,2101
single,2096
days,2078
cannot,2068
config,2067
don,2056
row,2038
returns,2026
height,2023
warn,2022
attribute,2017
date,2012
you,1991
close,1989
points,1987
found,1972
url,1972
its,1970
open,1964
zip,1964
current,1961
hasattr,1948
before,1944
python,1938
returned,1935
event,1934
after,1930
repr,1929
some,1924
Categorical,1922
FutureWarning,1908
view,1907
levels,1907
user,1906
glyph,1902
closed,1881
defined,1870
Axes,1870
NaN,1867
operator,1853
ctx,1851
they,1850
called,1839
mpl,1839
fullname,1837
cast,1837
assert_produces_warning,1837
DatetimeIndex,1832
how,1829
point,1828
lower,1827
parent,1826
because,1824
indexer,1822
Check,1818
col,1803
description,1802
assert_numpy_array_equal,1802
cache,1797
different,1789
invalid,1789
scalar,1774
store,1773
TODO,1762
SIGN,1760
top,1753
Examples,1752
valid,1750
writer,1749
break,1746
pattern,1745
Optional,1742
assert_array_equal,1740
Unknown,1735
Timedelta,1734
supported,1731
series,1730
apply,1729
block,1728
BOX,1728
Note,1721
actual,1716
DRAWINGS,1716
indices,1713
pyarrow,1705
missing,1699
buf,1698
methods,1690
original,1681
Test,1681
modules,1679
results,1676
AND,1675
package,1674
reshape,1671
slice,1658
stream,1657
sequence,1657
next,1656
help,1653
keyword,1642
inf,1641
ordered,1640
skipna,1640
Image,1639
second,1632
fixture,1626
map,1622
KeyError,1618
manager,1610
spec,1607
tests,1607
attrs,1607
make,1593
platform,1591
day,1582
root,1575
rng,1573
between,1567
year,1567
just,1564
update,1562
NotImplementedError,1560
pop,1555
Also,1552
sorted,1546
mapping,1544
token,1543
box,1543
example,1541
handle,1540
conn,1530
github,1527
err,1526
DOUBLE,1525
Set,1524
codecs,1521
Period,1519
startswith,1512
collections,1511
parameter,1509
doesn,1500
Callable,1499
fail,1498
reason,1497
timedelta64,1497
extend,1495
body,1494
these,1489
ndim,1480
position,1479
already,1478
elements,1477
Sequence,1471
always,1466
doc,1466
take,1459
stack,1457
either,1454
nodes,1454
offsets,1450
assert_raises,1449
standard_normal,1445
without,1444
variable,1438
compile,1437
CYRILLIC,1432
step,1431
cat,1429
decode,1423
encode,1421
final,1418
accept,1418
Decimal,1416
information,1414
category,1414
glyphs,1414
action,1407
entry,1405
content,1405
field,1398
warning,1395
inplace,1392
sep,1391
contains,1391
functions,1382
complex,1376
since,1374
iterable,1373
buffer,1371
Literal,1368
StringIO,1356
exc,1355
alpha,1352
df1,1348
whether,1341
build,1337
convert,1337
expression,1333
control,1332
enumerate,1329
timedelta,1329
canvas,1328
include,1325
zeros,1318
Use,1317
boolean,1316
headers,1316
would,1314
parse,1313
debug,1313
dictionary,1312
run,1303
attributes,1303
ones,1298
them,1296
del,1291
been,1290
dti,1287
part,1286
callable,1285
fmt,1278
colors,1273
create,1272
want,1269
_data,1263
equal,1256
Exception,1240
classes,1240
month,1238
parameters,1237
annotations,1231
metadata,1229
var,1227
sub,1225
remove,1223
stop,1218
bottom,1214
masked,1209
stdout,1207
zero,1205
following,1199
timeout,1199
integers,1197
available,1193
multiple,1193
OSError,1187
skip,1187
find,1184
org,1184
paths,1181
unique,1181
limit,1180
Final,1178
center,1173
List,1167
classmethod,1164
Union,1164
When,1163
such,1160
params,1156
issues,1154
containing,1151
strip,1151
otherwise,1148
cases,1147
parts,1143
cmap,1142
over,1138
rcParams,1138
fontTools,1138
rows,1134
ret,1131
implementation,1130
Iterable,1122
struct,1118
GREEK,1118
Cannot,1117
get_array,1117
indent,1113
bbox,1113
png,1108
vals,1108
draw,1105
provided,1104
lineno,1104
title,1103
link,1097
logging,1096
int32,1095
float_frame,1095
AttributeError,1093
cython,1093
Instance,1091
window,1089
stderr,1086
fields,1079
html,1079
FieldSpec,1079
host,1078
src,1077
exists,1076
scale,1073
renderer,1071
marker,1067
using_copy_on_write,1067
RIGHT,1066
release,1063
LEFT,1063
DIGIT,1063
future,1058
__future__,1057
Version,1057
possible,1055
suffix,1055
fill,1055
socket,1052
being,1051
dev,1051
full,1050
utf,1049
asarray,1047
behavior,1046
_vendor,1045
keep,1043
Get,1041
process,1041
dir,1040
sure,1039
pad,1038
logger,1038
util,1035
work,1032
overload,1032
response,1031
defn,1031
__class__,1029
avoid,1026
based,1024
characters,1023
klass,1023
reader,1017
tuples,1016
runtime,1015
local,1012
raw,1011
builtins,1011
true,1010
now,1007
required,1005
norm,1001
extra,1001
defaults,999
change,997
intp,997
special,995
TYPE_CHECKING,991
raised,988
read_csv,988
their,987
dropna,986
record,983
back,983
added,979
section,978
legend,977
loop,974
dist,974
distutils,974
testing,973
req,971
mod,969
concat,969
character,968
backend,967
variables,961
needed,959
isna,956
round,954
through,953
numeric_only,953
finally,952
subset,948
tables,948
common,947
PeriodIndex,946
strict,945
filled,945
coordinates,941
most,937
even,936
vmin,936
tree,934
flag,932
precision,929
compression,927
about,925
Defaults,922
float32,921
created,919
console,917
bit,915
existing,914
num,914
upper,912
docstring,910
dates,907
Name,906
display,905
numbers,905
escape,904
distribution,904
repeat,903
ref,903
vmax,901
what,900
removed,897
math,895
abs,895
all_parsers,889
ext,887
coverage,887
specific,884
ttFont,884
Codec,882
Format,879
done,878
server,877
from_tuples,875
groups,874
Create,872
partial,872
newline,870
meth,869
Text,869
formatter,868
grouped,866
functools,863
system,862
matches,861
_testing,861
override,860
layout,860
UTC,860
filter,859
http,859
per,858
contain,857
protocol,857
verbose,854
Eastern,854
fallback,853
old,853
MARK,850
ACUTE,848
Whether,847
within,846
alias,846
could,845
__all__,842
assert_almost_equal,841
side,840
dest,840
Mapping,840
get_proper_type,840
na_value,839
signature,838
above,836
dpi,836
CONTROL,834
standard,831
got,831
Tuple,831
ARABIC,831
none,830
red,829
patch,829
note,828
to_datetime,828
negative,827
named,825
cols,825
setting,824
uses,823
align,818
packages,817
hash,817
interval,817
lookup,816
ImportError,815
direction,815
min_periods,815
main,814
rolling,813
namespace,808
report,808
maximum,807
operation,807
kwds,807
blocks,806
char,806
extension,805
doctest,804
child,803
real,802
__repr__,802
means,802
pygments,802
VERTICAL,801
Notes,798
head,797
long,794
drop,794
cmd,794
shares_memory,794
allow,793
json,793
shift,790
handler,787
stub,786
exceptions,783
All,783
reference,782
agg,782
AnyType,781
allowed,778
fillna,777
api,776
off,774
ufunc,774
double,772
regex,769
byte,768
details,768
reindex,768
std,766
Add,762
seconds,761
address,760
u200d,760
insert,759
resample,759
way,758
formats,757
relative,756
directly,756
union,756
Expression,756
angle,756
clear,755
port,755
subprocess,753
_internal,752
set_index,751
entries,750
global,749
delta,749
our,747
equivalent,747
matching,747
ExtensionArray,747
Iterator,746
minor,746
environ,743
decimal,742
numeric,742
form,741
converted,741
subclass,740
constructor,740
still,738
Zzzz,738
setup,737
HORIZONTAL,737
below,734
total,734
changed,734
Convert,734
RangeIndex,734
times,730
major,730
works,729
too,728
ax1,728
env,727
binary,727
Invalid,725
were,723
ast,722
CategoricalIndex,722
casting,721
pickle,720
AssertionError,720
memory,719
bounds,719
_values,718
x00,715
fname,715
install,715
script,714
traceback,714
along,712
timezone,711
Self,711
__dict__,710
ids,710
those,709
Only,709
def_gen,709
Axis,708
space,705
auto,705
assignment,705
NotImplemented,703
via,702
statement,701
load,700
units,700
These,699
Interval,698
definition,696
compatibility,695
Windows,693
calls,690
corresponding,690
__getitem__,689
seek,688
ascending,688
grid,687
_mask,687
index_col,686
validate,684
hour,684
BytesIO,683
setattr,682
ticks,682
locals,679
tool,679
Hashable,679
scheme,678
as_unit,678
from_arrays,678
inspect,676
plugin,676
patterns,675
unicode,672
subtype,672
SINGLE,672
xml,671
_api,671
LIGHT,669
_pytest,669
connection,667
chunk,667
endswith,664
IndexError,664
Error,663
least,663
pre,662
generic,661
origin,660
pen,660
bins,660
API,659
instances,659
minimum,659
another,658
inner,658
pyplot,658
environment,657
itertools,657
three,656
select,655
search,653
under,653
scope,653
until,652
abstractmethod,652
__doc__,651
extensions,651
children,650
stacklevel,649
present,649
xfail,649
lexers,648
normal,647
iterator,647
changes,646
DIAERESIS,646
period_range,645
sock,643
SparseArray,643
might,642
requires,642
merge,642
misc,642
baz,642
correct,640
during,640
equals,640
Args,640
parsing,637
Number,637
library,636
tzinfo,636
Int64,636
identifier,635
versions,635
parsed,635
ensure,634
interpolation,633
simple,632
clip,632
npt,632
diff,631
contents,630
Make,629
frame_or_series,629
ArrayLike,629
ignored,628
properties,628
axs,626
bound,625
DeprecationWarning,624
dirname,624
uint64,624
program,623
meta,623
compare,622
chunksize,622
CIRCUMFLEX,622
null,621
place,619
exist,619
failed,619
executable,617
TimedeltaIndex,617
reduce,616
any_string_dtype,616
CategoricalDtype,616
arg_types,616
PEP,615
implemented,615
normalize,615
CallableType,615
glyphName,613
show,612
currently,612
uint16,612
versionadded,611
artist,611
nested,609
prop,609
add_argument,607
later,605
RuntimeError,605
styler,605
image_comparison,605
outer,604
sparse,603
etc,602
vertical,602
tick,602
messages,601
CHARACTER,600
specify,598
Can,598
components,598
compat,598
many,597
comment,597
orient,596
calling,595
Context,595
once,594
itself,593
__slots__,593
int8,593
ddof,593
ax2,593
callback,591
exit,590
commands,590
sign,590
NumPy,590
importorskip,590
necessary,589
basename,588
issue,588
props,588
register,587
inside,587
visitor,587
bits,586
regular,585
Style,585
contour,585
lists,583
fixed,583
status,583
installed,583
access,582
unpack,582
ascii,582
Default,582
positions,581
dot,579
IntervalIndex,579
callee,579
member,578
vertices,576
add_subplot,576
template,575
ctypes,574
pack,574
session,574
infer,574
uint8,573
interface,571
green,571
orientation,571
palette,570
actually,569
Otherwise,568
operations,568
__new__,568
thread,568
difference,567
locations,567
median,567
representation,566
_core,566
_libs,564
exact,563
blue,562
staticmethod,561
define,560
period,559
condition,559
indexes,559
sym,559
graph,558
iter,558
needs,557
numba,557
int16,556
incompatible,555
multi,555
stmt,555
compiler,553
masked_array,552
internal,551
optimize,550
col1,549
forward,548
ops,547
well,546
safe,544
TypeOfAny,544
query,543
handles,542
tolerance,542
Raises,541
floating,540
rest,539
You,539
xaxis,538
linewidth,538
explicitly,537
put,536
deep,536
outside,536
ravel,536
lvalue,536
itemsize,535
know,534
nrows,533
datetime_series,533
family,532
charset,532
wrapper,531
around,531
checks,531
codec,531
noqa,531
keepdims,531
comparison,530
checking,529
Array,528
mixed,527
lst,527
using_infer_string,526
never,525
DOWN,525
filterwarnings,524
encoded,524
explicit,524
built,523
cause,523
locale,523
_mgr,523
unknown,522
unless,521
false,521
reverse,521
generated,519
force,519
positional,519
__str__,518
shared,518
stale,518
tags,518
NDArray,518
pat,517
opt,517
signal,517
conversion,515
URL,515
chunks,515
There,514
sources,514
fontsize,514
directories,513
idx1,513
stat,512
usage,512
GRAVE,512
fig_ref,512
marks,510
dependencies,510
tz_localize,510
domain,509
reset,509
Case,508
inherited,508
operand,507
urllib,505
pair,504
less,504
hook,504
running,504
documentation,504
bad,504
random_st,504
save,503
__call__,502
arg_kinds,502
feature,501
UTF,501
SKIP,501
fig_test,501
collection,500
bool_,500
isn,499
Remove,499
including,499
horizontal,499
linspace,499
absolute,498
__eq__,498
XXX,497
records,497
post,497
option_context,497
tokens,496
facecolor,496
segment,495
desired,494
cbook,493
symbol,492
sort_values,492
appropriate,491
yet,490
application,490
Figure,490
TypeInfo,490
custom,489
applied,488
inputs,488
idx2,488
engine_kwargs,486
padding,485
literal,484
anchor,484
ret_type,484
timestamp,483
from_product,482
compatible,481
__main__,481
tolist,481
dst,481
button,481
rvalue,481
takes,480
fft,480
inferred,478
supports,478
sizes,478
mgr,478
Example,477
segments,477
importlib,476
RGB,476
limits,476
fonts,476
no_default,476
Not,475
keywords,475
requirement,475
markers,475
useful,474
initial,474
exclude,474
RFC,473
ind,473
assert_allclose,473
short,472
patches,472
eval,469
issubclass,468
frames,466
large,466
weekday,465
turtle,464
loader,463
libraries,463
previous,462
concatenate,462
degrees,462
events,460
QUOTATION,460
observed,460
Each,459
sides,459
ttLib,459
utc,458
xmlWriter,458
stored,457
tdi,457
syntax,456
digits,456
archive,455
underlying,455
hours,455
scalars,455
expand,454
_value,454
sqrt,453
word,453
sets,452
extents,452
XML,451
op_name,451
TypeVar,450
UnionType,450
tail,449
considered,449
rename,449
writing,448
statements,448
Don,447
Read,446
matrix,446
resulting,445
rec,445
written,444
small,444
high,444
passing,444
positive,443
Node,443
asfreq,443
decorator,441
www,441
isnan,441
result2,441
something,440
tell,440
allows,440
nearest,440
ints,439
implement,438
contextlib,438
setup_path,438
configuration,437
df_orig,437
supplied,436
version_info,436
DatetimeArray,436
every,435
low,435
handling,435
frequency,434
elem,434
document,434
yaxis,434
dtype_backend,433
your,432
included,432
reading,431
pairs,431
additional,431
ISO8859,431
indexing,430
docs,430
utils,430
orig,430
colormap,430
readline,429
dedent,429
cond,429
output_dir,429
representing,428
BaseException,428
storage_options,428
frozenset,427
determine,427
readonly,427
resp,427
whitespace,426
globals,426
rules,426
arrow,426
pathlib,426
locator,426
dta,426
col2,425
against,424
visible,424
requirements,424
Transform,424
email,423
depth,423
projection,423
timedelta_range,423
MaskedArray,423
Common,422
rank,422
beginning,421
anything,421
span,421
rhs,420
weight,419
assert_extension_array_equal,419
features,418
cell,418
flat,418
otTables,418
component,417
best,417
enum,417
expressions,417
similar,416
Offset,416
formatted,415
Expected,415
big,414
sig,414
stdin,414
nditer,414
letter,413
Copyright,413
sin,413
counts,413
arg_names,412
factor,412
translate,412
deltas,412
modified,411
fails,411
return_value,411
password,411
testcase,411
parse_dates,411
public,410
exactly,410
Unicode,409
flush,409
scatter,409
rule,408
operands,408
weights,408
quantile,408
argv,407
exc_info,407
candidate,407
styles,407
Var,407
specifier,406
filenames,405
remaining,405
String,405
curve,405
colorbar,405
END,404
box_with_array,404
steps,403
chk,403
caller,402
returning,402
edge,402
bold,402
prod,402
Write,401
separator,401
linear,400
err_msg,400
images,400
Tests,400
backward,399
reversed,399
overflow,399
StreamReader,399
floats,398
provide,398
_from_sequence,398
stats,397
ImageFile,397
due,396
legacy,396
references,396
private,396
provides,396
threading,396
sql,396
min_count,396
disable,395
StreamWriter,395
RGBA,395
con,395
interpreter,394
cov,394
connect,393
wrong,392
ASCII,392
vector,392
language,392
aliases,392
get_loc,392
Coverage,392
__version__,391
known,391
csv,391
builder,391
analysis,390
Find,389
minute,389
dimensions,389
chain,388
bases,388
rather,387
sequences,387
subclasses,387
datapath,387
analyzed,387
product,386
reset_index,386
Tag,384
compute,383
pid,383
IncrementalEncoder,383
subplot,383
mcolors,383
expect,382
logic,382
starting,381
words,381
transforms,381
prereleases,381
Bbox,381
lock,380
FORM,380
atol,380
examples,379
selector,378
correctly,377
init,377
screen,377
cookie,377
generate,376
dry_run,376
BRACKET,376
ProperType,376
require,375
HTML,375
find_stack_level,375
to_numpy,374
ignore_index,374
einsum,373
Some,372
task,372
TupleType,372
subtable,372
very,371
power,371
HTTP,371
gets,370
duplicate,370
converter,370
conv,370
upper_bound,370
isin,370
send,369
dimensional,369
Config,369
divmod,368
platforms,368
ArrowDtype,368
algorithm,367
Value,367
Options,366
setter,366
IncrementalDecoder,366
imports,365
visit,365
wheel,365
parallel,365
locs,365
Block,364
trans,364
intersection,364
widths,364
ssl,363
pa_type,363
delete,362
StringDtype,362
Dict,361
interpolate,361
_ndarray,361
Affine2D,361
nothing,360
unsupported,360
requested,360
proxy,359
ensure_clean,359
wrap,358
tmp_path,358
PIL,358
sheet_name,358
things,357
trace,357
NOT,357
imported,357
generator,357
hello,357
TILDE,357
aspect,357
warn_copy_on_write,357
sort_index,357
push,356
Ensure,356
Length,356
ExtensionDtype,356
usecols,356
ambiguous,355
getvalue,355
setdefault,354
begin,354
updated,354
argparse,353
partition,353
extras,353
Line2D,353
automatically,352
plotting,352
Base,351
rstrip,351
preserve,350
hashes,350
cover,349
attrib,349
figsize,348
_file,347
background,347
better,346
arbitrary,346
creating,346
normalized,346
coerce,346
TypedDict,346
BLOCK,346
wait,345
pixels,345
is_list_like,345
look,344
dataclass,344
makes,343
skipped,343
associated,343
perform,343
txt,343
metrics,343
finder,342
average,342
divide,341
execute,341
dateutil,341
store_true,340
registry,340
abspath,340
suite,340
async,340
move,340
resolution,340
temporary,340
pdf,340
outfile,340
handled,339
errstate,339
NameExpr,339
ONE,338
Generic,337
Parse,337
policy,337
byteorder,337
Must,337
ufffe,337
ydata,337
artists,337
packaging,336
edgecolor,336
resource,335
UserWarning,335
epoch,335
future_stack,335
implicit,334
module_name,334
vars,334
First,334
overlap,334
_name,334
Decorator,334
formatting,333
slow,333
as_index,333
array_like,333
xdata,333
thing,332
made,332
plain,332
pragma,332
Styler,332
df3,332
expected_dtype,332
renderable,332
seen,331
mock,331
categorical,331
everything,330
down,330
Argument,330
handlers,330
box_expected,330
transformation,329
plugins,329
Console,329
iinfo,329
metavar,328
lhs,328
Float64,328
float16,328
ser2,328
opts,327
__module__,327
fileobj,327
win32,327
cumsum,327
really,325
__iter__,325
according,325
client,325
refs,325
_buffer,324
Table,324
greater,323
own,323
Generator,323
particular,323
seq,323
ExtendedContext,323
multiply,323
sysconfig,323
DatetimeTZDtype,323
__file__,322
verify,322
border,321
requests,321
schema,321
uint32,321
ffill,321
trailing,320
again,320
dump,320
minutes,320
Class,319
PeriodDtype,319
searchsorted,319
object_,319
assume,318
sample,318
SEPARATOR,318
rectangle,318
argsort,318
Matplotlib,318
possibly,317
structure,317
ncols,317
SQUARE,317
stride,317
imshow,317
aligned,316
tar,316
longer,315
effect,315
Other,315
specification,315
taken,315
Data,315
__hash__,315
render,315
transpose,315
container,314
tmp,314
Content,314
contextmanager,314
bounding,314
radius,314
algos,314
With,313
proto,313
errno,313
grouping,313
xmin,313
SyntaxError,312
machine,312
tools,312
checked,311
scripts,311
boxplot,311
chars,310
cached,309
bytearray,309
breaks,309
DEVICE,309
alignment,308
na_rep,308
bin,307
executed,307
though,307
return_type,307
coords,307
rep,307
rtol,307
members,306
includes,306
modify,306
mtransforms,306
However,305
site,305
speed,305
hist,305
verts,305
xmax,304
enough,303
SparseDtype,303
replaced,302
descriptor,302
Try,301
resolve,301
shutil,301
replacement,301
queue,301
inference,301
scipy,301
TimedeltaArray,301
triangles,301
Helper,300
frozen,299
pipe,299
is_integer,299
isdir,298
pathname,298
probably,298
adding,298
Distribution,298
circle,298
Item,298
LINE,298
comments,297
entire,297
arr2,297
savefig,297
related,296
neither,296
unsafe,296
pixel,296
strides,296
DataFrameGroupBy,296
tup,295
whose,295
annotation,295
endpoint,295
dimension,295
dataframe,295
tgt,295
duplicates,294
unused,294
getLogger,294
uniques,294
to_csv,294
sstruct,294
Should,293
alt,293
selection,293
UnpackType,293
new_index,292
assert_array_almost_equal,292
adjust,291
progress,291
NoDefault,291
Values,290
baseline,290
JSON,290
value_counts,290
read_excel,290
res2,290
bug,289
fileno,289
complex128,289
dummy,288
cos,288
remove_text,288
leading,287
maxsize,287
ABC,287
Input,287
various,286
give,286
compressed,286
tile,286
FuncDef,286
Using,285
splitlines,285
ratio,285
_path,285
ABCD,285
downcast,285
zorder,285
glyphSet,285
enabled,284
dependency,284
nonzero,284
together,284
__setattr__,284
recursive,283
NamedTuple,283
stable,283
margins,283
to_timedelta,283
is_scalar,283
add_newdoc,283
compiled,282
Call,282
treated,282
void,282
skipif,282
PeriodArray,282
complete,281
maps,281
abstract,281
_state,281
depending,281
overridden,281
drawn,281
storage,281
blk,281
max_rows,281
filters,280
set_xlim,280
properly,279
username,279
verbosity,279
Pattern,279
File,278
whole,278
loads,278
naive,278
page,278
namespaces,278
warns,278
_pa_array,278
quiet,277
won,277
varfont,277
loaded,276
native,276
choice,276
methodcaller,276
setuptools,276
HALF,276
_winapi,275
dirs,275
ABOVE,275
followed,274
identical,274
metaclass,274
NULL,274
CEDILLA,274
rect,274
notna,274
share,273
appear,273
dumps,273
fine,273
defaultdict,273
eps,273
Column,273
AAPL,273
urllib3,273
TypeVarType,273
construct,272
coordinate,272
expected2,272
NaNs,271
unexpected,271
NoneType,271
D_arr_0p5,271
wrapped,270
TypeAlias,270
allow_fill,270
spaces,269
latin,269
combine,269
emit,269
installation,269
grouper,269
to_frame,269
transData,269
pkg,268
Generate,268
ord,268
monkeypatch,268
unstack,268
backends,268
extract,267
ans,267
__setitem__,267
separated,267
settings,267
angles,267
include_dirs,267
aux,267
_log,266
__exit__,265
term,265
dataclasses,265
theta,265
UNDEFINED,265
check_figures_equal,265
processing,264
pull,264
transport,264
dispatch,264
square,264
expanding,264
pool,264
Protocol,263
Please,263
svg,263
unittest,263
textwrap,263
THREE,263
decoding_table,263
tslibs,263
_simple_new,263
dt1,263
ymin,263
MypyFile,263
margin,262
fix,262
rotation,262
fonttools,262
helper,261
problem,261
OrderedDict,261
iteration,261
START,261
THAI,261
string_series,261
_creso,261
nomask,261
glyf,261
starts,260
constraints,260
branch,260
delimiter,260
variance,260
Traceback,259
determined,259
x01,259
targets,259
dep,259
read_ext,259
Function,258
tarinfo,258
rounding,257
usually,257
Compute,257
separate,257
dim,257
roll,257
tz_convert,257
summary,256
defines,256
duplicated,256
master,256
cats,256
linestyle,256
ARG_POS,256
trigger,255
Used,255
depends,255
reduction,255
Option,255
area,255
ACCENT,255
date_format,255
dt2,255
yerr,255
faster,254
region,254
Pacific,254
pytz,254
facecolors,254
assign,253
quote,253
NOTE,253
produce,253
AST,253
get_option,253
THAN,253
netloc,253
polar,253
exe,252
Same,252
others,252
processed,252
middle,252
div,252
happen,251
much,251
quoted,251
aware,251
License,251
supertype,251
unchanged,250
glob,250
specifying,250
frac,250
TWO,250
failure,249
profile,249
Artist,249
get_indexer,249
to_json,249
set_ylim,249
usr,248
RuntimeWarning,248
Handle,248
users,248
decorators,248
behaviour,248
debugging,248
black,248
resize,248
bfill,248
start_mark,248
namedtuple,247
registered,247
four,247
Now,247
mapped,247
compress,247
cross,247
randint,247
Special,246
css,246
TTFont,246
mpl20,246
identity,245
represents,245
copied,245
edges,245
stacked,245
ymax,245
safeEval,245
let,244
trying,244
Passing,244
cut,244
New,244
consistent,244
assigned,244
individual,244
xFF,244
justify,244
Segment,244
ncu,244
general,243
static,243
mid,243
joined,243
mouse,243
tokenizer,243
AxisInt,243
Grouper,243
sharex,243
repl,242
readable,242
gives,242
blank,242
reserved,242
mro,242
fraction,242
zone,242
etree,242
_typing,242
na_values,242
result1,242
LINETO,242
relevant,241
Called,241
factory,241
cur,241
proc,241
to_replace,241
str_,241
get_figure,241
UninhabitedType,241
interactive,240
occurs,240
smaller,240
prevent,240
definitions,240
Collection,240
gen,240
clause,240
modname,239
active,239
third,239
project,239
T00,239
filesystem,238
larger,238
basic,238
Encoding,238
isfile,237
StopIteration,237
operators,237
indicating,237
nodeid,237
boundary,236
__enter__,236
device,236
gid,236
checker,236
_loop,236
fspath,235
builtin,235
But,235
tempfile,235
__len__,235
ready,235
callbacks,235
SPACE,235
suppress,234
tight,234
serialize,234
IntervalArray,234
Warning,233
Since,233
doing,233
opname,233
writeable,233
merger,233
started,232
remainder,232
await,232
cycle,232
fold,232
combined,232
const,232
python_version,232
quotes,231
fall,231
choices,231
variant,231
Command,231
week,231
track,231
message_registry,231
likely,230
__getattr__,230
rgb,230
broadcast,230
skew,230
BlockManager,230
recent,229
interpreted,229
imag,229
performance,229
datetime_frame,229
hex,228
microseconds,228
auth,228
corner,228
_cache,228
Microsoft,228
monotonic,227
matched,227
markup,227
egg,227
library_dirs,227
hatch,227
IntervalDtype,227
can_cast,227
assert_categorical_equal,227
gca,227
happens,226
comp,226
new_values,226
Europe,226
fut,226
cache_readonly,226
attempt,225
optimization,225
bool_t,225
is_subtype,225
backwards,224
enable,224
wraps,224
inverse,224
xsl,224
cursor,224
ticker,224
holidays,224
multiarray,224
skiprows,224
simply,223
Build,223
creation,223
overlapping,223
applymarker,223
copy_modified,223
Normalize,222
contained,222
Empty,222
addr,222
Scalar,222
DefaultTable,222
home,221
able,221
selected,221
argmax,221
InstallRequirement,221
instring,221
memo,220
little,220
temp,220
floor,220
rich,220
sorting,220
seed,220
read_json,220
ArrowExtensionArray,220
nlevels,220
na_position,220
specifies,219
expanded,219
Internal,219
Setting,219
inclusive,219
drawing,219
finfo,219
lvalues,219
to_html,219
_check_plot_works,219
did,218
nargs,218
having,218
aren,218
ver,218
timer,218
Day,218
transformed,218
Statement,218
semantic,218
caption,218
check_dtype,218
contiguous,217
indicates,217
returncode,217
Enum,217
dropped,217
lang,217
arc,217
tobytes,217
test1,217
wise,217
nanops,217
D_arr_like_0p5,217
OverflowError,216
disabled,216
macros,216
DateOffset,216
expected_index,216
edgecolors,216
glyphOrder,216
consider,215
alternative,215
gzip,215
encodings,215
terminal,215
ordinal,215
duration,215
polygon,215
dog,215
model,215
filepath_or_buffer,215
fully,214
Update,214
kwarg,214
extent,214
creates,214
suitable,214
Color,214
ceil,214
CARON,214
ujson,214
is_monotonic_increasing,214
previously,213
abcd,213
Copy,213
PathLike,213
flatten,213
xxx,213
HEBREW,213
lev,213
ax3,213
dark_skin_tone,213
light_skin_tone,213
addition,212
kinds,212
ReadBuffer,212
data_missing,212
tol,212
zdir,212
Non,211
xff,211
proper,211
parsers,211
Attributes,211
lexer,211
excinfo,211
conftest,211
qux,211
One,210
hide,210
external,210
further,210
terms,210
initialized,210
squeeze,210
SpecifierSet,210
extended,209
specifiers,209
signed,209
decoded,209
execution,209
_mode,209
Unix,209
decoder,209
decimals,209
get_visible,209
POINTING,209
uri,209
cid,209
ABCSeries,209
asi8,209
among,208
represent,208
writable,208
exc_type,208
x10,208
cells,208
syms,208
shouldn,207
They,207
higher,207
Date,207
distributions,207
sentinel,207
set_visible,207
DOT,207
lxml,207
_config,207
TypeType,207
CallExpr,207
problems,206
preserved,206
comma,206
Construct,206
microsecond,206
spacing,206
direct,206
cli,206
ANGLE,206
Element,206
argmin,206
rand,206
ends,205
Given,205
good,205
Raise,205
lengths,205
fragment,205
distance,205
NDFrame,205
ewm,205
prompt,204
lstrip,204
truncate,204
spawn,204
INFO,204
simple_index,204
follow,203
typically,203
endian,203
across,203
bitmap,203
lookups,203
Requirement,203
nopython,203
_docstring,203
exponent,202
tmpdir,202
Apply,202
dec,202
aggfunc,202
pa_dtype,202
Methods,201
threads,201
_fp,201
strftime,201
MINUS,201
get_position,201
to_period,201
sharey,201
expected_data,201
TypedDictType,201
care,200
didn,200
discard,200
Process,200
unlink,200
converting,200
DEBUG,200
startingMonth,200
to_string,200
typecodes,200
named_type,200
arg_type,200
CFF,200
axisTag,200
intended,199
Skip,199
deprecation,199
omitted,199
Additional,199
Run,199
world,199
yellow,199
parents,199
_grouper,199
res1,199
depr_msg,199
LiteralType,199
ModuleType,198
links,198
half,198
inst,198
beta,198
mtime,198
cookies,198
appname,198
nogil,198
tabular,198
pieces,197
dicts,197
working,197
Arabic,197
triangle,197
dat,197
deps,197
mapper,197
mat,197
described,196
accepted,196
functionality,196
computed,196
Lexer,196
arr1d,196
flavor,195
conditions,195
certain,195
owner,195
peek,195
pairwise,195
limit_area,195
NumpyExtensionArray,195
create_section_header,195
longdouble,195
Start,194
cwd,194
thus,194
converters,194
rawmode,194
cumprod,194
tz_naive_fixture,194
midx,194
dtype2,194
ax_ref,194
fscache,194
FeatureLibError,194
magic,193
had,193
restore,193
datetimes,193
prog,193
img,193
waiter,193
validator,193
using_array_manager,193
result_type,193
Overloaded,193
flavor_read_html,193
meaning,192
ordering,192
white,192
stamp,192
objs,192
_debug,192
formatters,192
group_keys,192
check_names,192
mdates,192
tokenize,191
follows,191
deleted,191
Determine,191
priority,191
_version,191
nbytes,191
choose,191
set_title,191
_os,190
hold,190
collect,190
saved,190
ranges,190
SSL,190
equiv,190
TEXT,190
rawdata,190
base_dir,190
indexers,190
going,189
immediately,189
bind,189
clone,189
repository,189
success,189
IndexLabel,189
DtypeObj,189
pivot,189
toolbar,189
occur,188
listed,188
inverted,188
excel,188
pyc,188
ClassDef,188
UnboundType,188
lost,187
describe,187
fast,187
outputs,187
State,187
bias,187
PARENTHESIS,187
TONOS,187
SOLIDUS,187
Dtype,187
to_excel,187
dayfirst,187
MOVETO,187
fvar,187
EOF,186
assumed,186
coroutine,186
fit,186
arg2,186
comparisons,186
reports,186
animation,186
CURLY,186
bars,186
mticker,186
ax_test,186
triggers,185
adds,185
indicate,185
encountered,185
free,185
windows,185
represented,185
places,185
nth,185
optionally,185
network,185
setitem,185
outline,185
NAME,185
versionchanged,185
aggregate,185
tab,184
shell,184
unsigned,184
boxes,184
constants,184
implements,184
subtract,184
shrink,184
arch,184
encoderinfo,184
nulls_fixture,184
factorize,184
na_action,184
corr,184
arr1,184
decompile,184
__qualname__,183
implementations,183
x02,183
runs,183
Parser,183
evaluate,183
Output,183
timezones,183
plots,183
openpyxl,183
Module,182
refer,182
completed,182
deepcopy,182
construction,182
linux,182
ParamSpec,182
candidates,182
FOUR,182
project_name,182
drop_duplicates,182
cycler,182
contours,182
from_error,182
incomplete,181
mismatch,181
prior,181
That,181
causes,181
equality,181
compared,181
intervals,181
displayed,181
counter,181
cfg,181
Foo,181
Asia,181
subtables,181
cur_token_location_,181
manually,180
kernel,180
Incompatible,180
making,180
rvalues,180
left_on,180
left_index,180
splitext,179
Group,179
vec,179
Size,179
inp,179
bytes_,179
subok,179
ngroups,179
colormaps,179
linewidths,179
OverloadedFuncDef,179
Zyyy,179
exec,178
zipfile,178
Fraction,178
raising,178
calculated,178
overrides,178
memoryview,178
utf8,178
chr,178
accepts,178
excluded,178
unpacked,178
transAxes,178
catch_warnings,177
canonical,177
x80,177
turn,177
opened,177
mailbox,177
hostname,177
Message,177
performed,177
bufsize,177
boundaries,177
PLUS,177
arcs,177
layers,177
rgba,177
_shared_docs,177
float_format,177
ndtype,177
nat,177
object_type,177
normpath,176
__add__,176
semantics,176
Could,176
samples,176
impl,176
May,176
nums,176
typing_extensions,176
Font,176
display_value,176
nameID,176
printing,175
few,175
Linux,175
uniform,175
_offset,175
layer,175
Patch,175
Draw,175
author,175
kerning,175
any_numeric_ea_dtype,175
WriteBuffer,175
NASDAQ,175
cpy,175
RefExpr,175
precedence,174
maybe,174
rendered,174
Failed,174
algorithms,174
leg,174
Appender,174
to_latex,174
data_columns,174
italic,174
mpatches,174
TypeVarTupleType,174
special_form,174
tested,173
Support,173
capture,173
daemon,173
indexed,173
__array__,173
complex64,173
tda,173
plus,172
notes,172
latex,172
collected,172
ISO,172
Level,172
grained,172
editable,172
get_xlim,172
notdef,172
Specifier,172
looks,171
broken,171
structured,171
changing,171
rotate,171
Mark,171
iterables,171
threshold,171
x86_64,171
argname,171
chunked,171
Tick,171
is_unique,171
right_index,171
pcolormesh,171
get_transform,171
NFFT,171
license,170
internally,170
notation,170
Equivalent,170
quoting,170
subs,170
nanoseconds,170
_curses,170
derived,169
__contains__,169
manifest,169
SHIFT,169
allclose,169
FilePath,169
price,169
exp_index,169
expected1,169
spines,169
ireq,169
asFea,169
Keyword,168
reported,168
constant,168
recursion,168
explanation,168
density,168
typed,168
constraint,168
res_values,168
ridx,168
indx,168
Enable,167
states,167
weakref,167
payload,167
pretty,167
base64,167
literals,167
download,167
x07,167
defs,167
idxmax,167
by_row,167
dt64,167
right_on,167
mlab,167
triangulation,167
hard,166
Private,166
digit,166
come,166
x04,166
Key,166
highlight,166
replacements,166
fixtures,166
diagonal,166
freqstr,166
get_text,166
get_window_extent,166
FunctionLike,166
ast3,166
toXML,166
important,165
failures,165
detect,165
building,165
bytecode,165
subject,165
_parser,165
x17,165
Character,165
Max,165
FRACTION,165
pkg_resources,165
pyi,165
appears,164
ensures,164
symbols,164
processes,164
flow,164
overwrite,164
Added,164
Modules,164
indirect,164
titles,164
destination,164
assertEqual,164
solid,164
sqlalchemy,164
pt1,164
fromXML,164
Split,163
opcode,163
x86,163
Here,163
Include,163
account,163
shifted,163
getting,163
thousands,163
ESCAPE,163
type_vars,163
pivot_table,163
usetex,163
stuff,162
CPython,162
defining,162
Currently,162
FROM,162
database,162
x12,162
x13,162
findall,162
rendering,162
_add_method,162
SHADE,162
Link,162
ymd,162
pandas_dtype,162
col3,162
deal,161
printed,161
occurred,161
app,161
Either,161
why,161
hashable,161
treat,161
arg1,161
Software,161
runner,161
max_width,161
SUPERSCRIPT,161
getrefcount,161
end_line,161
i32,161
infer_dtype,161
interval_range,161
exp_dtype,161
recons,161
xerr,161
ensure_clean_store,161
retries,161
systems,160
x03,160
guaranteed,160
FileNotFoundError,160
errmsg,160
FIXME,160
And,160
cancel,160
decorated,160
sup,160
simplify,160
token_type,160
defects,160
import_optional_dependency,160
StringDType,160
simpletag,160
shutdown,159
Object,159
transparency,159
microsoft,159
Popen,159
sent,159
win,159
x08,159
directive,159
CSS,159
Lookup,159
sdist,159
Fixture,159
getfixturevalue,159
to_pydatetime,159
backfill,159
to_timestamp,159
pens,159
axlim_clip,159
tableTag,159
proxies,158
add_option,158
TABULATION,158
zoom,158
GPOS,158
_NoValue,158
incorrect,157
finished,157
suffixes,157
bz2,157
Replace,157
href,157
cubic,157
rev,157
ACKNOWLEDGE,157
STROKE,157
ERROR,157
CompileError,157
newaxis,157
putmask,157
stubs,157
errorbar,157
interpd,157
MemberExpr,157
Request,156
acquire,156
theme,156
hooks,156
pow,156
PIPE,156
shadow,156
complexity,156
Sort,156
affect,156
identifiers,156
Library,156
buffered,156
filling,156
exc_value,156
FEED,156
HYPHEN,156
encoding_table,156
ISOLATED,156
asanyarray,156
lidx,156
ARG_STAR,156
varLib,156
Specify,155
Extension,155
phase,155
inherit,155
Filter,155
act,155
rtype,155
index_or_series,155
IndexSlice,155
to_sql,155
platformID,155
glyphID,155
export,154
x85,154
contexts,154
Ignore,154
x11,154
x14,154
declared,154
merged,154
months,154
VULGAR,154
TRANSMISSION,154
LOW,154
TypeAliasType,154
infer_string,154
using_cow,154
cmdoptions,154
RenderableType,154
ParamSpecType,154
self_type,154
however,153
Issue,153
posix,153
shapes,153
advance,153
resources,153
xpath,153
git,153
SeriesGroupBy,153
check_index_type,153
Constraint,153
scc,153
python3,152
catch,152
looking,152
Parameter,152
winreg,152
mappings,152
x16,152
x19,152
linesep,152
tarfile,152
scaling,152
Substitution,152
Rectangle,152
meshgrid,152
StyleType,152
TLineNo,152
ErrorCode,152
else_body,152
buffering,151
leave,151
Keep,151
copies,151
Calculate,151
User,151
closing,151
Infinity,151
therefore,151
amount,151
undefined,151
Central,151
increasing,151
incremental,151
shown,151
FULL,151
lab,151
idxmin,151
ArrayManager,151
read_xml,151
FontProperties,151
earlier,150
traverse,150
imp,150
cleanup,150
collector,150
iso,150
plist,150
output_filename,150
max_cols,150
original_type,150
APIs,149
__lt__,149
inline,149
Latin,149
BSD,149
index_names,149
cbar,149
axisTags,149
appended,148
become,148
generally,148
applies,148
prec,148
implementing,148
zlib,148
x18,148
pprint,148
_constructor,148
memory_usage,148
get_matrix,148
canonicalize_name,148
Ticket,148
produced,147
sense,147
Map,147
dataset,147
DST,147
x1b,147
Missing,147
blob,147
ZERO,147
OpenType,147
__finalize__,147
constrained,147
FillType,147
Pass,146
repeated,146
truncated,146
Need,146
finite,146
exits,146
optparse,146
server_hostname,146
cost,146
nonexistent,146
futures,146
_fullname,146
verify_integrity,146
Categories,146
register_option,146
pt2,146
_assert_func,146
pth,145
placed,145
calculate,145
From,145
respectively,145
grammar,145
marked,145
lazy,145
expects,145
curves,145
numexpr,145
Glyph,145
end_mark,145
GDEF,145
predicate,144
normally,144
scaled,144
convention,144
pending,144
suppressed,144
Word,144
NUMBER,144
QUESTION,144
CCompiler,144
models,144
ttf,144
light,144
BooleanArray,144
freqs,144
_transform,144
triang,144
SymbolTableNode,144
cff,144
GSUB,144
internals,143
STOP,143
__reduce__,143
passes,143
clean,143
kept,143
Valid,143
x06,143
pdb,143
todo,143
SSLContext,143
xyz,143
filelist,143
from_breaks,143
colorizer,143
appauthor,143
isCFF2,143
triggered,142
several,142
assumes,142
twice,142
After,142
arithmetic,142
__ne__,142
Match,142
ClassVar,142
_lock,142
charmap_encode,142
charmap_decode,142
runtime_library_dirs,142
worker,142
Tokyo,142
cmd_opts,142
getTableClass,142
produces,141
purpose,141
goes,141
Both,141
immutable,141
log10,141
Show,141
potentially,141
escaped,141
Flags,141
isfinite,141
buffers,141
connected,141
encoder,141
cancelled,141
DataFrames,141
multiindex_dataframe_random_data,141
allows_duplicate_labels,141
libalgos,141
xlim,141
add_patch,141
antialiased,141
numGlyphs,141
binder,141
KeyboardInterrupt,140
please,140
years,140
grp,140
Change,140
x15,140
matmul,140
lru_cache,140
separately,140
Gtk,140
nbins,140
is_object_dtype,140
TypeVarLikeType,140
platEncID,140
machinery,139
reached,139
variations,139
Then,139
bugs,139
nans,139
renamed,139
Reserved,139
pointer,139
Initialize,139
x05,139
affine,139
comparison_op,139
iNaT,139
pprint_thing,139
zeros_like,139
assert_cow_warning,139
na_object,139
releases,138
corresponds,138
Deprecated,138
_exp,138
separators,138
blocking,138
calendar,138
accumulate,138
browser,138
ident,138
EXCLAMATION,138
fillchar,138
new_data,138
nunique,138
ignore_na,138
Triangulation,138
config_settings,138
Token,137
Arguments,137
builds,137
prefixes,137
rem,137
padded,137
ctype,137
software,137
hidden,137
slices,137
Response,137
get_lines,137
defer,137
_parent,137
i16,137
ink,137
tseries,137
operated,137
is_integer_dtype,137
new_dtype,137
array_function_dispatch,137
arr_or_dtype,137
exp_idx,137
groupby_func,137
bpo,136
received,136
spam,136
__del__,136
denominator,136
Save,136
Licensed,136
delay,136
deque,136
Jan,136
applicable,136
tracer,136
radians,136
filtered,136
COMMA,136
TrueType,136
lut,136
DEC,136
ErrorMessage,136
umath,136
recursively,135
SystemExit,135
Second,135
resolved,135
dependent,135
Unable,135
globs,135
edit,135
MACRON,135
highlighter,135
skip_if_no,135
sem,135
string_storage,135
all_data,135
xlabel,135
mpltype,135
LineType,135
Latn,135
indentation,134
placement,134
latter,134
regardless,134
purposes,134
apple,134
Unsupported,134
funcs,134
dom,134
xFFFF,134
quarter,134
c16,134
ylabel,134
platformdirs,134
ensure_exists,134
SCC,134
any_type,134
Raised,133
logical,133
actions,133
filepath,133
sometimes,133
More,133
specs,133
signatures,133
Load,133
_check,133
Counter,133
mul,133
Shape,133
finalize_options,133
MEDIUM,133
explode,133
widget,133
read_hdf,133
get_level_values,133
check_stacklevel,133
Colormap,133
end_column,133
PlatformDirsABC,133
last_known_value,133
face,132
Allow,132
method_name,132
moved,132
dictionaries,132
yes,132
circular,132
Perform,132
heap,132
assertion,132
SELECT,132
desc,132
workers,132
approx,132
is_numeric_dtype,132
to_concat,132
IntegerArray,132
ylim,132
hspace,132
shading,132
_Validator,132
newlines,131
nor,131
away,131
taking,131
seems,131
comparing,131
Simple,131
_type,131
tri,131
LICENSE,131
AbstractMethodError,131
sorter,131
casted,131
PerformanceWarning,131
get_xticklabels,131
check_in_list,131
begintag,131
get_data,130
reasons,130
matter,130
accessor,130
combination,130
typename,130
walk,130
hit,130
caps,130
in_,130
medium,130
anchors,130
sec,130
streamreader,130
streamwriter,130
LESS,130
Comment,130
indexer_sl,130
_with_freq,130
TeX,130
next_token_,130
enc,129
channel,129
validation,129
MIME,129
max_length,129
frequencies,129
CodecInfo,129
file_info,129
GREATER,129
build_dir,129
is_bool_dtype,129
LaTeX,129
recarray,129
reduction_func,129
slider,129
get_ylim,129
to_rgba,129
linestyles,129
coll,129
ARG_STAR2,129
write_tag,129
Just,128
chosen,128
modes,128
latest,128
_sign,128
hand,128
_handle,128
asyncio,128
widgets,128
AnyStr,128
foobar,128
endtag,128
cache_dir,128
new_codes,128
avar,128
wght,128
mbase,128
division,127
Print,127
accessed,127
indicator,127
Avoid,127
addresses,127
Maximum,127
texts,127
mechanism,127
channels,127
inserted,127
extra_postargs,127
to_hdf,127
distro,127
prospective,127
TypeVarId,127
StrExpr,127
SymbolNode,127
itype,127
CFF2,127
glyphMap,127
listdir,126
colon,126
mix,126
dynamic,126
Signature,126
DATA,126
combinations,126
variants,126
blocksize,126
OUT,126
cert,126
FILE,126
loading,126
slicing,126
Formatter,126
incrementalencoder,126
incrementaldecoder,126
getregentry,126
Boolean,126
HDFStore,126
_get_axis_number,126
set_line,126
read_tag,126
ArgSig,126
cur_token_,126
anyway,125
__setstate__,125
becomes,125
slots,125
Ellipsis,125
sections,125
MutableMapping,125
yields,125
tzname,125
flattened,125
coord,125
eye,125
boilerplate,125
SQL,125
newer,125
vcs,125
asof,125
check_exact,125
same_kind,125
labelcolor,125
ParserElement,125
pad_to,125
ArgKind,125
__path__,124
quadratic,124
skipping,124
Does,124
silently,124
sleep,124
Connection,124
EQUAL,124
fobj,124
rsplit,124
amt,124
var_name,124
attr_name,124
reporter,124
getmask,124
topDict,124
converts,123
ways,123
Like,123
annotate,123
Checks,123
depend,123
responsible,123
copying,123
smallest,123
propagate,123
Apache,123
pct,123
Thread,123
Will,123
dots,123
notice,123
today,123
disk,123
six,123
STAT,123
pred,123
stem,123
level_codes,123
libindex,123
df_expected,123
mappable,123
MouseButton,123
make_simplified_union,123
fdef,123
Because,122
constructed,122
x7f,122
Store,122
removing,122
infinite,122
classname,122
Too,122
op1,122
dup,122
Similar,122
Fill,122
_get,122
initializer,122
initialize,122
declaration,122
get_path,122
IPython,122
Collector,122
toml,122
using_string_dtype,122
float_string_frame,122
hist_df,122
ConsoleOptions,122
glyphset,122
getopt,121
copyright,121
letters,121
fact,121
often,121
delim,121
_read,121
darwin,121
THE,121
x0b,121
Control,121
tied,121
trailer,121
unreachable,121
Unexpected,121
Namespace,121
uuid,121
is_bool,121
to_dict,121
convert_dates,121
val1,121
noverlap,121
older,120
differences,120
switch,120
evaluated,120
retain,120
getitem,120
script_name,120
x20,120
BREAK,120
mbc,120
Visual,120
blocker,120
Session,120
isclose,120
merge_asof,120
fill_method,120
inferred_type,120
BusinessHour,120
Hour,120
type_map,120
mpath,120
designspace,120
op_dtypes,120
__import__,119
importing,119
invoked,119
apache,119
expires,119
Header,119
finish,119
eggs,119
pick,119
design,119
redirect,119
DWORD,119
libmissing,119
ujson_dumps,119
xMin,119
EOFError,118
dotted,118
holds,118
x81,118
occurrence,118
cpython,118
country,118
subdirectory,118
macro,118
TestCase,118
CSV,118
linker,118
func_name,118
DistutilsOptionError,118
iterparse,118
corners,118
ufuncs,118
_axes,118
config_file,118
Instead,117
curdir,117
drive,117
getcwd,117
applying,117
recommended,117
structures,117
General,117
Integer,117
x1a,117
invert,117
nextchar,117
wheels,117
zinfo,117
x99,117
subtypes,117
histogram,117
ExceptionInfo,117
_ispytest,117
_test_decorators,117
kurt,117
to_offset,117
resampled,117
join_index,117
is_string_dtype,117
newbyteorder,117
serif,117
xfail_pyarrow,117
add_artist,117
rgbFace,117
tuple_fallback,117
do_opt,117
elsewhere,116
funcname,116
satisfy,116
ignore_errors,116
calculation,116
isolated,116
prev,116
repeats,116
ending,116
TestClass,116
analyzer,116
Dictionary,116
file_path,116
parseString,116
wintypes,116
_save,116
exif,116
typography,116
axis_name,116
vstack,116
offset2,116
pandasSQL,116
is_proper_subtype,116
assert_join,116
pt3,116
easy,115
onerror,115
limited,115
Attribute,115
mod_name,115
garbage,115
outcome,115
Reference,115
Fixed,115
allowance,115
descr,115
Mock,115
frame_data,115
pylint,115
ExcelWriter,115
index_label,115
Box,115
wspace,115
width_ratios,115
is_final,115
pathspec,114
__mul__,114
closest,114
calcsize,114
Basic,114
pts,114
incorrectly,114
infile,114
regions,114
Future,114
_append,114
_process,114
OutOfBoundsDatetime,114
new_mgr,114
Stata,114
expec,114
get_color,114
barh,114
figs,114
h_pad,114
axisLimits,114
detected,113
_int,113
assignments,113
macOS,113
dirpath,113
__match_args__,113
_exceptions,113
mmap,113
exprs,113
_key,113
plat_name,113
variation,113
backed,113
Resampling,113
casts,113
ABCDataFrame,113
nobs,113
fastparquet,113
dtype1,113
promote_types,113
expected_values,113
rc_context,113
QtWidgets,113
MouseEvent,113
TupleExpr,113
upon,112
__next__,112
GenericAlias,112
Author,112
ignoring,112
easier,112
ask,112
tzstr,112
x0f,112
providing,112
rowspan,112
thead,112
Requires,112
RING,112
pluginmanager,112
expected_type,112
cummax,112
nanosecond,112
NpyDatetimeUnit,112
offset_cases,112
_maybe_remove,112
ujson_loads,112
w_pad,112
glyphname,112
egg_info,112
AssignmentStmt,112
TTLibError,112
GlifLibError,112
tableDict,112
numerictypes,112
rpartition,111
GET,111
Queue,111
lnum,111
op2,111
Source,111
subsequent,111
Standard,111
assuming,111
milliseconds,111
Assume,111
consecutive,111
stylesheet,111
urlparse,111
ssl_context,111
tmp_filename,111
is_dir,111
SymbolTable,111
INDIC,111
POINTER,111
NDFrameT,111
yearfirst,111
get_facecolor,111
add_axes,111
toolmanager,111
yMax,111
type_context,111
normcase,110
captured,110
whatever,110
onto,110
consistency,110
TracebackType,110
wiki,110
numerator,110
preferred,110
multiprocessing,110
Import,110
book,110
generating,110
hints,110
bgcolor,110
WARNING,110
int_,110
obj2,110
LIGATURE,110
RECORD,110
NINE,110
age,110
pytestmark,110
MonthEnd,110
StorageOptions,110
BDay,110
numpy_dtype,110
xbox,110
cairo,110
Measurement,110
bytesjoin,110
busday_offset,110
index2,109
normalization,109
callables,109
__getattribute__,109
Multiple,109
recognized,109
__le__,109
__bool__,109
statistics,109
TextIO,109
tvar,109
_root,109
stdlib,109
Server,109
dialect,109
sort_keys,109
RPC,109
def_op,109
leaves,109
output_file,109
clipboard,109
reso,109
tight_layout,109
plotted,109
set_xlabel,109
height_ratios,109
gvar,109
unicodes,109
set_module,109
Line,108
prints,108
ArgumentParser,108
hack,108
meant,108
descriptors,108
consists,108
significant,108
extra_args,108
mutable,108
__getstate__,108
While,108
__ge__,108
correlation,108
strong,108
slightly,108
colspan,108
web,108
PATH,108
col_offset,108
README,108
ZipFile,108
overlaps,108
EIGHT,108
OGONEK,108
is_protocol,108
Paint,108
fixturedef,108
numpy_nullable,108
CoW,108
extract_array,108
swapaxes,108
FloatingArray,108
stata,108
slice_locs,108
ftype,108
gridspec,108
get_points,108
warn_external,108
positioning,108
radon,108
InstallationError,108
Reset,107
find_spec,107
Two,107
giving,107
docstrings,107
shallow,107
far,107
How,107
ever,107
digest,107
formal,107
Define,107
dialog,107
polygons,107
completely,107
fnmatch,107
SEMICOLON,107
Autogenerated,107
sqlite3,107
set_names,107
all_arithmetic_operators,107
cummin,107
BaseOffset,107
is_np_dtype,107
randn,107
groupings,107
pyarrow_dtype,107
format_type,107
toks,107
segmentType,107
redundant,106
symlink,106
refers,106
embedded,106
operate,106
safely,106
rounded,106
adjusted,106
Extended,106
almost,106
__gt__,106
differ,106
_size,106
Single,106
Description,106
percentiles,106
placeholder,106
_attrs,106
content_type,106
consume,106
gamma,106
maxlen,106
sheet,106
specifically,106
timestamps,106
test_name,106
aggregation,106
index_name,106
expected_columns,106
exp_data,106
_check_visible,106
constrained_layout,106
subplot_kw,106
cmsy10,106
_copy_docstring_and_deprecators,106
yMin,106
NormalizedName,106
decode_content,106
IndexExpr,106
IfStmt,106
callee_type,106
otRound,106
iterate,105
triple,105
Extract,105
shows,105
experimental,105
convenience,105
odd,105
Real,105
magnitude,105
Abstract,105
IPv6,105
Scope,105
fontname,105
decoding,105
_accept,105
Metadata,105
serialized,105
executor,105
PDF,105
ellipse,105
BaseExceptionGroup,105
melt,105
data1,105
tsframe,105
pie,105
anim,105
spinner,105
identify,104
variadic,104
_raise_error,104
population,104
America,104
byteswap,104
ellipsis,104
flexible,104
gcc,104
star,104
snap,104
COLON,104
initialize_options,104
BLACK,104
FIVE,104
SEVEN,104
run_command,104
mypyc,104
ligatures,104
untyped,104
bdate_range,104
get_dummies,104
ARCA,104
mouseevent,104
onselect,104
paint,104
abis,104
_key_cache,104
removal,103
pathsep,103
necessarily,103
folder,103
protocols,103
mkdir,103
Cache,103
strictly,103
InvalidOperation,103
Compare,103
computation,103
substitution,103
maxsplit,103
OpenSSL,103
UnicodeDecodeError,103
is_,103
NoReturn,103
binascii,103
tracker,103
Turtle,103
Move,103
Select,103
snapshot,103
date_str,103
breakpoint,103
max_len,103
Sparse,103
arg_name,103
templates,103
MIDDLE,103
SIX,103
plat,103
inches,103
if_exists,103
mgr_locs,103
detrend,103
draw_without_rendering,103
extra_attrs,103
No_Block,103
Yield,102
consumed,102
referenced,102
Drop,102
__sub__,102
transparent,102
retry,102
passwd,102
ftp,102
transition,102
x1f,102
aaa,102
branches,102
SHORT,102
extra_preargs,102
package_dir,102
hookimpl,102
iat,102
IncompatibleFrequency,102
issubdtype,102
MSFT,102
val2,102
freq_depr,102
expected_rows,102
xtick,102
orig_handle,102
partial_fallback,102
lit1,102
assert_warns,102
guess,101
tries,101
Time,101
rfind,101
x1e,101
_markers,101
packed,101
required_keys,101
locked,101
quotechar,101
root_dir,101
chained,101
UNIT,101
Retry,101
abi,101
Layout,101
Min,101
na_option,101
unstacked,101
_dtype,101
trades,101
atleast_1d,101
warn_msg,101
assert_sp_array_equal,101
iris,101
mlines,101
mathtext,101
backend_bases,101
TempNode,101
tableClass,101
dataList,101
assert_raises_regex,101
parse_args,100
detail,100
lowercase,100
slash,100
reporting,100
efficient,100
band,100
controls,100
answer,100
__radd__,100
getter,100
seekable,100
overriding,100
class_name,100
gap,100
views,100
tkinter,100
vertex,100
fromfile,100
Variable,100
get_config_var,100
Hello,100
Columns,100
x64,100
ImagePalette,100
tz_aware_fixture,100
fastpath,100
markevery,100
numticks,100
Pos,100
BaseDistribution,100
coveragepy,100
ValueRecord,100
langID,100
whenever,99
pure,99
Always,99
wrapping,99
POSIX,99
concrete,99
Override,99
whence,99
_index,99
Take,99
multipart,99
_dispatch,99
generation,99
dashes,99
readwrite,99
Unpack,99
DEGREE,99
RETURN,99
GUI,99
prerelease,99
fixer_base,99
dirty,99
Fortran,99
addoption,99
__tracebackhide__,99
BlockPlacement,99
idx3,99
index_cls,99
bboxes,99
tuple_type,99
What,98
successful,98
behave,98
bare,98
ANY,98
x0c,98
recurse,98
extracted,98
modifier,98
net,98
Distutils,98
PERCENT,98
installer,98
ASTERISK,98
build_temp,98
deserialize,98
ExceptionGroup,98
datetimelike,98
midrule,98
is_float_dtype,98
left_type,98
data_file,98
gallery,98
pgf,98
IdentityTransform,98
JsonDict,98
remote,97
STRING,97
throw,97
Local,97
Close,97
TextIOWrapper,97
filtering,97
conjugate,97
Register,97
Thus,97
composite,97
AbstractSet,97
_closed,97
Greek,97
DELETE,97
errorTab,97
SOFT,97
_base,97
MSVC,97
masks,97
resolver,97
descent,97
ifd,97
stash,97
longrepr,97
roperator,97
GroupBy,97
to_numeric,97
intersect,97
multi_index,97
LineCollection,97
conn_name,97
_translate,97
theta1,97
layoutgrids,97
read_bool,97
read_str,97
parent_error,97
expr_checker,97
moveTo,97
VarStore,97
classDefs,97
LookupList,97
argpartition,97
indents,96
expanduser,96
Unlike,96
Consider,96
Bad,96
pwd,96
comes,96
successfully,96
indicated,96
_pos,96
Validate,96
x1c,96
trivial,96
heading,96
fun,96
unicodedata,96
uname,96
qname,96
REVERSE,96
violations,96
src_dir,96
fromstring,96
xsize,96
opentype,96
__array_ufunc__,96
to_stata,96
Pandas,96
Freq,96
result_index,96
is_monotonic_decreasing,96
mammal,96
start_date,96
dense,96
halflife,96
MergeError,96
_codes,96
colspecs,96
KORD,96
art3d,96
vsindex,96
Look,95
remain,95
allowing,95
Functions,95
unwrap,95
supply,95
alive,95
reduced,95
_convert_other,95
numerical,95
reuse,95
detailed,95
singleton,95
x1d,95
mostly,95
binding,95
ttype,95
modifiers,95
option_string,95
user_options,95
INITIAL,95
stroke,95
_text,95
CET,95
is_float,95
gender,95
lval,95
histtype,95
CharStrings,95
same_color,95
xMax,95
mocker,95
rvalue_type,95
anyt,95
tostr,95
Whitespace,94
_bootstrap,94
__get__,94
connections,94
_encoding,94
callers,94
Rights,94
TLS,94
determines,94
Event,94
argtypes,94
tbody,94
ElementTree,94
fork,94
first_line,94
APOSTROPHE,94
pypi,94
UNKNOWN,94
ld_args,94
install_lib,94
install_dir,94
fileName,94
font_size,94
OrderedSet,94
window_size,94
single_cpu,94
cax,94
mathdefault,94
axes_class,94
xycoords,94
mtri,94
comes_from,94
charStrings,94
varStore,94
UFO,94
is_cur_keyword_,94
nlanes,94
Clear,93
initialization,93
stripped,93
x90,93
x82,93
isdigit,93
__class_getitem__,93
largest,93
figures,93
DEFAULT,93
__delitem__,93
glibc,93
hypot,93
precise,93
start_time,93
poly,93
elt,93
doctype,93
bodies,93
DOLLAR,93
AMPERSAND,93
EQUALS,93
Label,93
teardown,93
_binary,93
Imaging,93
purple,93
find_common_type,93
sp_values,93
delim_whitespace,93
res3,93
is_visible,93
masked_where,93
spine,93
endPath,93
Deva,93
helpers,92
backslash,92
symlinks,92
obtained,92
unable,92
early,92
hence,92
_cmp,92
adj,92
illegal,92
Arab,92
learn,92
data2,92
crash,92
likes,92
PyPy,92
party,92
Decoding,92
disp,92
clipped,92
DistutilsExecError,92
vert,92
_Tile,92
blend,92
__array_interface__,92
nullable,92
NAs,92
corrwith,92
bird,92
needs_i8_conversion,92
surface,92
weekmask,92
ser1,92
gettz,92
column_stack,92
fill_type,92
PolyCollection,92
hfill,92
_prereleases,92
Fredrik,91
Lundh,91
percent,91
highest,91
keeps,91
__annotations__,91
potential,91
Result,91
End,91
wikipedia,91
computing,91
Disable,91
hashlib,91
Environment,91
Combine,91
tvars,91
covariant,91
documented,91
Provides,91
vectors,91
unquote,91
_sock,91
_start,91
arcname,91
_release,91
get_platform,91
wide,91
abcde,91
new_name,91
footer,91
monkey,91
QtCore,91
canonical_name,91
limit_direction,91
jit,91
falcon,91
lexsort,91
xlsx,91
path_or_buf,91
min_itemsize,91
GOOG,91
str_type,91
fill_val,91
ticklabels,91
xticks,91
font_manager,91
SVG,91
contourf,91
callable_name,91
is_property,91
proper_type,91
is_lvalue,91
lvalue_type,91
nulp,91
symbolic,90
newly,90
insensitive,90
compact,90
Marker,90
usable,90
inconsistent,90
concatenation,90
maintain,90
mac,90
fresh,90
updating,90
saving,90
simplified,90
UUID,90
arg0,90
DistutilsPlatformError,90
buttons,90
E501,90
MovedAttribute,90
droplevel,90
pct_change,90
construct_array_type,90
Quantity,90
SubclassedDataFrame,90
geom_df,90
theta2,90
Sans,90
ParseResults,90
pylock,90
type_guard,90
read_int,90
textTools,90
glyphObject,90
sfx,90
replaces,89
reads,89
hint,89
Most,89
exclusive,89
Regular,89
VERBOSE,89
lead,89
ini,89
nominal,89
sized,89
replacing,89
guide,89
prepend,89
framework,89
optionflags,89
floordiv,89
IDLE,89
_local,89
ALEF,89
x00a0,89
COMMERCIAL,89
label1,89
build_py,89
kern,89
male,89
base_type,89
dark,89
broadcasting,89
empty_like,89
animal,89
ABCIndex,89
arctan2,89
yaml,89
assert_offset_equal,89
date2num,89
ft2font,89
_renderer,89
set_aspect,89
renderables,89
_dummy,89
BuildSource,89
vdata_a,89
substitutions,88
Float,88
x87,88
IntEnum,88
rmtree,88
caused,88
implied,88
ignores,88
isinf,88
excluding,88
unary,88
URLs,88
audio,88
chdir,88
__origin__,88
Open,88
debugger,88
option_strings,88
Secret,88
Labs,88
graphics,88
configure,88
py_version,88
osname,88
_config_vars,88
INVERTED,88
spec_set,88
_open,88
_children,88
HeaderParseError,88
id1,88
smooth,88
TestReport,88
read_stata,88
_selected_obj,88
from_records,88
Nano,88
ParserError,88
vendored,88
result3,88
CLOSEPOLY,88
current_type,88
tvar_def,88
Hani,88
IS_WASM,88
minimal,87
simplefilter,87
x88,87
Verify,87
chmod,87
unset,87
obtain,87
uid,87
Send,87
UnicodeEncodeError,87
Method,87
Back,87
instantiated,87
kw_only,87
pages,87
BinaryIO,87
Google,87
temporarily,87
Excel,87
chaining,87
SUBSTITUTE,87
from_dict,87
peak,87
_epoch,87
authkey,87
_decorators,87
td64,87
ndarrays,87
decreasing,87
slc,87
from_codes,87
rrule,87
sp_index,87
xrot,87
msg2,87
expected_msg,87
FFT,87
getGlyphOrder,87
array2string,87
object_path,87
UFOLibError,87
Ethiopic,87
decide,86
caught,86
writes,86
GNU,86
originally,86
x89,86
x91,86
x94,86
x83,86
x95,86
effects,86
ABCMeta,86
varargs,86
argnames,86
Syntax,86
cumulative,86
emitted,86
IGNORECASE,86
conflicts,86
Required,86
tex,86
score,86
parametrized,86
rate,86
physical,86
Package,86
TypeGuard,86
Got,86
_sslobj,86
urls,86
Without,86
vary,86
modifying,86
scales,86
pypa,86
key1,86
installing,86
label2,86
obj_type,86
restype,86
_Operand,86
inds,86
array_equivalent,86
_has_no_reference,86
Plot,86
expected_codes,86
foo2,86
ts2,86
set_ylabel,86
CURVE3,86
xys,86
ytick,86
lineTo,86
attempts,85
portion,85
Code,85
coro,85
expansion,85
implies,85
independent,85
human,85
x97,85
x98,85
x93,85
Provide,85
_thread,85
caching,85
localhost,85
accessing,85
updates,85
signals,85
respect,85
msvcrt,85
unnecessary,85
modification,85
slope,85
nice,85
ccc,85
sockets,85
Install,85
Force,85
rely,85
ljust,85
tasks,85
History,85
GROUP,85
Regex,85
atom,85
Calls,85
URI,85
PNG,85
x00ab,85
x00b0,85
x00b7,85
constructing,85
InvalidIndexError,85
fsspec,85
new_categories,85
test_frame1,85
Bezier,85
ismath,85
useblit,85
_specs,85
PartialType,85
module_id,85
isabs,84
opcodes,84
virtual,84
terminated,84
minus,84
x92,84
Constant,84
_io,84
presence,84
quite,84
Minimum,84
commit,84
google,84
u03b9,84
platlib,84
upgrade,84
realm,84
mkpath,84
spans,84
curses,84
_ctx,84
value_type,84
inferred_dtype,84
labeled,84
ensure_index,84
arraylike,84
set_printoptions,84
new_levels,84
GridSpec,84
axes_num,84
bbox_inches,84
set_transform,84
shade,84
count_nonzero,84
ModuleNotFoundReason,84
glyfTable,84
AxisError,84
find_module,83
x96,83
x84,83
Creates,83
_sys,83
avoids,83
Converts,83
gids,83
underscore,83
quantiles,83
spectrum,83
Count,83
ZIP,83
overloads,83
differently,83
type_,83
makedirs,83
Apple,83
FloatingPointError,83
loops,83
schemes,83
increment,83
FINAL,83
x00bb,83
x00f7,83
primary,83
HANDLE,83
spline,83
read_sql_table,83
matrices,83
pydata,83
parquet,83
sparse_index,83
result_dtype,83
_pre,83
num_colors,83
bygroups,83
StarExpr,83
subtype_context,83
module_public,83
init_type,83
closePath,83
FeatureList,83
partially,82
bools,82
introduced,82
UnicodeError,82
haven,82
opening,82
correspond,82
keeping,82
unlike,82
unspecified,82
preserves,82
waiting,82
solution,82
Delete,82
expensive,82
containers,82
Implements,82
enforced,82
certificate,82
rot,82
bsd,82
indexable,82
John,82
allocate,82
_code,82
ALPHA,82
Title,82
uint,82
findfont,82
module_path,82
RaisesGroup,82
QuarterEnd,82
toprule,82
max_columns,82
strict_nan,82
_BaseVersion,82
Region,82
Anchor,82
metadata_directory,82
nth_coord,82
Opts,82
type_is,82
unpack_index,82
class_info,82
addPoint,82
clongdouble,82
fixes,81
enter,81
plural,81
Errors,81
intermediate,81
infinity,81
eof,81
generators,81
atexit,81
x0e,81
automatic,81
capturing,81
Merge,81
rel,81
narrowed,81
deferred,81
redistribution,81
destroy,81
pink,81
Names,81
dims,81
dash,81
_paths,81
EPSILON,81
x00ac,81
x00b1,81
CANCEL,81
interp,81
paste,81
ligature,81
pytree,81
Mask,81
gitignore,81
infer_objects,81
Parrot,81
lvals,81
rename_axis,81
ensure_platform_int,81
sparsify,81
upcast,81
mult,81
mi_styler,81
_preprocess_data,81
DejaVu,81
kwdoc,81
linthresh,81
expect_end_tag,81
read_loc,81
expect_symbol_,81
einsum_path,81
memmap,81
entirely,80
printable,80
live,80
nonlocal,80
Let,80
raiseit,80
affected,80
Complex,80
fractional,80
Mac,80
instantiate,80
percentile,80
pointing,80
xa0,80
new_type,80
Inc,80
covered,80
Handler,80
_post,80
SUPPRESS,80
meet,80
Adobe,80
Script,80
ORDINAL,80
INDICATOR,80
BELL,80
Week,80
set_data,80
image1,80
setup_method,80
tmpfile,80
pyproject,80
DtypeBackend,80
ExcelFile,80
take_nd,80
user_guide,80
corrcoef,80
sortorder,80
skipfooter,80
raises_chained_assignment_error,80
may_share_memory,80
sorted_df,80
kde,80
_path_or_buf,80
tick_values,80
Legend,80
Gcf,80
guiEvent,80
Clause,80
ListExpr,80
setParseAction,80
VarIndexBase,80
vecdot,80
Usage,79
attached,79
__init_subclass__,79
getpid,79
rational,79
behaves,79
dll,79
check_call,79
poll,79
discrete,79
supporting,79
exposed,79
subscript,79
Leaf,79
exec_prefix,79
authentication,79
conflict,79
_write,79
HTTPError,79
HEAD,79
elapsed,79
architecture,79
omit,79
x22,79
measured,79
cont,79
key2,79
x00f3,79
x00bd,79
x00b2,79
delegate,79
line_type,79
severity,79
namespaceURI,79
fixer,79
id2,79
bands,79
frombuffer,79
ImageFont,79
usefixtures,79
col_space,79
_fill_value,79
mi2,79
_dev,79
expected_df,79
dts,79
sqlite_buildin,79
underline,79
vcenter,79
copyto,79
DataDrivenTestCase,79
layerName,79
suppress_warnings,79
compliant,78
f_code,78
Frame,78
routine,78
fetch,78
Uses,78
modulo,78
icon,78
PSF,78
certfile,78
fancy,78
new_args,78
think,78
licenses,78
x00bc,78
BACKSPACE,78
CARRIAGE,78
x21,78
x26,78
majorVersion,78
table_name,78
typeshed,78
set_option,78
join_type,78
Falcon,78
set_axis,78
longtable,78
out_dtype,78
dull,78
InvalidVersion,78
sctypes,78
xml_books,78
suptitle,78
charstring,78
button_press_event,78
raw_name,78
is_type_obj,78
infer_constraints,78
assert_meet,78
otBase,78
vdata_b,78
ulen,78
realpath,77
located,77
pickling,77
guarantee,77
preamble,77
__dir__,77
varkw,77
retrieve,77
MRO,77
permission,77
opener,77
invoke,77
Contributor,77
check_output,77
Iterate,77
pep,77
ALL,77
SOFTWARE,77
Total,77
x7F,77
outcomes,77
keyfile,77
piece,77
Report,77
stretch,77
trim,77
booleans,77
rst,77
subdir,77
LINK,77
cached_property,77
purelib,77
get_value,77
IOTA,77
UPSILON,77
SIGMA,77
x00a3,77
x00fa,77
x00c9,77
x00dc,77
x00df,77
x00e9,77
DIVISION,77
x00fc,77
HEADING,77
ENQUIRY,77
NEGATIVE,77
SYNCHRONOUS,77
WINDOWS,77
announce,77
RPM,77
use_builtin_types,77
has_default,77
xref,77
Datetime,77
Sheet1,77
date_unit,77
coerce_float,77
xlrd,77
IntIndex,77
parse_version,77
_check_roundtrip,77
PathPatch,77
rotate_deg,77
mtext,77
geomspace,77
horizontalalignment,77
fontproperties,77
read_int_bare,77
subrs,77
kth,77
import_module,76
hierarchy,76
approach,76
stack_before,76
stack_after,76
implicitly,76
latin1,76
ann,76
follow_symlinks,76
guard,76
isatty,76
tricky,76
conversions,76
javascript,76
decompress,76
qualified,76
storing,76
calculations,76
grey,76
__args__,76
past,76
truediv,76
NewType,76
cmp,76
differs,76
_width,76
Found,76
criteria,76
weighted,76
HTTPResponse,76
UPPER,76
OMEGA,76
x30,76
coroutines,76
Point,76
dist_dir,76
Feature,76
ysize,76
holiday,76
crosstab,76
read_fwf,76
df4,76
nextafter,76
intensity,76
_check_colors,76
s3so,76
backend_tools,76
validate_bool,76
frameon,76
loca,76
CoreFoundation,76
typeops,76
END_TAG,76
fx_co,76
charString,76
hmtx,76
addComponent,76
HAS_REFCOUNT,76
st_mode,75
IDs,75
_filename,75
Where,75
Supported,75
themselves,75
rotated,75
holding,75
Lock,75
Fast,75
regression,75
history,75
keyed,75
bio,75
servers,75
swapped,75
configured,75
Days,75
is_class,75
quad,75
fonttype,75
Starting,75
urlopen,75
is_async,75
sizeof,75
x09,75
COPYRIGHT,75
x00e1,75
x00ed,75
x00a4,75
x00b5,75
x00c7,75
x00e2,75
x00f4,75
x29,75
parse_float,75
export_symbols,75
linking,75
build_lib,75
bdist,75
Symbols,75
Frequency,75
mergesort,75
nan_rep,75
arr2d,75
ones_like,75
get_xdata,75
ax4,75
inset,75
verticalalignment,75
lookup_qualified,75
fnam,75
getGlyphID,75
Yields,74
finding,74
devnull,74
translated,74
junk,74
executing,74
whereas,74
respective,74
uppercase,74
deviation,74
alternate,74
format_spec,74
Agreement,74
kill,74
enclosing,74
recv,74
zones,74
utcoffset,74
Old,74
_indent,74
truth,74
Extra,74
Concatenate,74
Cast,74
IPv4,74
tok,74
coding,74
Next,74
gnu,74
POST,74
credentials,74
subpath,74
exist_ok,74
setName,74
get_name,74
x00e7,74
BAR,74
interchange,74
hinting,74
visibility,74
convert_path,74
female,74
tzoffset,74
im_frame,74
ihook,74
read_sql_query,74
num_rows,74
is_platform_windows,74
ENDIAN,74
emoji,74
set_yscale,74
fontset,74
bbox_to_anchor,74
draw_idle,74
offsetText,74
MyArray,74
is_func_scope,74
type_args,74
formatVersion,74
assert_deprecated,74
importer,73
wants,73
stops,73
co_filename,73
beyond,73
seem,73
Therefore,73
stores,73
_warn,73
expressed,73
multiline,73
sans,73
Integral,73
failing,73
terminator,73
cycles,73
Mon,73
appending,73
occurrences,73
Buffer,73
type_name,73
x0001,73
analyze,73
SimpleNamespace,73
orange,73
pcolor,73
leaf,73
feed,73
x23,73
read_text,73
x00a2,73
x00c4,73
x00d6,73
x00e0,73
x00e4,73
x00e8,73
x00ea,73
x00eb,73
x00f6,73
mesh,73
dfs,73
childNodes,73
swap,73
c_void_p,73
Width,73
flip,73
clipping,73
TOMLDecodeError,73
indexer_sli,73
CompressionOptions,73
rollback,73
elementwise,73
StringArray,73
get_handle,73
ptp,73
hstack,73
dti2,73
index1,73
df0,73
WeekDay,73
mpl_toolkits,73
_static,73
borderpad,73
ydescent,73
MarkerStyle,73
_Backend,73
requires_python,73
Candidate,73
rev_options,73
azim,73
PlaceholderNode,73
type_var,73
FeatureVariations,73
SubTable,73
expect_keyword_,73
umt,73
Display,72
yielded,72
anymore,72
forms,72
comps,72
Stop,72
new_path,72
instructions,72
Another,72
retrieved,72
identified,72
getenv,72
cygwin,72
fewer,72
_dec_from_triple,72
_is_special,72
designed,72
__truediv__,72
selectors,72
Record,72
January,72
_bootstrap_external,72
raw_data,72
x1F,72
narrowing,72
wish,72
invocation,72
managers,72
adjacent,72
evaluation,72
triangular,72
is_file,72
JPEG,72
Locator,72
DIALYTIKA,72
invalidate,72
package_name,72
Padding,72
DistutilsError,72
get_finalized_command,72
value1,72
_obj,72
shiny,72
type_params,72
F401,72
Pillow,72
Plugin,72
spaced,72
bottomrule,72
select_dtypes,72
_engine,72
BaseMaskedArray,72
iget,72
class_obj,72
pidx,72
SubclassedSeries,72
make_union,72
test_data,72
rng2,72
tiny,72
dashed,72
get_subplotspec,72
table_styles,72
ParseException,72
pan,72
opinion,72
FunctionSig,72
BuildManager,72
PaintFormat,72
subHeader,72
chararray,72
sctype,72
tabs,71
RecursionError,71
relpath,71
fsdecode,71
leaving,71
shortcut,71
describing,71
Stack,71
five,71
finalize,71
Created,71
UnsupportedOperation,71
hasn,71
measure,71
falls,71
source_address,71
MISSING,71
localize,71
joe,71
retval,71
xscale,71
mentioned,71
shuffle,71
narrow,71
mainly,71
conflicting,71
declarations,71
manual,71
Bar,71
SYMBOL,71
PHI,71
x00a1,71
x00f1,71
x00d1,71
x00bf,71
x00ad,71
x00ee,71
x00f9,71
x00fb,71
x25,71
x27,71
comprehension,71
DistutilsSetupError,71
value2,71
driver,71
_marker,71
psd,71
AAA,71
version_str,71
max_speed,71
relativedelta,71
getmaskarray,71
odf,71
nanos,71
Casting,71
roll_func,71
secondary_y,71
date_parser,71
on_bad_lines,71
CURVE4,71
xdescent,71
_writeln,71
elev,71
get_mark,71
no_wrap,71
VALID_TYPE,71
file_node,71
named_generic_type,71
_multiarray_tests,71
concatenated,70
__spec__,70
succeed,70
dis,70
descriptions,70
ELLIPSIS,70
markobject,70
remains,70
readlines,70
readthedocs,70
multiplication,70
quantity,70
sensitive,70
secure,70
prepare,70
Strip,70
Warn,70
_mapping,70
yscale,70
Changed,70
superclass,70
prune,70
trip,70
Matches,70
set_position,70
POUND,70
x00a7,70
assertTrue,70
Cancel,70
capital,70
crop,70
PyCMSError,70
_tw,70
Float32,70
read_sas,70
random_state,70
broadcast_to,70
arrs,70
_repr_html_,70
left_indexer,70
Minute,70
exp2,70
exp_values,70
heights,70
glyph_name,70
baseline_images,70
click_and_drag,70
xdata_new,70
xdiff,70
_TypeAlias,70
unanalyzed_type,70
globalSubrs,70
staticSize,70
instanceObject,70
intrin,70
longest,69
Loader,69
pseudo,69
utility,69
mutated,69
usual,69
overloaded,69
tempdir,69
SMTP,69
LookupError,69
__rmul__,69
semi,69
lzma,69
soon,69
sigma,69
say,69
mutually,69
Container,69
shorter,69
wildcard,69
unix,69
moves,69
shlex,69
merging,69
PATTERN,69
entities,69
Cookie,69
completion,69
Testing,69
ascii_letters,69
Infer,69
x40,69
OptionError,69
Supplement,69
x00aa,69
x00ba,69
x00c5,69
x00c6,69
x00d3,69
x00e5,69
x00e6,69
x00ef,69
x24,69
x28,69
degree,69
systemId,69
subscripts,69
PostScript,69
CMYK,69
COLR,69
_shared_doc_kwargs,69
slobj,69
markdown,69
win_type,69
new_names,69
is_dtype_equal,69
pa_array,69
not_equal,69
ngroup,69
re2,69
rects,69
ZZZ,69
OneOrMore,69
linalg,69
quiver,69
fontdict,69
masters,69
OpExpr,69
FuncItem,69
is_classmethod,69
formal_to_actual,69
advance_lexer_,69
Kana,69
writeonly,69
conditional,68
LONG,68
perhaps,68
mutate,68
operating,68
logical_or,68
sts,68
turns,68
covariance,68
mutating,68
weeks,68
overwritten,68
CRLF,68
Suppress,68
checkers,68
__cause__,68
hexbin,68
zoneinfo,68
Render,68
_invalid,68
Breakpoint,68
x00a6,68
SECTION,68
x32,68
xF6,68
xF7,68
easy_install,68
mit,68
Timeout,68
ctrl,68
TypeVarTuple,68
gray,68
new_line,68
item_type,68
NaTType,68
read_sql,68
PYPY,68
rvals,68
_get_axis,68
test_frame,68
deg2rad,68
dtstart,68
data_for_grouping,68
_check_axes_shape,68
gmap,68
JoinStyle,68
arrowstyle,68
Fourier,68
savefig_kwarg,68
PreparedRequest,68
TypeVarExpr,68
userLocation,68
Execute,67
front,67
resource_name,67
situations,67
unavailable,67
lot,67
Explicit,67
__set__,67
Classes,67
rewrite,67
Setup,67
Dummy,67
bat,67
xbb,67
xb0,67
Location,67
Forward,67
_hash,67
forced,67
popen,67
receive,67
x34,67
concurrent,67
_protocol,67
targetpath,67
x31,67
TXT,67
_left,67
MICRO,67
standalone,67
x00a8,67
x00b3,67
x00c1,67
x00c2,67
x00cd,67
x00d4,67
x00d7,67
x00d8,67
x00da,67
x00f8,67
standardMsg,67
regenerated,67
vcvarsall,67
skip_build,67
source_dir,67
xmlns,67
readonly_keys,67
gradient,67
to_xml,67
YearEnd,67
string_dtype,67
AnyArrayLike,67
DtypeArg,67
default_index,67
London,67
to_series,67
union_categoricals,67
construct_from_string,67
__array_function__,67
test_basic,67
compat_args,67
bah,67
td1,67
test_series,67
keep_default_na,67
convert_axes,67
skip_pyarrow,67
tick_params,67
set_figure,67
MatplotlibDeprecationWarning,67
markersize,67
get_tightbbox,67
maxp,67
RenderResult,67
Graph,67
alias_tvars,67
unpack2,67
maxValue,67
VarData,67
lookup_indices,67
islink,66
NEWLINE,66
Join,66
roundtrip,66
although,66
documents,66
pickled,66
terminate,66
get_obj,66
effectively,66
Implementation,66
Interface,66
accordingly,66
Collect,66
prevents,66
__or__,66
distributed,66
easily,66
Monday,66
interesting,66
distinguish,66
Exclude,66
searched,66
interpret,66
x0004,66
date_time,66
criterion,66
acceptable,66
build_ext,66
rjust,66
_dedent,66
revision,66
xA0,66
inc,66
op_result,66
x00f2,66
x0002,66
u2028,66
u2029,66
watcher,66
VALUE,66
hierarchical,66
DOM,66
deg,66
get_group,66
col0,66
_transport,66
image2,66
getdata,66
compression_only,66
float_numpy_dtype,66
any_real_numpy_dtype,66
_wrap_result,66
_constructor_from_mgr,66
is_dict_like,66
observations,66
combine_first,66
extract_numpy,66
array_equal,66
is_dtype,66
expected3,66
fig2,66
_matplotlib,66
lims,66
autoscaling,66
cmr10,66
markeredgecolor,66
arrowprops,66
add_collection,66
dataLim,66
masked_equal,66
assert_array_almost_equal_nulp,66
direct_url,66
target_type,66
ControlType,66
typeddict_type,66
FuncBase,66
make_trigger,66
SUPERTYPE_OF,66
glyphNames,66
op_axes,66
data_a,66
submodule_search_locations,65
linecache,65
distinct,65
says,65
alternates,65
optimized,65
towards,65
Written,65
neg,65
posixpath,65
communicate,65
valued,65
controlled,65
Subclasses,65
disallow,65
yielding,65
wasn,65
x3F,65
plane,65
TurtleScreen,65
fillcolor,65
ptr,65
splits,65
Log,65
_attributes,65
end_lineno,65
unpacking,65
compiling,65
_proc,65
capitalize,65
x0000,65
gencodec,65
x00a5,65
x00a9,65
x00b4,65
x00b6,65
x00b8,65
x00be,65
x00c0,65
x00c8,65
x00ca,65
x00cb,65
x00ce,65
x00d9,65
SHARP,65
x00ec,65
x00f5,65
x0008,65
x39,65
Arrays,65
boolean_options,65
cmd_name,65
rootdir,65
nodeType,65
Inherited,65
Task,65
pypy,65
parametrization,65
tzlocal,65
Int8,65
RandomState,65
binner,65
ohlc,65
_na_value,65
inferring,65
as_array,65
ax0,65
set_categories,65
exp1,65
strike,65
validate_float,65
set_color,65
arrows,65
blit,65
a10,65
axis_direction,65
source_any,65
ignore_promotions,65
fdArray,65
byteord,65
GlyphCoordinates,65
datetime_as_string,65
iff,64
Push,64
prefixed,64
Binary,64
HIGHEST_PROTOCOL,64
Produce,64
__func__,64
dynamically,64
attempting,64
forwarded,64
errcode,64
sending,64
discarded,64
restrictions,64
restriction,64
min_width,64
substring,64
malformed,64
straight,64
islice,64
total_seconds,64
GMT,64
upload,64
abort,64
checksum,64
source_hash,64
insertion,64
compresslevel,64
exc_tb,64
nbsp,64
Wrapper,64
appearance,64
careful,64
cert_reqs,64
leader,64
Manager,64
sqlite,64
refresh,64
x0A,64
file_name,64
key_type,64
x00d5,64
x00ff,64
x37,64
xFE,64
normalize_path,64
resolvers,64
new_lines,64
ssl_handshake_timeout,64
getoption,64
autouse,64
index_flat,64
see_also,64
ensure_wrapped_if_datetimelike,64
Numpy,64
ABCMultiIndex,64
to_parquet,64
multirow,64
value_labels,64
margins_name,64
tips,64
gcf,64
get_label,64
twinx,64
reread,64
markerfacecolor,64
get_style,64
xy2,64
set_text,64
viewLim,64
gridlines,64
Gdk,64
download_info,64
ignore_requires_python,64
tvar_scope,64
pywin32,64
pattern_segs,64
allequal,64
familyName,64
styleName,64
lookupMap,64
BasePen,64
AR_i,64
eventually,63
__loader__,63
allocated,63
security,63
Append,63
slot,63
Possible,63
TemporaryDirectory,63
applications,63
opposite,63
Inf,63
reasonable,63
reject,63
Calling,63
ensuring,63
localized,63
localtime,63
moving,63
uncompressed,63
xb7,63
timing,63
default_factory,63
reflect,63
appropriately,63
Adjust,63
Finally,63
nesting,63
caches,63
tofile,63
splitting,63
_init,63
x0F,63
Assert,63
netmask,63
endpoints,63
base_name,63
compilers,63
x00ae,63
x00af,63
x00b9,63
x00c3,63
x00cc,63
x00cf,63
x00d2,63
x00db,63
x00dd,63
x00e3,63
x00fd,63
CURRENCY,63
x7E,63
timedeltas,63
mismatched,63
cte,63
nulls,63
colr,63
convertible,63
hypothesis,63
multiindex_year_month_day_dataframe_random_data,63
copy_on_write,63
WARNING_CHECK_DISABLED,63
validate_bool_kwarg,63
group_index,63
write_output,63
minp,63
num_values,63
index_array,63
ChunkedArray,63
IS64,63
tdarr,63
ndmin,63
dtarr,63
ser_orig,63
SAT,63
offset1,63
adbc,63
_compute,63
BoundaryNorm,63
autoscale,63
keymap,63
offsetbox,63
gridspec_kw,63
transform_non_affine,63
contourpy,63
winterm,63
new_state,63
ErrorInfo,63
metaclass_type,63
expr_type,63
IS_PYPY,63
getReverseGlyphMap,63
bytechr,63
varIdx,63
pos_,63
_multiarray_umath,63
epsneg,63
propagated,62
f_globals,62
Additionally,62
fits,62
Lib,62
__self__,62
__code__,62
anywhere,62
qualname,62
lets,62
fake,62
rights,62
especially,62
permitted,62
near,62
__rfloordiv__,62
Sets,62
fromkeys,62
_apply,62
dvi,62
Double,62
retained,62
_value_,62
x0010,62
interpolated,62
obs,62
_sampwidth,62
RLock,62
dbm,62
strategy,62
strptime,62
initially,62
combining,62
noop,62
clockwise,62
_color,62
controller,62
nlargest,62
nsmallest,62
Action,62
nullcontext,62
lineterminator,62
imaginary,62
performing,62
Normally,62
multiarch,62
GAMMA,62
x35,62
HAMZA,62
set_result,62
Mismatched,62
_safe_read,62
pp_opts,62
seg,62
localName,62
_headers,62
ISOlat1,62
_source_traceback,62
issuecomment,62
_reduce,62
ExitCode,62
ImportFrom,62
chained_assignment,62
read_table,62
id_vars,62
is_number,62
num_legs,62
complib,62
jinja2,62
taker,62
c_contiguous,62
right_type,62
expected_uniques,62
pi2,62
get_yticklabels,62
get_edgecolor,62
yticks,62
axhline,62
spam_data,62
set_ticks,62
set_major_formatter,62
check_isinstance,62
pyparsing,62
warn_deprecated,62
axes3d,62
FT2Font,62
mutation_size,62
xytext,62
_axis,62
roaming,62
_Segment,62
expand_type,62
IntExpr,62
filter_errors,62
get_proper_types,62
contraction,62
GlyphID,62
feature_indices,62
AR_f,62
ott,62
indent_level,61
zipimport,61
invariant,61
sharing,61
skips,61
idea,61
unbound,61
dir_fd,61
routines,61
Turn,61
coeff,61
lowest,61
__neg__,61
integral,61
logical_and,61
CalledProcessError,61
Bind,61
x36,61
bootstrap,61
translation,61
xab,61
English,61
Epoch,61
_new,61
gcd,61
entity,61
x33,61
multicolumn,61
adobe,61
ancestors,61
subpattern,61
_parse,61
gname,61
Indicates,61
SDK,61
x00d0,61
x00de,61
x00f0,61
x00fe,61
x0020,61
x1B,61
x41,61
x61,61
uni,61
PyPI,61
solutions,61
test_temp_dir,61
_reader,61
TokenList,61
transformations,61
ExifTags,61
getini,61
path2,61
Downcasting,61
OutOfBoundsTimedelta,61
swaplevel,61
col4,61
_right,61
ArrowStringArray,61
subarr,61
__dataframe__,61
get_indexer_non_unique,61
result_mask,61
DtypeKind,61
check_like,61
pi1,61
level0,61
whiskers,61
na_filter,61
python_parser_only,61
actuals,61
transform_path,61
head_length,61
RendererBase,61
FigureCanvasBase,61
dependency_groups,61
ARG_NAMED,61
DeletedType,61
setter_type,61
base_expr,61
read_expression,61
curveTo,61
BaseTable,61
designLocation,61
Grek,61
constructors,60
Out,60
Takes,60
_kind,60
discussion,60
quit,60
_fix,60
estimate,60
Its,60
resume,60
measurement,60
turned,60
rkey,60
WARRANTIES,60
Directory,60
overhead,60
Pdb,60
blah,60
xa9,60
Full,60
ca_certs,60
ROOT,60
brown,60
greek,60
dealing,60
press,60
weird,60
Even,60
understand,60
Wrap,60
permissions,60
engines,60
closure,60
linked,60
x60,60
x78,60
shebang,60
cpu,60
min_version,60
x0080,60
x0040,60
unequal,60
Numbers,60
Which,60
_is_subtype,60
company,60
pyversion,60
target_version,60
reqs,60
ValueTerminal,60
promotion,60
call_soon,60
cyan,60
__array_priority__,60
strpath,60
set_levels,60
pytables,60
json_normalize,60
reindexed,60
multiindex,60
flows,60
path_or_buffer,60
_str_map,60
to_dense,60
set_facecolor,60
Regression,60
check_categorical,60
linecolors,60
sas,60
check_round_trip,60
df_iter,60
border_style,60
c_parser_only,60
set_major_locator,60
set_alpha,60
rad,60
_mtx,60
rowvar,60
replace_names,60
use_user_site,60
target_dir,60
suppress_errors,60
infer_sig_from_docstring,60
MathValueRecord,60
ScriptList,60
NameID,60
oldSubTable,60
subset_glyphs,60
NameError,59
roots,59
Represents,59
complicated,59
segfault,59
tried,59
__floordiv__,59
prefer,59
isspace,59
streams,59
fds,59
ExitStack,59
advanced,59
Transfer,59
connecting,59
couldn,59
xb1,59
Never,59
understood,59
SUCCESS,59
basis,59
__parameters__,59
unions,59
strs,59
thickness,59
alternatives,59
divisor,59
fromlist,59
sax,59
set_flags,59
__traceback__,59
x56,59
breakpoints,59
anchored,59
_len,59
get_children,59
OPERATOR,59
World,59
soft,59
BULLET,59
x62,59
ensure_ascii,59
belongs,59
expected_warning,59
LogRecord,59
HTTPConnection,59
line_width,59
ISO8601,59
publicId,59
ownerDocument,59
_fields_,59
MIT,59
wsgi,59
InvalidHeaderDefect,59
Security,59
maxy,59
type_param,59
resampling,59
UsageError,59
BQuarterEnd,59
any_int_numpy_dtype,59
polynomial,59
use_na_sentinel,59
usepackage,59
f_contiguous,59
asm8,59
AllInteger,59
other_data,59
T12,59
table_type,59
LogNorm,59
FancyArrowPatch,59
subfigures,59
rasterized,59
srcset,59
polygon_place_vertex,59
assembly,59
file_id,59
unpacked_type,59
TypeMap,59
sfntVersion,59
gdef,59
max_err,59
DesignSpaceDocument,59
pt4,59
InterpolatableProblem,59
optimize_compare,59
string_list,59
Alias,58
directions,58
supposed,58
fget,58
__mro__,58
modulename,58
_sentinel,58
Once,58
getcontext,58
silent,58
approximation,58
datatype,58
Current,58
configparser,58
removes,58
st_mtime,58
sorts,58
Red,58
typecode,58
USE,58
_info,58
subclassing,58
redefinition,58
attach,58
makefile,58
jump,58
exc_val,58
Refer,58
_format,58
CJK,58
Fix,58
_stop,58
validity,58
macosx,58
x0028,58
x0029,58
xa7,58
x0C,58
x0D,58
x1A,58
x38,58
x51,58
x65,58
xc1,58
xFC,58
copy_file,58
developer,58
py_modules,58
fin,58
downloaded,58
arglist,58
zstd,58
draws,58
magenta,58
new_items,58
dev0,58
SingleBlockManager,58
inferred_freq,58
_metadata,58
min_rows,58
return_indexers,58
dont,58
_concat_same_type,58
dummies,58
to_pytimedelta,58
setflags,58
transformation_func,58
PathCollection,58
httpserver,58
fill_between,58
blitting,58
function_name,58
subfigs,58
FigureCanvas,58
release_control,58
PylockValidationError,58
gpl,58
grid_helper,58
join_types,58
proper_subtype,58
wdth,58
COMMENT,57
submodules,57
wanted,57
_getframe,57
Alternatively,57
Sub,57
interfaces,57
compound,57
__rsub__,57
MUST,57
condensed,57
transfer,57
annotated,57
_alias,57
submodule,57
cpp,57
undo,57
panel,57
Escape,57
line1,57
MAPPING,57
URLError,57
basestring,57
Encode,57
xF0,57
xC0,57
fixup,57
workaround,57
batch,57
IPv4Network,57
x0022,57
x0026,57
x003c,57
x003e,57
x0041,57
x0061,57
x0B,57
x5B,57
x63,57
xFB,57
xFD,57
BREVE,57
virtualenv,57
write_file,57
data_files,57
bdist_dir,57
bracket,57
os_helper,57
BOOL,57
epsilon,57
defect,57
CFWS,57
_ctypes,57
protocol_factory,57
end_time,57
transposed,57
Arrow,57
Polygon,57
tan,57
noun,57
any_numpy_dtype,57
hasnans,57
allow_duplicates,57
axis1,57
col_name,57
unpack_zerodim_and_defer,57
equal_nan,57
has_ref,57
index_a,57
inset_axes,57
get_alpha,57
pins,57
set_array,57
slant,57
offset_transform,57
mpl_connect,57
toggle,57
set_clip_path,57
mask_or,57
tfm,57
outer_offsets,57
seterr,57
indent_guides,57
tab_size,57
mpl3d_image_comparison,57
morfs,57
status_file,57
write_str,57
TypeVisitor,57
instance_cache,57
else_map,57
vs_ver,57
varData,57
LookupListIndex,57
expect_number_,57
AR_LIKE_i,57
thin,56
parentheses,56
altsep,56
substitute,56
ourselves,56
additions,56
counted,56
topmost,56
ping,56
attempted,56
__builtins__,56
Unless,56
audit,56
Duplicate,56
Custom,56
sync,56
recorded,56
calculating,56
inserting,56
SIGINT,56
x5C,56
responses,56
Sun,56
sampling,56
comptype,56
Utility,56
greedy,56
Maybe,56
Exit,56
DocTest,56
__index__,56
hits,56
pydoc,56
Pen,56
_update,56
_position,56
situation,56
moment,56
Decode,56
computes,56
idxs,56
Yes,56
practice,56
notify,56
x00010000,56
maintainer,56
Determines,56
x50,56
xD0,56
fullmatch,56
linkname,56
x59,56
x76,56
x73,56
sliced,56
x0021,56
x0023,56
x0024,56
x0027,56
x002a,56
x002b,56
x002d,56
x002e,56
x002f,56
x0030,56
x003a,56
x003d,56
x0042,56
x0043,56
x0044,56
x0045,56
x0046,56
x0047,56
x0048,56
x0049,56
x004a,56
x004b,56
x004c,56
x004d,56
x004e,56
x004f,56
x0050,56
x0051,56
x0052,56
x0053,56
x0054,56
x0055,56
x0056,56
x0057,56
x0058,56
x0059,56
x005a,56
x005b,56
x005c,56
x005d,56
x005e,56
x005f,56
x0062,56
x0063,56
x0064,56
x0065,56
x0066,56
x0067,56
x0068,56
x0069,56
x006a,56
x006b,56
x006c,56
x006d,56
x006e,56
x006f,56
x0070,56
x0071,56
x0072,56
x0073,56
x0074,56
x0075,56
x0076,56
x0077,56
x0078,56
x0079,56
x007a,56
x007b,56
x007c,56
x007d,56
x0E,56
x1C,56
x4B,56
x66,56
x67,56
x70,56
x72,56
xCD,56
xD9,56
xE0,56
assigning,56
Structure,56
quality,56
uninstall,56
set_exception,56
chunk_left,56
optimal,56
Specifies,56
item_name,56
windll,56
concurrency,56
TiffTags,56
CollectReport,56
RaisesExc,56
amax,56
comp_ids,56
BaseIndexer,56
convert_dtypes,56
name2,56
time_stamp,56
nano,56
_freq,56
grouping_vector,56
expected_result,56
convert_rows_list_to_csv_str,56
_check_ticks_props,56
set_tick_params,56
Circle,56
viridis,56
set_xscale,56
ScalarMappable,56
minpos,56
draw_path,56
subfigure,56
set_params,56
linear_width,56
adjustable,56
_desc,56
user_supplied,56
FileReporter,56
allow_unpack,56
ExpressionVisitor,56
is_unreachable,56
is_coroutine,56
newTable,56
cur_token_type_,56
documentObject,56
mdtype,56
mrec,56
preceding,55
Nothing,55
excepthook,55
someone,55
sufficient,55
delimited,55
xbf,55
persistent,55
iterating,55
race,55
generates,55
SOCK_STREAM,55
_isnan,55
Attempt,55
typical,55
Tools,55
Explicitly,55
Defines,55
falling,55
coercion,55
finalizer,55
universal,55
login,55
_imp,55
file_size,55
slower,55
xfc,55
xac,55
xf7,55
xb2,55
Field,55
CPU,55
identifying,55
validated,55
who,55
compilation,55
alter,55
released,55
Original,55
pformat,55
BAD,55
divided,55
domains,55
provider,55
e10,55
rindex,55
infos,55
xB0,55
topic,55
curr,55
Needed,55
joinpath,55
format_description,55
IPv6Network,55
archive_name,55
x69,55
_frame,55
QUARTER,55
LOWER,55
x0003,55
x0006,55
x0060,55
x1D,55
x1E,55
x44,55
x45,55
x48,55
x49,55
x52,55
x58,55
x5A,55
x68,55
x71,55
x74,55
x75,55
x77,55
x79,55
xA4,55
xC4,55
xC6,55
xC7,55
xC9,55
xCA,55
xCF,55
xD3,55
xDF,55
side_effect,55
parses,55
treating,55
obsoletes,55
DistutilsFileError,55
qnames,55
triplet,55
tag_v2,55
foreground,55
min_val,55
addini,55
Duration,55
option_name,55
Int64Dtype,55
na_value_for_dtype,55
parrot,55
pretty_print,55
less_equal,55
local_dict,55
yrot,55
vals2,55
cnt,55
_check_legend_labels,55
get_view_interval,55
memory_map,55
rstride,55
AFM,55
points_to_pixels,55
BboxBase,55
motion_notify_event,55
majorTicks,55
Subrs,55
datalim,55
to_rgba_array,55
fill_type_to,55
find_links,55
ARG_OPT,55
BytesExpr,55
old_type,55
module_hidden,55
convert_type,55
RegexPattern,55
doActions,55
numberOfContours,55
TupleVariation,55
AR_LIKE_f,55
npyv,55
tabsize,54
Constructor,54
accessible,54
surrogateescape,54
PUT,54
sanity,54
attrgetter,54
safety,54
asynchronous,54
looked,54
former,54
Cython,54
Last,54
_types,54
dispatcher,54
Exceptions,54
conform,54
representable,54
Round,54
Wait,54
unregister,54
Put,54
medians,54
convenient,54
OptionParser,54
Give,54
Based,54
modf,54
Sunday,54
_tzinfo,54
u03c3,54
xb5,54
improve,54
preserving,54
contravariant,54
xae,54
ancestor,54
Detect,54
Step,54
cleaned,54
Lines,54
cap,54
escapechar,54
doublequote,54
_add,54
_waiters,54
write_text,54
set_undefined_options,54
_ip,54
network_address,54
xA6,54
x6A,54
Hide,54
encoding_map,54
x0086,54
x0088,54
x0089,54
x008a,54
x008b,54
x008c,54
x008d,54
x008e,54
x008f,54
x0090,54
x0091,54
x0092,54
x0095,54
x0096,54
x0097,54
x0098,54
x0099,54
x009a,54
x009d,54
x009e,54
x0005,54
x0007,54
x0009,54
x000a,54
x000b,54
x000c,54
x000d,54
x000e,54
x000f,54
x0011,54
x0012,54
x0013,54
x0014,54
x0015,54
x0016,54
x0017,54
x0018,54
x0019,54
x001a,54
x001b,54
x001c,54
x001d,54
x001e,54
x001f,54
x0025,54
x002c,54
x0031,54
x0032,54
x0033,54
x0034,54
x0035,54
x0036,54
x0037,54
x0038,54
x0039,54
x003b,54
x003f,54
x007e,54
x007f,54
xad,54
x2E,54
x42,54
x43,54
x46,54
x47,54
x53,54
x54,54
x55,54
x57,54
x5F,54
x6D,54
x8A,54
x8B,54
x8C,54
x9A,54
x9B,54
x9C,54
x9D,54
x9E,54
xAB,54
xAC,54
xAD,54
xC5,54
xC8,54
xCB,54
xCC,54
xCE,54
xD1,54
xD4,54
xD8,54
xDA,54
xE1,54
GHE,54
UKRAINIAN,54
isdst,54
zfill,54
_id,54
target_lang,54
temp_dir,54
prep,54
rpm,54
spec_file,54
hlist,54
secondary,54
max_depth,54
get_module,54
codepoint,54
known_modules,54
notebook,54
MarkDecorator,54
capman,54
read_parquet,54
quicksort,54
NumpyEADtype,54
IndexingError,54
FrozenList,54
tslib,54
lowers,54
_range,54
data_for_sorting,54
maybe_slice,54
nbs,54
foo1,54
mult_idx_2,54
year_start,54
cmmi10,54
MATHEMATICAL,54
toggled,54
cstride,54
CapStyle,54
path_effects,54
alphas,54
inaxes,54
barb,54
ydata_new,54
Wheel,54
GPL,54
TArc,54
anal_type,54
MDEF,54
rawDict,54
GlyphCount,54
userNameToFileName,54
precisionBits,54
repeatIndex,54
pd_NA,54
tdb,54
tracing,53
Finish,53
Else,53
succeeds,53
introspection,53
specialized,53
rmdir,53
THIS,53
Useful,53
bzip2,53
wasm,53
Controls,53
Instances,53
py3,53
fractions,53
Builds,53
xc9,53
xe9,53
FOR,53
patched,53
toordinal,53
Helpers,53
Parses,53
xe2,53
xa3,53
blocked,53
externally,53
serious,53
GzipFile,53
read1,53
MULTILINE,53
hdr,53
Skipping,53
TIFF,53
server_side,53
get_token,53
isupper,53
Indices,53
get_time,53
expat,53
java,53
end_date,53
satisfied,53
get_paths,53
environments,53
adapter,53
chunk_size,53
BMP,53
x0081,53
x0082,53
x0083,53
x0084,53
x0085,53
x0087,53
x0093,53
x0094,53
x009b,53
CENT,53
x009c,53
x009f,53
DARK,53
x2A,53
x2B,53
x2C,53
x2D,53
x2F,53
x3A,53
x3B,53
x3C,53
x3D,53
x3E,53
x4A,53
x4C,53
x4D,53
x4E,53
x4F,53
x5D,53
x5E,53
x6B,53
x6C,53
x6E,53
x6F,53
x7A,53
x7B,53
x7C,53
x7D,53
x8D,53
x8E,53
x8F,53
x9F,53
xA1,53
xA3,53
xB1,53
xBA,53
xBB,53
xC1,53
xC2,53
xc3,53
xD2,53
xD5,53
xD6,53
xD7,53
xDE,53
xE2,53
xE4,53
xE5,53
xE6,53
xE7,53
xE8,53
xE9,53
xEA,53
xEB,53
xEC,53
xED,53
xEE,53
xEF,53
xF1,53
xF2,53
fmod,53
CookieJar,53
FOO,53
unparsed,53
outfiles,53
Fonts,53
column_names,53
coerced,53
runtest,53
status_code,53
fixer_util,53
_closing,53
maxx,53
grayscale,53
_lut,53
rootpath,53
colorama,53
TAG,53
YearBegin,53
nullable_string_dtype,53
UInt64,53
vectorized,53
EAs,53
listlike,53
cow,53
Align,53
xarray,53
value_vars,53
_pad_or_backfill,53
new_shape,53
partition_cols,53
max_seq_items,53
mean_x,53
HAS_PYARROW,53
Resolver,53
log2,53
sp_stats,53
raise_on_extra_warnings,53
SLC,53
eres,53
fig1,53
set_xticks,53
sas7bdat,53
cellText,53
tick1line,53
Hlist,53
_selection_artist,53
_points,53
conj,53
ArcStart,53
ErasedType,53
is_type_form,53
type_of_any,53
type_ref,53
map_instance_to_supertype,53
ClassDefContext,53
interface_hash,53
stub_arg,53
PathSpec,53
qCurveTo,53
FDArray,53
FeatureRecord,53
instancer,53
smRoman,53
rawTable,53
_optinfo,53
naming,52
shorthand,52
Insert,52
backslashes,52
recreate,52
exceeds,52
Access,52
testmod,52
seven,52
thrown,52
Fallback,52
xor,52
late,52
bogus,52
jpeg,52
exited,52
covers,52
midpoint,52
people,52
Usually,52
tells,52
populate,52
AF_UNIX,52
factors,52
opaque,52
specifications,52
adjustment,52
_cond,52
amd64,52
cvt,52
Miscellaneous,52
searching,52
_decoder,52
disconnect,52
THETA,52
PILCROW,52
xA2,52
xA7,52
xA8,52
xA9,52
xAA,52
xAF,52
xB2,52
xB3,52
xB4,52
xB5,52
xB6,52
xB7,52
xB8,52
xB9,52
xBC,52
xBD,52
xBF,52
xC3,52
xDB,52
xDC,52
xDD,52
xE3,52
xF3,52
xF4,52
xF5,52
xF8,52
xF9,52
xFA,52
charmap_build,52
Annotation,52
Identity,52
priorities,52
whl,52
CancelledError,52
classifiers,52
build_info,52
Speed,52
_lines,52
deprecate,52
QtGui,52
stroke_width,52
LEGACY_PATH,52
isscalar,52
Int32,52
_optional,52
is_extension_array_dtype,52
Chicago,52
proportion,52
axis2,52
xlsxwriter,52
merge_cells,52
sheets,52
lion,52
from_pandas,52
atleast_2d,52
agged,52
Berlin,52
__array_wrap__,52
reduceat,52
ylabelsize,52
smoke,52
exp_val_for_scalar,52
MAR,52
education_df,52
fontfile,52
martist,52
gc0,52
DATA_PARAMETER_PLACEHOLDER,52
ColorType,52
get_renderer,52
FigureManagerBase,52
scale_by_freq,52
line_no,52
hhea,52
py_version_info,52
info_location,52
task_id,52
ParamSpecExpr,52
is_enum,52
method_type,52
relevant_items,52
current_overload,52
_ustr,52
configLogger,52
markClass,52
FeatureIndex,52
Beng,52
Gran,52
userTriple,52
knows,51
splitdrive,51
anyobject,51
__author__,51
accepting,51
detach,51
recognize,51
coefficient,51
delattr,51
Restore,51
c2pwrite,51
errwrite,51
disallowed,51
Right,51
regexp,51
Subclass,51
runtime_checkable,51
Such,51
wildcards,51
cfile,51
LC_ALL,51
gettext,51
Cyrillic,51
conventions,51
click,51
managed,51
methodname,51
TimeoutError,51
_validate,51
permutation,51
_Precedence,51
positionals,51
Adding,51
scandir,51
Shift,51
venv,51
business,51
PurePath,51
DASH,51
extractall,51
archs,51
xA5,51
xAE,51
xBE,51
src_name,51
negative_opt,51
_style,51
_not_,51
SubElement,51
NOTICE,51
selecting,51
display_name,51
MovedModule,51
exch,51
pytrace,51
callspec,51
get_result,51
value_name,51
variable_labels,51
chunked_array,51
categorize,51
Term,51
Ticks,51
CustomBusinessHour,51
is_prerelease,51
obj1,51
dates1,51
_fname,51
metric,51
all_connectable,51
row0,51
rfft,51
FixedLocator,51
projections,51
_alpha,51
from_bounds,51
savefig_kwargs,51
tickdir,51
valinit,51
input_dims,51
_tkcanvas,51
UnitDbl,51
logspace,51
PipSession,51
python_executable,51
multipath,51
ifft,51
add_row,51
assert_array_max_ulp,51
DictExpr,51
unannotated,51
imprecise_arg_kinds,51
TraverserVisitor,51
type_state,51
DataSuite,51
collect_cases,51
strRepr,51
uvsDict,51
BaseTTXConverter,51
labelNames,51
AR_LIKE_b,51
refer_to_array_attribute,51
from_dt,51
_warnings,50
fsencode,50
abcdef,50
isclass,50
Normal,50
enables,50
INF,50
formed,50
__pow__,50
reductions,50
man,50
waitpid,50
helps,50
__context__,50
_compile,50
itemgetter,50
Are,50
hexdigest,50
BlockingIOError,50
isoformat,50
displaying,50
Our,50
xd6,50
Numeric,50
wrappers,50
meaningful,50
_socket,50
counting,50
Adds,50
Engine,50
undobuffer,50
relies,50
inter,50
total_sent,50
lim,50
Information,50
AIX,50
prepended,50
userbase,50
Did,50
Timer,50
abiflags,50
prefix_len,50
heads,50
unordered,50
safe_repr,50
byte_compile,50
_link,50
loggers,50
parentNode,50
report_type,50
new_obj,50
arena,50
BaseFix,50
plugin_name,50
Pytester,50
lines2,50
name1,50
LossySetitemError,50
descending,50
is_valid_na_for_dtype,50
fromiter,50
dtype_equal,50
maybe_get_tz,50
buff,50
Masked,50
_formatter,50
xlabelsize,50
floor_divide,50
offset_types,50
cmaps,50
written_and_read_again,50
bar_to,50
afm,50
showmeans,50
subplotspec,50
is_interactive,50
__ret,50
mcollections,50
elevation,50
MPLBACKEND,50
pcm,50
axins,50
Analyze,50
PackageFinder,50
data_dir,50
platform_,50
hpnd,50
HPND,50
ortho,50
voxels,50
is_ellipsis_args,50
UnaryExpr,50
LITERAL_NONE,50
function_type,50
sccs,50
fine_grained_manager,50
search_paths,50
defaultValue,50
minValue,50
userName,50
endPts,50
writeUShort,50
Hira,50
zipimporter,49
cleared,49
f_back,49
Search,49
slashes,49
Different,49
lstat,49
Every,49
f_locals,49
accurate,49
commonly,49
fillvalue,49
customized,49
disposition,49
Emax,49
diag,49
increase,49
afterwards,49
unpack_from,49
exitcode,49
showing,49
reachable,49
_nchannels,49
Passed,49
SSLError,49
fullpath,49
xdf,49
ahead,49
keepends,49
interpretation,49
setlocale,49
Evaluate,49
check_hostname,49
xb6,49
capabilities,49
ANSI,49
julian,49
LITERAL,49
invisible,49
cookiejar,49
skipinitialspace,49
technically,49
causing,49
srcdir,49
ABI,49
styling,49
BOM,49
bid,49
symmetric,49
Prepare,49
percentage,49
compress_type,49
xa4,49
object_pairs_hook,49
invariants,49
SkipTest,49
expected_exception,49
satisfied_by,49
cab,49
gui,49
acute,49
u0338,49
Micro,49
_address,49
quantization,49
Float64Dtype,49
NamedAgg,49
to_pickle,49
is_hashable,49
reindex_like,49
rabbit,49
new_axes,49
column_format,49
other_dtype,49
df_copy,49
check_array_indexer,49
right_ax,49
hash_key,49
hash_pandas_object,49
greater_equal,49
arcsin,49
cat2,49
Unnamed,49
already_warned,49
jim,49
round_trip_pickle,49
ser3,49
tzinfos,49
slice_,49
index_kind,49
box_in_series,49
twin,49
create_mgr,49
head_width,49
AxesImage,49
set_label,49
_active_handle,49
PolarAxes,49
Vector,49
_short_float_fmt,49
line_type_to,49
rcount,49
param_spec,49
write_int,49
type_object,49
var_arg,49
is_operator,49
actual_type,49
ignore_pos_arg_names,49
FileSystemCache,49
lit2,49
incremental_step,49
follow_links,49
hyperscan,49
GlobalSubrs,49
TTX,49
dictObj,49
getGlyphName,49
axisOrder,49
Syrc,49
AR_LIKE_u,49
default_fill_value,49
listing,48
alone,48
exiting,48
classic,48
meta_path,48
_prefix,48
logged,48
Unrecognized,48
expandtabs,48
_empty,48
Target,48
Before,48
Arithmetic,48
Types,48
scientific,48
__mod__,48
subtraction,48
delimiters,48
readinto,48
STDOUT,48
faulthandler,48
endtime,48
Convenience,48
utilities,48
_convert,48
central,48
ratios,48
impossible,48
Properties,48
st_size,48
Resolution,48
buffer_size,48
Tue,48
critical,48
breaking,48
essentially,48
ssl_version,48
xe4,48
xef,48
xc4,48
debuglevel,48
dunder,48
source_lines,48
expecting,48
Annotated,48
_type_check,48
casing,48
symmetric_difference,48
MAPPINGS,48
pencolor,48
System,48
_count,48
promote,48
Bogus,48
locally,48
topics,48
bitwise,48
drv,48
msgs,48
INTEGRAL,48
BROKEN,48
concise,48
urlsplit,48
Delta,48
ccompiler,48
minorVersion,48
metadata_version,48
svn,48
_fmt,48
unpickled,48
ham,48
Transpose,48
ADBC,48
Scale,48
terminalreporter,48
FixtureDef,48
deselected,48
Resampler,48
include_groups,48
reindexing,48
_typ,48
datasets,48
new_mask,48
SQLAlchemy,48
sarr,48
right_indexer,48
is_duration,48
to_timedelta64,48
window_aggregations,48
subplots_adjust,48
ABCDE,48
Buyer,48
df_new,48
exp_arr,48
mult_idx_1,48
bright,48
get_texts,48
bar_from_to,48
nonsingular,48
STRUCK,48
backend_registry,48
capsize,48
labelpad,48
angleA,48
MaxNLocator,48
ScalarFormatter,48
_box,48
errorevery,48
miny,48
device_pixel_ratio,48
lctr,48
CommandError,48
_GLibCVersion,48
parent_axes,48
has_arcs,48
TypeVarTupleExpr,48
special_alias,48
strict_optional,48
type_check_only,48
SCCs,48
is_compat,48
runtime_arg,48
export_types,48
NO_VARIATION_INDEX,48
Cyrl,48
newSubTable,48
AR_u,48
make_mask,48
assert_raises_fpe,48
ordinary,47
Compile,47
tracebacks,47
interaction,47
is_package,47
distribute,47
INT,47
NONE,47
partialmethod,47
risk,47
FreeBSD,47
sender,47
underflow,47
ConfigParser,47
brackets,47
jpg,47
libc,47
programs,47
p2cread,47
current_thread,47
crc,47
xf6,47
xa2,47
unhashable,47
March,47
midnight,47
colno,47
behind,47
performs,47
tops,47
Pretty,47
saferepr,47
modern,47
CGI,47
new_node,47
last_line,47
accuracy,47
writers,47
gain,47
start_pos,47
visited,47
minor_version,47
REGISTERED,47
xa8,47
semantically,47
create_future,47
key_file,47
cert_file,47
has_ext_modules,47
PKG,47
module_file,47
current_process,47
c_int,47
overlapped,47
BM_compatible,47
dfa,47
_callbacks,47
shield,47
register_open,47
colour,47
type_str,47
max_val,47
rectangular,47
add_line,47
path1,47
erased,47
ClassNotFound,47
TokenType,47
is_interval_dtype,47
ReadCsvBuffer,47
extrapolate,47
can_hold_element,47
complevel,47
convert_string,47
allow_copy,47
_hasna,47
default_category,47
true_values,47
left_by,47
sum_x,47
multiples,47
cumcount,47
window_method,47
StataReader,47
LegacyVersion,47
arr_a,47
td2,47
interval_array,47
on_offset_cases,47
df_original,47
no_args,47
has_table,47
uuid_len,47
set_table_styles,47
ZZZZ,47
full_like,47
interpolation_stage,47
SubplotSpec,47
stairs,47
angleB,47
button_release_event,47
get_gridspec,47
_spec,47
correlate,47
convolve,47
ignored_lines,47
_axis_method_wrapper,47
CoverageData,47
index_urls,47
target_python,47
keyring,47
install_req,47
archive_info,47
amin,47
find_unpack_in_list,47
LambdaExpr,47
visit_func_def,47
write_bool,47
LIST_GEN,47
dep_hashes,47
FunctionContext,47
default_return_type,47
partial_types,47
add_invertible_flag,47
PairSet,47
valueValidator,47
sourceObject,47
min_digits,47
buffersize,47
external_loop,47
jubba,47
indented,46
primarily,46
Expand,46
dollar,46
escapes,46
extends,46
exhausted,46
affects,46
inheritance,46
param_name,46
relatively,46
Caller,46
inexact,46
__abs__,46
correction,46
fatal,46
Parsing,46
Child,46
question,46
exported,46
__package__,46
_collections_abc,46
SHA,46
AIFF,46
x8000,46
AUTH,46
xe0,46
xbd,46
eager,46
coded,46
Strings,46
subclassed,46
captures,46
scan,46
sr_CS,46
submit,46
Animation,46
vertically,46
diffs,46
globally,46
_numerator,46
Status,46
executables,46
python_implementation,46
skipkeys,46
pager,46
_selector,46
Template,46
Registry,46
py_version_short,46
_CONFIG_VARS,46
read_bytes,46
isalpha,46
ignore_all,46
install_base,46
hosts,46
unmodified,46
xcc,46
ETA,46
ETH,46
THORN,46
scopes,46
debug_print,46
pattern_re,46
fixers,46
build_scripts,46
SAX,46
curNode,46
Subset,46
dispose,46
o16,46
Bold,46
palettes,46
FontName,46
_scope,46
caplog,46
InvalidRequirement,46
timeseries,46
signedinteger,46
SpecificationError,46
renamer,46
_constructor_sliced,46
npvalues,46
maybe_convert_objects,46
Carl,46
sparse_columns,46
num_wings,46
nanmin,46
lev2,46
Mypy,46
cobra,46
nout,46
subarray,46
left_val,46
left_ax,46
rollforward,46
f32,46
forbid_nonstring_types,46
template_header,46
template_returns,46
template_see_also,46
agg_method,46
ParserWarning,46
_cmpkey,46
F841,46
numeric_idx,46
tdser,46
msg1,46
tbl,46
idx0,46
series_data,46
dtc,46
gridline,46
set_size_inches,46
info_fmt,46
colorbars,46
violinplot,46
get_offset,46
zaxis,46
frame_format,46
get_size,46
set_linewidth,46
radii,46
TransformedBbox,46
bbox_transform,46
check_getitem,46
output_dims,46
specgram,46
ConfigError,46
xnew,46
set_prop_cycle,46
__rich_console__,46
_invalid_metadata,46
cell_len,46
_spans,46
from_omitted_generics,46
dataclass_transform_spec,46
Hang,46
p_typ,46
allow_none_return,46
assert_string_arrays_equal,46
pointPen,46
to_dt,46
data_b,46
vdata,46
ResourceWarning,45
pardir,45
possibility,45
References,45
xf4,45
MethodType,45
FunctionType,45
CodeType,45
duck,45
service,45
indirectly,45
Foundation,45
ZeroDivisionError,45
__pos__,45
quick,45
forces,45
bunch,45
xls,45
Keywords,45
populated,45
Prevent,45
weak,45
happened,45
Order,45
DAMAGES,45
xFFFFFFFF,45
Wed,45
detection,45
helpful,45
clock,45
instantiation,45
archives,45
scanning,45
worth,45
field_name,45
endpos,45
directives,45
Operator,45
_args,45
_ssl,45
oid,45
sendfile,45
IMAP4,45
languages,45
line2,45
amp,45
CREATE,45
matcher,45
Analysis,45
Suggested,45
acquired,45
products,45
dest_path,45
reconstruct,45
VENDORS,45
xc2,45
contrast,45
layouts,45
test2,45
swapcase,45
Top,45
build_clib,45
minidom,45
serializer,45
_overlapped,45
base_path,45
allow_none,45
_subtype,45
Pool,45
DPI,45
IFD,45
typestr,45
add_marker,45
erase,45
dropping,45
Pygments,45
MonthBegin,45
VCS,45
type_t,45
infer_freq,45
_obj_with_exclusions,45
make_flex_doc,45
is_array_like,45
_get_numeric_data,45
Col1,45
nanmax,45
row1,45
new_columns,45
boxed,45
lev1,45
colnames,45
dups,45
convert_to_masked_nullable,45
pyapi,45
period_array,45
fmt_values,45
npoints,45
op_str,45
from_frame,45
Holiday,45
sphinx,45
np_version_gt2,45
expected_value,45
typs,45
mi1,45
DecimalArray,45
allowlist,45
idxh,45
str_len,45
dates_,45
Ellipse,45
key_press_event,45
_get_renderer,45
valmin,45
onmove,45
barbs,45
pickradius,45
linelength,45
preparer,45
hash_options,45
Han,45
slug,45
RawExpressionType,45
semanal,45
EllipsisExpr,45
GeneratorExpr,45
Lvalue,45
SUBTYPE_OF,45
stubgen,45
add_dependency,45
recalcBBoxes,45
offSize,45
LookupBuilder,45
carets,45
fvarAxes,45
varIdxes,45
axisMax,45
matlib,45
ntypes,45
promote_func,45
path_item,44
somewhere,44
reach,44
allocation,44
rid,44
_fields,44
Warsaw,44
isalnum,44
_isinfinity,44
__rmod__,44
quantize,44
legal,44
optname,44
mimetypes,44
DEVNULL,44
cls_name,44
belong,44
enter_context,44
OTHER,44
Thu,44
accessors,44
date_string,44
xdc,44
xed,44
xf3,44
scheduled,44
setUp,44
verify_mode,44
Tamil,44
met,44
somewhat,44
hyphen,44
enforce,44
Program,44
confusing,44
losslessly,44
vice,44
urllib2,44
Null,44
exponential,44
etype,44
vendor,44
customize,44
reload,44
Device,44
TarInfo,44
pax_headers,44
Multi,44
ip_str,44
tokval,44
is_local,44
GCC,44
Users,44
xb4,44
OMICRON,44
islower,44
autospec,44
default_handler,44
obj_names,44
library_filename,44
cmdclass,44
productdir,44
bdist_base,44
individually,44
newChild,44
xml_declaration,44
error_msg,44
overline,44
mutation,44
stashed,44
inch,44
assert_type,44
ICC,44
subsampling,44
Window,44
pytest_configure,44
expl,44
StashKey,44
check_ispytest,44
TOML,44
is_datetime64tz_dtype,44
PandasObject,44
_get_level_number,44
bool_only,44
_SupportsArray,44
freeze_panes,44
res_df,44
right_val,44
num_consecutive_same_value,44
inf_as_na,44
df_result,44
asdf,44
mixed_float_frame,44
index_values,44
bw_method,44
get_standard_colors,44
convert_categoricals,44
record_path,44
set_yticks,44
set_minor_locator,44
Json,44
is_affine,44
numpoints,44
clip_on,44
clip_path,44
current_pos,44
uppers,44
NavigationToolbar2,44
minx,44
aardvark,44
plotter,44
tensordot,44
line_break,44
check_token,44
cvar,44
Hashes,44
TempDirectory,44
index_url,44
_dist,44
include_group,44
slot_dict,44
FBT001,44
FBT002,44
get_printoptions,44
pad_left,44
fill_typevars,44
has_base,44
TypeChecker,44
ImportAll,44
is_static,44
refers_to_fullname,44
is_dir_pattern,44
tableVersion,44
topDictIndex,44
xmlWrite,44
beginPath,44
imageData,44
VarComponentFlags,44
F2Dot14,44
eltName,44
Taml,44
branchFactor,44
search_path,43
tracking,43
Objects,43
setstate,43
obvious,43
FrameType,43
co_name,43
__bases__,43
existent,43
centered,43
PermissionError,43
defaulting,43
_output,43
traps,43
loss,43
lies,43
representations,43
dict_type,43
exceeded,43
mime,43
manner,43
bisect,43
describes,43
Conversion,43
tty,43
endianness,43
radd,43
exec_module,43
total_ordering,43
exceed,43
asked,43
__iadd__,43
Public,43
preference,43
simpler,43
versa,43
enclosed,43
_simple_command,43
simultaneously,43
arg_strings,43
get_flags,43
Alpha,43
cur_line,43
modifies,43
Although,43
_exception,43
from_iterable,43
get_all,43
mods,43
xf8,43
xcd,43
leak,43
assertFalse,43
setLevel,43
independently,43
HTTPS,43
current_line,43
build_base,43
cname,43
remap,43
INSERT,43
ISOnum,43
nonpositive,43
get_debug,43
xy1,43
commit_id,43
working_set,43
typevars,43
_pytester,43
Ignoring,43
tzutc,43
isnull,43
observation,43
Rolling,43
orc,43
show_dimensions,43
write_index,43
arctan,43
_is_strictly_monotonic_increasing,43
_is_strictly_monotonic_decreasing,43
min_len,43
kwargs_numeric_only,43
aggregation_description,43
max_fname_arg_count,43
cidx,43
recs,43
interp_method,43
dtnat,43
elidx,43
eridx,43
subplot_mosaic,43
get_ydata,43
jet,43
float_precision,43
dmin,43
orig_names,43
Agg,43
unmasked,43
linecolor,43
transFigure,43
sfnt,43
_style_list,43
art,43
spine_type,43
Rule,43
_selection_completed,43
_pylab_helpers,43
mtx,43
KeyEvent,43
texname,43
Axes3D,43
flow_level,43
HiddenText,43
namespace_packages,43
refresh_per_second,43
ca_cert_dir,43
Span,43
Poly3DCollection,43
make_normalized,43
AssignmentExpr,43
ExpressionStmt,43
on_error,43
meet_types,43
base_type_exprs,43
cross_ref,43
TypeTranslationError,43
cur_mod_id,43
add_method,43
fx_contra,43
gvi,43
ufoLib,43
otlLib,43
glyphsets,43
subWriter,43
eltAttrs,43
userValue,43
instanceElement,43
lacks,42
unpickling,42
job,42
micro,42
_unpack,42
LIST,42
Optionally,42
reused,42
rollover,42
_map,42
__rtruediv__,42
clamp,42
similarly,42
reliable,42
Rational,42
held,42
SEEK_CUR,42
BrokenPipeError,42
overwriting,42
RED,42
xa1,42
get_ident,42
Fri,42
tstr,42
_year,42
excludes,42
ZipImportError,42
xfb,42
xe1,42
xfa,42
Unfortunately,42
listener,42
CRC,42
forget,42
globalns,42
guards,42
homogeneous,42
popleft,42
effective,42
recording,42
centers,42
Platform,42
mosaic,42
rfn,42
fly,42
Wno,42
argval,42
enumerated,42
kernel32,42
argspec,42
target_name,42
_timer,42
modulefinder,42
get_version,42
TarFile,42
Specifying,42
puts,42
circuit,42
phrase,42
MULTIPLICATION,42
xd7,42
SARA,42
__missing__,42
MagicMock,42
worked,42
dry,42
plug,42
is_string,42
get_outputs,42
NOTSET,42
typemap,42
summation,42
CFWS_LEADER,42
_SimpleCData,42
transp,42
x0a,42
reveal_type,42
o32,42
bpp,42
xmp,42
resolutions,42
tagtype,42
_height,42
xfailed,42
FixtureRequest,42
fixturedefs,42
SingleArrayManager,42
NpDtype,42
from_dummies,42
qcut,42
read_pickle,42
prng,42
get_indexer_for,42
_validators,42
_can_hold_na,42
sort_remaining,42
compression_options,42
Dataframe,42
_is_multi,42
clines,42
format_index,42
consolidate,42
col_1,42
to_records,42
rename_categories,42
is_datetime64_ns_dtype,42
tipo,42
scalar_type,42
signbit,42
SemiMonthBegin,42
SemiMonthEnd,42
DType,42
expected_series,42
instance_type,42
oset,42
masked_all,42
restacked,42
index_type,42
rad2deg,42
row_heading,42
if_sheet_exists,42
parse_options,42
fps,42
handler_map,42
textcoords,42
vlines,42
clabel,42
drawstyle,42
reserveObject,42
endline,42
WinColor,42
FLOW,42
upload_time,42
codename,42
gfdl,42
GFDL,42
egg_path,42
_object,42
ColorSystem,42
proj3d,42
had_data,42
write_int_bare,42
type_type,42
inner_type,42
literal_hash,42
special_opts,42
isfile_case,42
fdSelect,42
axisValues,42
mergeMap,42
LangSys,42
_formatVersion,42
vMetrics,42
readUShort,42
Hangul,42
next_token_type_,42
assert_partitioned,42
pkgutil,41
subdirectories,41
mirror,41
HOME,41
constructs,41
consisting,41
xea,41
FLOAT,41
popped,41
getdoc,41
locate,41
writelines,41
incoming,41
Overflow,41
signs,41
rounds,41
logical_xor,41
Keys,41
rdf,41
gif,41
raster,41
movie,41
_time,41
intentionally,41
ModuleNotFoundError,41
timed,41
requiring,41
course,41
leftmost,41
centre,41
treatment,41
_pending_removals,41
UNIX,41
xa5,41
hashing,41
Writing,41
Dec,41
_seconds,41
possibilities,41
anonymous,41
Connect,41
xe7,41
xeb,41
exc_details,41
_GenericAlias,41
viewing,41
settrace,41
finds,41
_params,41
Address,41
involved,41
out_file,41
make_file,41
SELECTED,41
determining,41
Creator,41
thereof,41
frombytes,41
families,41
Specifically,41
store_false,41
renaming,41
acc,41
Accept,41
Help,41
_set,41
path_type,41
_platform,41
favor,41
seealso,41
TYPES,41
definitely,41
client_address,41
Place,41
Reader,41
make_option,41
opt_str,41
install_layout,41
Exif,41
permutations,41
installs,41
allow_nan,41
transitions,41
cased,41
isnumeric,41
failfast,41
ims,41
dir_util,41
Studio,41
extra_path,41
styled,41
Info,41
attachment,41
has_key,41
Fixer,41
_result,41
_step,41
mypy_extensions,41
decoder_name,41
filler,41
ImageCms,41
TerminalWriter,41
add_stats,41
truthy,41
consider_namespace_packages,41
outlines,41
AnsiToWin32,41
has_reference,41
ChainedAssignmentError,41
na_mask,41
keyarr,41
float128,41
prev_value,41
target_dtype,41
dayofweek,41
kwd,41
large_string,41
naxes,41
cat1,41
new_blocks,41
test_repr,41
vals1,41
fill_dtype,41
assert_dict_equal,41
get_groupby_method_args,41
_check_text_labels,41
faces,41
cline,41
skip_blank_lines,41
keep_date_col,41
AutoDateLocator,41
dmax,41
setp,41
labelsize,41
matplotlibrc,41
ZeroOrMore,41
get_layout_engine,41
posA,41
posB,41
rectilinear,41
lineoffset,41
_major_tick_kw,41
_mpl_modifiers,41
harvest,41
InvalidWheelFilename,41
PlatformDirs,41
axisline,41
morf,41
visit_callable_type,41
arg_kind,41
ComparisonExpr,41
is_abstract,41
is_stub,41
deserialize_type,41
is_overload,41
plugin_generated,41
recurse_into_functions,41
FormalArgument,41
if_map,41
changed_modules,41
nameTable,41
MarkArray,41
RecordingPen,41
Knda,41
fval,41
input_sets,41
fastclip,41
sdt2,41
Retrieve,40
Resolve,40
f_lineno,40
pickles,40
Typically,40
mkstemp,40
Section,40
involving,40
__int__,40
Pre,40
_dict,40
_defaults,40
Runs,40
maintained,40
Translate,40
close_fds,40
__ror__,40
StatisticsError,40
_registry,40
getstate,40
isocalendar,40
solve,40
settable,40
sendall,40
handshake,40
xe8,40
xee,40
xaa,40
xbc,40
heuristic,40
patching,40
Emit,40
Derived,40
_image,40
diagram,40
horse,40
placeholders,40
Condition,40
selects,40
DATE,40
identically,40
unrecognized,40
processor,40
derivatives,40
known_paths,40
inherits,40
xb3,40
Tokenizer,40
unaligned,40
rare,40
top_level,40
install_platbase,40
differing,40
is_private,40
_fd,40
BadZipFile,40
start_dir,40
silence,40
Notice,40
msgid1,40
dists,40
YEN,40
HOOK,40
FEMININE,40
MASCULINE,40
TAU,40
DELTA,40
CHE,40
object_hook,40
fpath,40
asterisk,40
isdecimal,40
HTTPSConnection,40
compile_opts,40
author_email,40
nologo,40
command_obj,40
Application,40
EndDialog,40
wedge,40
kernels,40
_connection,40
_payload,40
Saving,40
TypeForm,40
tvt,40
HDF5,40
ImageCmsProfile,40
pnginfo,40
ParameterSet,40
Char,40
BMonthEnd,40
EngFormatter,40
BooleanDtype,40
astype_overflowsafe,40
result_names,40
ensure_object,40
new_labels,40
flex,40
C_CONTIGUOUS,40
accumulator,40
out_arr,40
ods,40
out2,40
is_named_tuple,40
_dtype_obj,40
to_datetime64,40
window_func,40
nan_mask,40
skip_array_manager_invalid_test,40
qtr_with_extra_week,40
level1,40
edf,40
midx2,40
dates3,40
consistent_data,40
errorbars,40
SQLDatabase,40
df_dc,40
df_s,40
highlight_max,40
strcols,40
rcsetup,40
SQRTHALF,40
bymonthday,40
markeredgewidth,40
solver,40
tpath,40
hatches,40
boxstyle,40
patchA,40
LoadFlags,40
eexec,40
_request_autoscale_view,40
lineoffsets,40
pil_kwargs,40
example_plot,40
trans_added,40
NFFT_density,40
nx1,40
fore,40
SPDX,40
wheel_directory,40
DirectUrl,40
cachecontrol,40
new_version,40
vdot,40
grid_finder,40
_promote,40
is_same_type,40
expr_to_unanalyzed_type,40
is_named_instance,40
tvar_defs,40
type_info,40
meta_file,40
UFOFormatVersion,40
clazz,40
normalizeLocation,40
ReorderCoverage,40
strjoin,40
use_extension,40
_outPen,40
Bopo,40
AR_O,40
contig,40
infj,40
samefile,39
came,39
triggering,39
from_bytes,39
max_size,39
listen,39
Various,39
evaluating,39
express,39
overflows,39
den,39
PYTHONPATH,39
__and__,39
relationship,39
INCLUDING,39
_nframeswritten,39
dtstr,39
purely,39
daylight,39
stripping,39
Already,39
xc7,39
_length,39
doctests,39
cal,39
_call,39
get_args,39
uniquely,39
cafile,39
capath,39
certs,39
_checkClosed,39
Highlight,39
Progress,39
singular,39
orders,39
consumption,39
cutoff,39
wouldn,39
ofp,39
fault,39
interleave,39
code_info,39
plistlib,39
x0d,39
DEPRECATED,39
timeit,39
b64encode,39
current_frame,39
transient,39
prefixlen,39
IOBase,39
endrec,39
xa6,39
YEH,39
xb8,39
JavaScript,39
tti,39
Sphinx,39
Range,39
preprocessor,39
opt_name,39
docutils,39
authority,39
extractor,39
nodeName,39
drivers,39
match_test,39
bot,39
_cls,39
maintype,39
icc_profile,39
pyCMS,39
decorations,39
fullwidth,39
ensure_dir,39
categoricals,39
IgnoreRaise,39
SortKind,39
busdaycalendar,39
ref_count,39
JAN,39
use_inf_as_na,39
Col2,39
infer_dtype_from_scalar,39
bincount,39
use_numexpr,39
pyxlsb,39
_check_fill_value,39
input_array,39
has_dropped_na,39
BlockIndex,39
sketch,39
blknos,39
WOM,39
expected_labels,39
result4,39
b_dense,39
index_large,39
get_title,39
loglog,39
twiny,39
hsv,39
s3_public_bucket_with_data,39
extremes,39
axvline,39
_interval,39
mathrm,39
_val_or_rc,39
miter,39
tip,39
set_axis_off,39
AnchoredOffsetbox,39
_tmpdir,39
_triangulation,39
QT_API,39
panose,39
no_color,39
is_method,39
ContourGenerator,39
wheel_cache,39
preload_content,39
pylock_path_or_url,39
max_string,39
cset,39
CoveragePlugin,39
numbits,39
MessageBuilder,39
visit_type_alias_type,39
is_star,39
query_types,39
FloatExpr,39
ReturnStmt,39
read_type,39
function_stack,39
metastore,39
ascc,39
FakeFSCache,39
BASE,39
nameIDs,39
ensureDecompiled,39
all_quadratic,39
Ethi,39
designLimits,39
AR_b,39
ucs_value,39
_test_not_equal,39
format_exception_only,38
marshal,38
portions,38
NUL,38
lose,38
xaf,38
x8d,38
Long,38
repeatedly,38
worry,38
effort,38
__wrapped__,38
varies,38
NodeVisitor,38
reraise,38
Has,38
_default,38
overall,38
mkdtemp,38
Recursively,38
FileExistsError,38
spurious,38
mail,38
quickly,38
DOS,38
__divmod__,38
closer,38
powers,38
prototype,38
entered,38
tiff,38
is_alive,38
strerror,38
Flag,38
clients,38
evaluates,38
ACTION,38
rewind,38
dct,38
leap,38
sanitize,38
Manual,38
finditer,38
Sometimes,38
ndigits,38
_replace,38
TLSVersion,38
shall,38
Unit,38
collecting,38
capstyle,38
Button,38
pressed,38
horizontally,38
cmdline,38
UserDict,38
Checking,38
fix_imports,38
imply,38
Release,38
VERSION,38
Host,38
Fail,38
Suite,38
orelse,38
current_offset,38
_denominator,38
_locked,38
new_key,38
get_,38
paragraph,38
joining,38
decoding_map,38
disclaimer,38
Limit,38
AddressValueError,38
cflags,38
compiler_so,38
KEY,38
xd8,38
DAGGER,38
JSONDecodeError,38
ZoneInfo,38
historical,38
error_message,38
full_path,38
item2,38
NOT_FOUND,38
LinkError,38
target_desc,38
strip_dir,38
input_opt,38
costs,38
help_options,38
pkgs,38
Joe,38
Url,38
add_data,38
source_path,38
VALUES,38
newurl,38
_locator,38
grave,38
_meta,38
maxlinelen,38
get_cfws,38
Rich,38
get_context,38
from_parent,38
Left,38
Chain,38
_im,38
TiffImagePlugin,38
_imaging,38
_val,38
im1,38
radial,38
Intent,38
PytestWarning,38
toterminal,38
cartesian,38
_fail_reason,38
QuarterBegin,38
NaPosition,38
Indexing,38
Categoricals,38
cons,38
concat_compat,38
data_label,38
level_0,38
htable,38
get_window_bounds,38
parr,38
_field_accessor,38
left_mask,38
GitHub,38
addendum,38
true_divide,38
ind2,38
aabbca,38
cdef,38
intersections,38
is_object_or_nan_string_dtype,38
default_axes,38
icom,38
iris_frame,38
create_sql,38
_v_attrs,38
TextFileReader,38
musl,38
_format_version,38
iter_segments,38
violin,38
get_size_in_points,38
DrawingArea,38
arrow_patch,38
_fig,38
tick2line,38
use_gridspec,38
_scale,38
valmax,38
hlines,38
_xys,38
autoscale_view,38
halfrange,38
label_namer,38
Panel,38
fontinfo,38
masked_x,38
tmpl,38
cmap_1,38
ny1,38
_typeshed,38
incompatibilities,38
JupyterMixin,38
TextType,38
JustifyMethod,38
abstract_status,38
self_var,38
stub_desc,38
SourceFinder,38
std_tuplei,38
charCode,38
cffLib,38
vmtx,38
feaLib,38
fdIndex,38
PairPos,38
isComposite,38
kern2,38
basePen,38
LOffset,38
_commands,38
Guru,38
psstring,38
floatmode,38
assert_equal_records,38
get_handler_name,38
_rational_tests,38
fone,38
irfft,38
Work,37
pkg_name,37
existence,37
_load,37
bother,37
Previously,37
winerror,37
Backward,37
intent,37
x8b,37
BINPUT,37
Awaitable,37
destroyed,37
line_number,37
isidentifier,37
inserts,37
is_nan,37
__format__,37
touch,37
underscores,37
approximate,37
ChainMap,37
Files,37
dead,37
Reverse,37
comparable,37
continuous,37
linearly,37
Variables,37
getpass,37
sha256,37
hexadecimal,37
_comptype,37
ffffff,37
producing,37
_fold,37
AF_INET,37
xc5,37
xe6,37
fairly,37
Accepts,37
difflib,37
set_trace,37
positives,37
referred,37
instantiating,37
xd4,37
authorization,37
MAX,37
clicked,37
maxval,37
Short,37
concept,37
modifications,37
traverser,37
Makefile,37
_names,37
development,37
extending,37
resetting,37
get_python_version,37
xb9,37
carry,37
IPv4Address,37
tmsg,37
major_version,37
INFINITY,37
u201d,37
xc0,37
xcb,37
approximately,37
packing,37
Core,37
dual,37
labelled,37
agent,37
StrictVersion,37
command_options,37
ext_name,37
changelog,37
dist_name,37
ssh,37
header_name,37
tagName,37
nextSibling,37
_popen,37
ISOtech,37
freeze,37
closures,37
masking,37
_paused,37
flipped,37
__frame,37
reorder,37
BaseExcT_1,37
bar2,37
fixed_now_ts,37
MutableMappingT,37
FillnaOptions,37
notnull,37
wide_to_long,37
res_index,37
Numba,37
make_doc,37
ExtensionArrays,37
show_counts,37
SettingWithCopyError,37
_is_copy,37
as_json,37
from_dataframe,37
_col,37
fill_axis,37
register_extension_dtype,37
species,37
is_complex_dtype,37
is_signed_integer_dtype,37
is_text,37
input_dtype,37
right_by,37
false_values,37
tzfile,37
newmask,37
arccos,37
arcsinh,37
arctanh,37
bitwise_or,37
jolie,37
_label,37
arr_float,37
nat_series_dtype_timedelta,37
mix_abc,37
tpl,37
iseries,37
ndenumerate,37
autopct,37
fliers,37
drop_table,37
cellcolor,37
precise_float,37
read_csv_check_warnings,37
rowLabels,37
ecolor,37
locators,37
row_num,37
ret2,37
cast_type,37
Colorbar,37
angular,37
whis,37
interval_multiples,37
flierprops,37
polys,37
Gurmukhi,37
subr,37
bbox1,37
new_marker,37
mgrid,37
CID,37
config_values,37
harvester,37
autoreset,37
flow_style,37
YAML,37
HTTPHeaderDict,37
ConsoleRenderable,37
Katakana,37
__replace__,37
render_options,37
isolate_module,37
errorcodes,37
PlaceholderType,37
ComplexExpr,37
DictionaryComprehension,37
read_str_opt,37
can_be_true,37
can_be_false,37
declared_metaclass,37
maybe_type_expr,37
lookup_type,37
TypeRange,37
FOUND_WITHOUT_TYPE_HINTS,37
subc,37
pattern_factory,37
fid,37
otFont,37
getNumRegions,37
xmlRead,37
glyph1,37
Class1Record,37
DefaultLangSys,37
validateRead,37
styleMapStyleName,37
overflowRecord,37
conditionset,37
NEIGH_MODE,37
_check_branch_cut,37
iter_indices,37
fftn,37
Utilities,36
load_module,36
UNICODE,36
UNC,36
seps,36
IEEE,36
x8c,36
co_flags,36
instruction,36
Trying,36
Compatibility,36
Something,36
format_dict,36
_options,36
octet,36
cdf,36
_active,36
Oct,36
functional,36
data_type,36
Per,36
noise,36
issued,36
hash_name,36
iterations,36
or_,36
_datalength,36
Incomplete,36
_month,36
wall,36
stopped,36
xe5,36
xc6,36
xf9,36
aka,36
chance,36
month_name,36
_kwargs,36
no_type_check,36
structural,36
_session,36
ambiguity,36
aliased,36
perpendicular,36
Netscape,36
logarithmic,36
_collections,36
maxlevels,36
SequenceMatcher,36
_connect,36
Couldn,36
bbb,36
Network,36
Actual,36
fwrapv,36
_close,36
happy,36
write_bytes,36
mess,36
enabling,36
casefold,36
sel,36
replay,36
curframe,36
Creating,36
serialization,36
HARD,36
x2500,36
xd3,36
ZHE,36
days_in_month,36
datum,36
lexicographically,36
TestResult,36
test_case,36
HTTPStatus,36
path_parts,36
vstring,36
ThreadPoolExecutor,36
localname,36
oldChild,36
ParseError,36
getsizeof,36
ISOgrk3,36
phi,36
ideally,36
get_payload,36
recwarn,36
parse_tree,36
_groups,36
_array,36
dataclass_transform,36
disjoint,36
_shape,36
DeferredError,36
assemble,36
layout_engine,36
DXGI_FORMAT,36
ImageDraw,36
basetemp,36
capsys,36
checked_call,36
pd_array,36
_where,36
is_datetimelike,36
col_level,36
SettingWithCopyWarning,36
_get_axis_name,36
double_precision,36
lkey,36
itertuples,36
fromarrays,36
lev3,36
libjoin,36
is_floating,36
is_any_real_numeric_dtype,36
group_info,36
CBMonthBegin,36
CBMonthEnd,36
Milli,36
WeekOfMonth,36
arr_nan,36
dti1,36
exp_vals,36
drepr,36
external_error_raised,36
rdtype,36
expected_idx,36
assert_attr_equal,36
ci1,36
int_type,36
var_x,36
get_yaxis,36
symlog,36
get_marker,36
src_path,36
cursive,36
plot_backend,36
set_view_interval,36
terminal_width,36
set_cmap,36
zier,36
mpl_disconnect,36
dy2,36
gouraud,36
otf,36
allow_rasterization,36
get_affine,36
mutation_scale,36
legend_handle,36
sticky_edges,36
ContourSet,36
apply_aspect,36
_axis_map,36
linelengths,36
scalex,36
box_aspect,36
configs,36
lutshape,36
moveaxis,36
tri_index,36
pos_only,36
_cfg,36
Dumper,36
format_control,36
_from_dict,36
MarkerList,36
_manylinux,36
UnparsedVersion,36
pad_right,36
code_width,36
file_tracer,36
Replaced,36
allow_placeholder,36
from_another_any,36
split_with_prefix_and_suffix,36
qualified_name,36
visit_assignment_stmt,36
ForStmt,36
new_messages,36
func_def,36
local_errors,36
assert_simplified_union,36
len_l,36
mayReturnEmpty,36
recalcTimestamp,36
include_tables,36
exclude_tables,36
GLIF,36
strikes,36
indexSubTable,36
DesignSpaceDocumentError,36
axisObject,36
PenError,36
Gujr,36
maxexp,36
assert_array_strict_equal,36
cnan,36
check_real_value,36
rfftn,36
Clean,35
var1,35
Bytes,35
proceed,35
ismodule,35
getmembers,35
Global,35
fstat,35
addr_spec,35
Floating,35
_check_nans,35
_normalize,35
_shallow_copy,35
commas,35
video,35
DEFAULT_BUFFER_SIZE,35
RawIOBase,35
friendly,35
mixin,35
to_bytes,35
nframes,35
timetuple,35
_day,35
xba,35
dumb,35
_type_,35
Separate,35
subst,35
Negative,35
localns,35
prohibited,35
Alternative,35
CertificateError,35
idna,35
locks,35
According,35
instream,35
winner,35
fset,35
mainloop,35
canvwidth,35
canvheight,35
Your,35
worst,35
ugly,35
IOError,35
ifp,35
Unused,35
NNTP,35
latitude,35
Positional,35
huge,35
_filter,35
iterkeys,35
php,35
csd,35
tutorial,35
relative_to,35
rargs,35
sell,35
_fileno,35
Maps,35
toknum,35
max_workers,35
ALMOST,35
x25a0,35
QUARTERS,35
x9a,35
x9d,35
trailing_dot,35
MyClass,35
discouraged,35
not_found,35
importable,35
Logger,35
Ideally,35
unmatched,35
Requests,35
ldflags,35
get_fullname,35
default_format,35
fragments,35
setup_script,35
TABLE,35
x509,35
lastEvent,35
tostring,35
regrtest,35
entry_points,35
_pool,35
sslcontext,35
ragged,35
disjoint_base,35
ImagingCore,35
n_frames,35
overlay,35
fill_ink,35
INPUT,35
SUN,35
invocation_dir,35
allow_unicode,35
readouterr,35
test_input,35
any_int_ea_dtype,35
UInt8,35
DTypeLike,35
BaseBuffer,35
IntervalClosedType,35
groupers,35
EA2D,35
pin,35
deprecate_nonkeyword_arguments,35
is_iterator,35
string_,35
_arith_method,35
zipped,35
level_1,35
pandas_version,35
convert_integer,35
is_1d_only_ea_dtype,35
ipynb,35
has_duplicates,35
DTI,35
datetime_data,35
na_pos,35
i8values,35
ArrowStringArrayMixin,35
DataError,35
current_time,35
idx4,35
F_CONTIGUOUS,35
date1,35
col_type,35
loc2,35
grps,35
add_column,35
data_missing_for_sorting,35
compare_func,35
format_coord,35
get_ticklocs,35
get_ticklabels,35
ncolors,35
class_column,35
s3_public_bucket,35
stringify_path,35
encoding_errors,35
read_kwargs,35
need_transaction,35
read_dta,35
string2,35
data_path,35
siunitx,35
styler_mi,35
colLabels,35
stacking_id,35
munits,35
majloc,35
stylename,35
admonition,35
dx1,35
dy1,35
_str_equal,35
byweekday,35
grids,35
bitrate,35
TTF,35
intervalx,35
charstrings,35
update_scalarmappable,35
SubFigure,35
gfx_ctx,35
do_event,35
splt,35
InstallationCandidate,35
InvalidSpecifier,35
RevOptions,35
lsb,35
rss,35
word_wrap,35
output_path,35
ARG_NAMED_OPT,35
python_3_12_type_alias,35
visit_instance,35
SYNTAX,35
SetExpr,35
COVARIANT,35
is_staticmethod,35
alt_promote,35
os_path_join,35
mod_ids,35
psName,35
formatType,35
rrcurveto,35
PaintColrLayers,35
fpgm,35
baseGlyphName,35
fi2fl,35
noRound,35
optimizeSize,35
VAst,35
forceChain,35
os2_,35
popall,35
owndata,35
a_f16,35
_DeprecationTestCase,35
generate_tokens,34
INDENT,34
regexes,34
Coroutine,34
volume,34
x8e,34
Everything,34
x8f,34
forbidden,34
iterated,34
okay,34
truncating,34
Similarly,34
natural,34
Zero,34
Contains,34
Handles,34
equally,34
Comparison,34
RawConfigParser,34
popitem,34
conf,34
htm,34
retcode,34
capture_output,34
Prefer,34
Flush,34
EVENT_READ,34
member_type,34
numbering,34
__invert__,34
obsolete,34
Thing,34
_framerate,34
_datawritten,34
fromtimestamp,34
YYYY,34
xf1,34
xd1,34
asdict,34
semicolon,34
BufferedReader,34
heapq,34
newpath,34
BLANKLINE,34
basedir,34
begins,34
tearDown,34
_SpecialForm,34
DefaultDict,34
get_origin,34
trust,34
limitations,34
Gujarati,34
Lower,34
Oriya,34
Sinhala,34
compliance,34
group_key,34
_CFG,34
Configure,34
atan2,34
Unified,34
from_line,34
next_id,34
xmlrpc,34
meets,34
ins,34
bytes_read,34
PATH_INFO,34
evenly,34
refactor,34
BinOp,34
cache_from_source,34
CFLAGS,34
pyconfig,34
article,34
get_terminal_size,34
gaps,34
consulted,34
dirnames,34
_block,34
charmap,34
trimmed,34
other_value,34
basically,34
msgid2,34
_method,34
attrname,34
x2592,34
x2502,34
x2524,34
x2510,34
x2514,34
x2534,34
x252c,34
x251c,34
x253c,34
x2518,34
x250c,34
x2580,34
xda,34
LAM,34
TSE,34
SHCHA,34
YERU,34
roman,34
check_circular,34
pause,34
Document,34
istitle,34
call_count,34
UnixCCompiler,34
dylib,34
script_args,34
download_url,34
WARN,34
set_,34
cmd_class,34
subcommand,34
infiles,34
confirm,34
ProductName,34
suggestion,34
linefmt,34
adapters,34
urljoin,34
no_proxy,34
ltag,34
mins,34
Transport,34
ary,34
Int,34
fws,34
Orientation,34
qtables,34
ascent,34
_Ink,34
rpow,34
LGPL,34
color_type,34
pluggy,34
firstresult,34
pytester,34
reprcrash,34
expected_exceptions,34
int_frame,34
pyright,34
pearson,34
apply_along_axis,34
feather,34
out1,34
is_decimal,34
hash_array,34
is_numeric,34
LastWeekOfMonth,34
Female,34
exp_rows,34
date2,34
from_dlpack,34
bool_agg_func,34
make_data,34
legends,34
idxl,34
nxt,34
axes_grid1,34
SAS,34
expected_html,34
col_heading,34
low_memory,34
pyarrow_xfail,34
dashdot,34
int_len,34
dx2,34
fillstyle,34
classic_mode,34
butt,34
fontManager,34
Bengali,34
cla,34
get_major_locator,34
font_class,34
glue_spec,34
ignore_event_outside,34
masked_invalid,34
bbox2,34
mplot3d,34
image_file,34
new_cmap,34
url_prefix,34
fontNumber,34
tris_pts,34
ScannerError,34
UnsupportedWheel,34
build_tracker,34
download_dir,34
backend_path,34
HTTPAdapter,34
cache_url,34
ssl_minimum_version,34
request_context,34
proxy_config,34
assert_fingerprint,34
Punctuation,34
getfield,34
lightsource,34
skip_empty,34
file_reporter,34
from_start,34
TypeList,34
allow_unbound_tvars,34
empty_tuple_index,34
YieldFromExpr,34
visit_class_def,34
visit_block,34
write_str_opt,34
only_once,34
find_member,34
is_classvar,34
is_inferred,34
worklist,34
all_types,34
InspectionStubGenerator,34
recurrence,34
parseImpl,34
_g_l_y_f,34
fontDict,34
paletteEntryLabels,34
SID,34
MarkRecord,34
hMetrics,34
supportScalar,34
bytearr,34
idRangeOffset,34
glyphIndexArray,34
closure_glyphs,34
AR_c,34
make_mask_descr,34
refs_ok,34
hfft,34
interact,33
format_exception,33
startup,33
PendingDeprecationWarning,33
arbitrarily,33
Many,33
dedicated,33
efficiently,33
Unpickler,33
matters,33
blanks,33
sends,33
heavy,33
zip_longest,33
ended,33
eight,33
peer,33
Overrides,33
backup,33
as_integer_ratio,33
Assumes,33
negate,33
__delattr__,33
compares,33
log1p,33
CloseHandle,33
universal_newlines,33
umask,33
Android,33
original_value,33
fabs,33
_sigma,33
Blue,33
IMPLIED,33
ish,33
Reading,33
_nframes,33
considering,33
throws,33
jumps,33
FTP,33
Zip,33
SEP,33
u03a3,33
print_exception,33
day_name,33
February,33
DTD,33
narrower,33
tp_dict,33
certificates,33
sslobj,33
Trace,33
format_string,33
Grouping,33
Language,33
Pad,33
Tkinter,33
wrote,33
resizemode,33
mfc,33
Initial,33
_reset,33
docstr,33
Memory,33
decoration,33
registering,33
increases,33
drops,33
Form,33
elts,33
unambiguous,33
type_comment,33
start_index,33
_factory,33
Fall,33
disables,33
Ctrl,33
_flavour,33
map_index,33
surrounding,33
copyfile,33
Ignored,33
Arc,33
PREFIX,33
xd5,33
u2019,33
xbe,33
FORMS,33
esc,33
dstoff,33
correspondence,33
accidentally,33
Vertical,33
assert_called_with,33
lazily,33
putheader,33
rpath,33
libfile,33
PyPIRCCommand,33
maintainer_email,33
analogous,33
get_url,33
install_script,33
modal,33
INTO,33
parsed_url,33
appendChild,33
test_access,33
tmp_dir,33
stackoverflow,33
transports,33
splitter,33
epilogue,33
_conn_lost,33
TypeIs,33
i64,33
preview,33
register_save,33
append_images,33
Palette,33
ImageFileDirectory_v2,33
minmax,33
rsub,33
rtruediv,33
Contour,33
get_bbox,33
is_period_dtype,33
is_categorical_dtype,33
exclusions,33
sanitize_array,33
datetimetz,33
is_bool_indexer,33
PlotAccessor,33
pinned,33
sortlevel,33
get_item,33
downstream,33
slicer,33
splines,33
construct_1d_object_array_from_listlike,33
attr_cols,33
safe_sort,33
trimming,33
window_indexer,33
subdtype,33
is_datetime64_any_dtype,33
_wrap_reduction_result,33
_NestedSequence,33
_000,33
minlength,33
_loc,33
_orig,33
Easter,33
get_dtype,33
dtype_name,33
bday_msg,33
MON,33
pydt,33
dt_str,33
idx_values,33
lc_var,33
as_series,33
mrecarray,33
rng1,33
result0,33
exp_df,33
stepfilled,33
get_legend,33
_check_has_errorbars,33
_shared_axes,33
boxprops,33
ListedColormap,33
banklist_data,33
bool_type,33
load_workbook,33
majfmt,33
parse_url,33
CallbackRegistry,33
_get_data_path,33
joinstyle,33
_joinstyle,33
RectangleSelector,33
_register_style,33
mcoll,33
textprops,33
get_next_color,33
lolims,33
maxlags,33
subfig,33
_converter,33
set_zlim,33
_to_int,33
_dvistate,33
fontNames,33
pathops,33
subprocess_run_for_testing,33
__array_finalize__,33
single_point,33
clevs,33
event_sequence,33
sig_base,33
ret1,33
points_or_none,33
SafeRepresenter,33
FullConstructor,33
SafeConstructor,33
add_constructor,33
cov_report,33
fail_under,33
CoverageException,33
pool_kwargs,33
key_password,33
p_type,33
_abi,33
_interpreter,33
_buff_i,33
Affix,33
fftshift,33
title_text,33
WindowsCoordinates,33
tent,33
TaskID,33
TypeVarLikeExpr,33
final_iteration,33
tvar_expr,33
is_stub_file,33
visit_name_expr,33
SuperExpr,33
TypeApplication,33
WithStmt,33
min_args,33
mod_id,33
star_index,33
expand_type_by_instance,33
ClassInfo,33
_arg,33
default_signature,33
assert_map,33
assert_not_subtype,33
GlyphOrder,33
baseGlyph,33
lookupflag,33
ppem,33
LangSysRecord,33
AbstractPointPen,33
Grantha,33
Telu,33
temppath,33
draw_label,33
axisRanges,33
cdouble,33
nested_iters,33
mvoid,33
maxulp,33
singledispatch,32
Relative,32
Modify,32
Lazy,32
verified,32
theory,32
_test,32
print_help,32
isfunction,32
unwrapped,32
metaclasses,32
dict_obj,32
extraction,32
kwonlyargs,32
kwonly,32
__weakref__,32
NamedTemporaryFile,32
undocumented,32
__copy__,32
Emin,32
Hence,32
__rpow__,32
demand,32
continuation,32
vnd,32
BufferedIOBase,32
_input,32
Parent,32
interrupted,32
Enter,32
SyntaxWarning,32
_mu,32
Installer,32
x9c,32
clips,32
Marks,32
frexp,32
backlog,32
exports,32
ModuleSpec,32
field_names,32
fastest,32
unconditionally,32
bindings,32
divider,32
leapdays,32
identifies,32
Sized,32
benefit,32
is_str,32
_inst,32
subtyping,32
_source,32
Point2D,32
setblocking,32
Instantiate,32
deletion,32
locales,32
Except,32
Kannada,32
Telugu,32
restored,32
Jython,32
reflected,32
browsers,32
Workaround,32
Preserve,32
Patterns,32
endchar,32
monotonically,32
num_lines,32
Catch,32
contextual,32
httplib,32
rewritten,32
opposed,32
filemode,32
trees,32
pgo,32
summed,32
_container,32
_get_value,32
utime,32
particularly,32
from_,32
format_exc,32
mbcs,32
DLL,32
Debian,32
INTEGER,32
INDEX,32
millisecond,32
get_config_vars,32
undef,32
alphabet,32
parent_path,32
AUTHORS,32
stacks,32
newpos,32
Symbol,32
fsrc,32
EMPTYSTRING,32
fills,32
x2591,32
x2593,32
x2563,32
x2551,32
x2557,32
x255d,32
x255a,32
x2554,32
x2569,32
x2566,32
x2560,32
x2550,32
x256c,32
x2588,32
x2584,32
xce,32
SEQUENCE,32
subpatterns,32
Separator,32
wheel_path,32
test_item,32
HTTPException,32
dllwrap,32
preserve_mode,32
output_libname,32
useless,32
gen_lib_options,32
lib_opts,32
__paths,32
ldshared,32
plat_specific,32
dist_files,32
package_data,32
install_scripts,32
swig,32
sys_path,32
Property,32
WHERE,32
crawl,32
_attrsNS,32
setAttribute,32
XMLParser,32
file_or_filename,32
_all,32
Charset,32
unstructured,32
jan,32
ipython,32
_check_closed,32
typeid,32
_callmethod,32
fullnames,32
register_extension,32
PdfParser,32
libtiff,32
getpalette,32
_000_000,32
extrema,32
rmul,32
thresh,32
tryfirst,32
early_config,32
SubRequest,32
legacy_path,32
BYearEnd,32
BQuarterBegin,32
UInt32,32
spearman,32
TimeGrouper,32
new_axis,32
is_on_offset,32
reorder_levels,32
_cmp_method,32
as_strided,32
size_hint,32
between_time,32
is_complex,32
elem_cols,32
_can_hold_element,32
unstacker,32
intc,32
allow_exact_matches,32
null_count,32
cache_dates,32
Paris,32
isnat,32
_from_backing_data,32
dtype_str,32
is_month_start,32
reorder_categories,32
make_sparse_index,32
ColumnNullType,32
tzs,32
_doc_args,32
_on,32
CDay,32
targ,32
PY311,32
ts_tz,32
jan2009,32
check_column_type,32
mixed_int_frame,32
index_exp,32
AllFloat,32
func_1,32
meson,32
expected_keys,32
biglink,32
is_open,32
oblique,32
table_attributes,32
ioargs,32
SASIndex,32
Colorizer,32
bezier,32
_interpolation_steps,32
intersects_path,32
_setattr_cm,32
byhour,32
bymonth,32
validate_color,32
font_path,32
_antialiased,32
shrinkB,32
caplines,32
StandardEncoding,32
minorticks_on,32
uniindex,32
nucleus,32
Cursors,32
loc1,32
antialiaseds,32
zmin,32
axline,32
uplims,32
scaley,32
tricontourf,32
magnification,32
Sankey,32
CubicTriInterpolator,32
vhea,32
no_assert,32
on_stderr,32
ConstructorError,32
skip_covered,32
upgrade_strategy,32
file_data,32
IDNAError,32
span_start,32
_LowerBound,32
binary_format,32
lgpl,32
oldap,32
OLDAP,32
script_text,32
bdd,32
extra_lines,32
start_line,32
_Span,32
add_arc,32
missing_import_name,32
visit_type_var,32
YieldExpr,32
CastExpr,32
SliceExpr,32
NamedTupleExpr,32
StatementVisitor,32
is_trivial_self,32
first_item,32
condlists,32
fallback_to_any,32
include_docstrings,32
override_info,32
no_type,32
error_lines,32
type_fixer,32
get_type_triggers,32
parms,32
recalcBounds,32
paletteLabels,32
WOFF2,32
FDSelect,32
fixedTools,32
markFilterSet,32
ValueFormat2,32
maxCtx,32
glif,32
ufo,32
infoData,32
dictPrototype,32
endPtsOfContours,32
_lineTo,32
evenOdd,32
skipMissingComponents,32
Zinh,32
__array_namespace_info__,32
NZERO,32
PZERO,32
max_line_width,32
MaskType,32
mXX,32
fnan,32
ainf,32
emulate,31
tb_next,31
inspection,31
__warningregistry__,31
cyclic,31
tilde,31
path_list,31
versus,31
Meta,31
embed,31
iscoroutinefunction,31
buggy,31
ENCODING,31
Cygwin,31
_files,31
_sections,31
Reads,31
postscript,31
_eof,31
fcntl,31
confstr,31
startupinfo,31
Aliases,31
iterators,31
explain,31
Green,31
van,31
md5,31
block_size,31
user_function,31
gather,31
Permission,31
Feb,31
wday,31
timestr,31
fromutc,31
life,31
Indexes,31
create_connection,31
SSLSocket,31
modpath,31
a_type,31
_compression,31
Invoke,31
ndiff,31
add_argument_group,31
inv,31
alen,31
__subclasscheck__,31
Nested,31
rarely,31
Marc,31
Georgian,31
Hebrew,31
lexical,31
facing,31
Treat,31
Shared,31
Small,31
intern,31
yyy,31
Dialect,31
terminates,31
socktype,31
Byte,31
heterogeneous,31
arg_string,31
_str,31
sentence,31
platlibdir,31
realname,31
capacity,31
Tool,31
BufferedIncrementalDecoder,31
_parts,31
abbreviation,31
INSTALL_SCHEMES,31
IPv6Address,31
Identifier,31
restart,31
ZipInfo,31
compress_size,31
stat_result,31
zip_filename,31
RHO,31
EXTENDED,31
x10000,31
restricted,31
rdivmod,31
suiteClass,31
unquoted,31
_message,31
ietf,31
content_length,31
SWIG,31
get_command_obj,31
alts,31
StreamHandler,31
Assign,31
SQLite,31
cur_node,31
xml_data,31
elems,31
Fatal,31
TESTFN,31
unraisable,31
_environ,31
package_path,31
ptext,31
max_line_length,31
triplets,31
Policy,31
transforming,31
_semlock,31
initargs,31
stop_event,31
subnode,31
is_closed,31
add_done_callback,31
_fatal_error,31
ssldata,31
trait,31
StrOrBytesPath,31
_bigtiff,31
_plugins,31
disposal,31
XYZ,31
cursors,31
x2d,31
CallInfo,31
pytest_addoption,31
exitstatus,31
MonkeyPatch,31
inipath,31
highlighting,31
flaky,31
any_numeric_ea_and_arrow_dtype,31
Git,31
kendall,31
upsampling,31
Timestamps,31
a_max,31
StringMethods,31
pig,31
kurtosis,31
hashtable,31
ranks,31
to_list,31
startrow,31
startcol,31
hardmask,31
progress_bar,31
column_name,31
ixs,31
team,31
series1,31
is_datetime64_dtype,31
NDArrayBacked,31
array_to_datetime,31
add_categories,31
row_levels,31
sinh,31
arccosh,31
refined,31
gpr,31
education,31
nat_series_dtype_timestamp,31
lefts,31
expecteds,31
res4,31
assert_is_on_offset,31
makeFY5253LastOfMonthQuarter,31
ComplexWarning,31
bitwise_and,31
get_state,31
roll_frame,31
pairwise_frames,31
DateCol,31
get_major_ticks,31
get_linewidth,31
gridsize,31
fsspectest,31
pandas_sql,31
df_compat,31
headless,31
QApplication,31
_read_uint,31
logit,31
fontconfig,31
flatiter,31
bysecond,31
monospace,31
family_name,31
_Base,31
tail_width,31
ExecutableNotFoundError,31
pyparsing_common,31
get_ybound,31
_nolegend_,31
pale,31
_nrows,31
tricontour,31
tripcolor,31
updatey,31
_rgba_bad,31
inset_ax,31
measurements,31
default_style,31
ntri,31
skip_chars,31
write_indicator,31
best_candidate,31
extra_environ,31
dir_info,31
pth_file,31
egg_name,31
BaseHTTPResponse,31
ssl_maximum_version,31
assert_hostname,31
_thread_local,31
prepared_request,31
binary_repr,31
child_node,31
focal_length,31
TypeVarLikeScope,31
visit_any,31
strict_optional_set,31
final_value,31
visit_member_expr,31
TypedDictExpr,31
NewTypeExpr,31
AwaitExpr,31
read_str_bare,31
has_placeholder,31
follow_imports,31
new_types,31
erase_typevars,31
dmypy,31
STRING_FORMATTING,31
add_name,31
import_tracker,31
module_symbol_table,31
descriptor_type,31
custom_typeshed_dir,31
seen_types,31
allow_partial_overlap,31
can_skip,31
infer_lvalue_type,31
base_node,31
scc_ids,31
meta_ex,31
must_be_defined,31
match_file,31
assert_find_shallow_matching_overload_item,31
make_call,31
assert_subtype,31
dout,31
__tokdict,31
vstore,31
makeOutputFileName,31
defaultWidthX,31
OTTableWriter,31
LayerList,31
LookupType,31
SUBTABLE_BREAK_,31
MarkGlyphSetsDef,31
LookupCount,31
ReqFeatureIndex,31
ScriptRecord,31
bitDepth,31
FeatureVariationRecord,31
FeatureTableSubstitution,31
NewState,31
Ideographs,31
fromrecords,31
__setmask__,31
ar1,31
masked_values,31
_nx,31
prepared,30
get_source,30
groupdict,30
collapse,30
consist,30
conjunction,30
x8a,30
__debug__,30
_main,30
Random,30
BZ2File,30
Those,30
multiplied,30
adapted,30
Interpolation,30
Main,30
p2cwrite,30
tid,30
__reversed__,30
__xor__,30
probability,30
achieve,30
interior,30
profiler,30
WeakSet,30
_commit_removals,30
xd9,30
SHALL,30
_framesize,30
Month,30
Sep,30
firstweekday,30
wider,30
During,30
error_proto,30
reply,30
netrc,30
Break,30
xf2,30
source_bytes,30
Actually,30
minimize,30
redirects,30
Running,30
folded,30
Debug,30
W3C,30
Mixin,30
__instancecheck__,30
AbstractContextManager,30
Supports,30
escaping,30
Upper,30
_MAXLINE,30
octets,30
getpreferredencoding,30
shortest,30
MAGIC,30
redirect_stdout,30
activate,30
objid,30
perf_counter,30
alo,30
ahi,30
blo,30
bhi,30
InterruptedError,30
Semaphore,30
lognormal,30
limitation,30
serial,30
Substitute,30
invalidation_mode,30
xkcd,30
denom,30
continued,30
BUFSIZE,30
_toc,30
print_exc,30
_node,30
uuid4,30
Converting,30
x3f,30
disabling,30
script_dir,30
classification,30
xfe,30
arm64,30
Intel,30
Legacy,30
default_value,30
db8,30
truncation,30
Automatically,30
Gets,30
MICSFT,30
xf5,30
xcf,30
u2018,30
dstoffset,30
decision,30
bucket,30
superscript,30
subtest,30
subtests,30
funcopy,30
_formatMessage,30
Proxy,30
obj_extension,30
entry_point,30
swig_opts,30
MSVCCompiler,30
new_root,30
room,30
pyd,30
Removing,30
Resource,30
_response,30
aname,30
Attr,30
previousSibling,30
_cont_handler,30
parent_dir,30
leaks,30
relative_filename,30
EntryPoint,30
_cur,30
connection_lost,30
work_item,30
frozen_default,30
new_block,30
animated,30
AAT,30
rfloordiv,30
NEAREST,30
new_im,30
quads,30
im_info,30
hookspec,30
invocation_params,30
Lengths,30
Visitor,30
posn,30
_get_option,30
all_numeric_reductions,30
shift_forward,30
Int8Dtype,30
_selection,30
_references,30
asarray_tuplesafe,30
is_valid,30
only_slice,30
check_dtype_backend,30
original_df,30
allow_dups,30
zebra,30
tiger,30
expand_dims,30
gbq,30
idx_diff,30
viper,30
config_prefix,30
NDArrayBackedExtensionArray,30
to_array,30
x_idx,30
fac,30
is_boolean,30
is_unsigned_integer_dtype,30
_from_sequence_of_strings,30
comb,30
is_month_end,30
is_quarter_end,30
obj_arr,30
sorted_idx,30
recalc,30
queryables,30
str_t,30
is_object,30
result_name,30
is_transform,30
result_series,30
_positional_selector,30
blkno,30
two_hours,30
exp_unit,30
num2,30
ts1,30
time_locale,30
datet,30
is_anchored,30
idx_func_dict,30
values2,30
Live,30
rs2,30
expected_name,30
rng3,30
the_union,30
expected_output,30
exclude_expected,30
write_kwargs,30
pandasSQL_builder,30
sqlite_str,30
get_storer,30
kml_cta_rail_lines,30
pane,30
autoscale_None,30
is_masked,30
byminute,30
meanprops,30
corner_mask,30
get_font,30
convert_xunits,30
convert_yunits,30
FancyBboxPatch,30
connectionstyle,30
OffsetBox,30
get_horizontalalignment,30
oom,30
decades,30
slanted,30
long_axis,30
draw_bounding_box,30
detrend_mean,30
_process_unit_info,30
imread,30
make_keyword_only,30
markerfmt,30
streamplot,30
scale_units,30
PdfPages,30
updatex,30
_units,30
ascontiguousarray,30
backend_agg,30
LocationEvent,30
toolitem,30
_toolitems,30
ModifierType,30
_images,30
unitsPerEm,30
multiple_points,30
ref_axes,30
fstims,30
PARAM,30
start_event,30
ax_t,30
_line_iter,30
PipError,30
canonicalize_version,30
build_env,30
yanked,30
resolvelib,30
supported_tags,30
display_path,30
requirement_set,30
_ireq,30
DirectUrlValidationError,30
cmd_args,30
HTTPConnectionPool,30
ca_cert_data,30
proxy_url,30
version_id,30
cpu_arch,30
asm,30
background_color,30
bazel,30
value_repr,30
ngrids,30
highs,30
view_margin,30
becomes_typeinfo,30
visit_param_spec,30
visit_type_var_tuple,30
original_str_expr,30
has_explicit_value,30
PassStmt,30
TryStmt,30
base_types,30
is_settable_property,30
explicit_type,30
actual_types,30
MemberContext,30
expect_tag,30
current_overload_name,30
last_if_overload,30
mypy_path,30
is_upper_bound,30
return_types,30
current_node_deferred,30
fall_through,30
common_dir_prefix,30
flush_errors,30
caller_state,30
program_text,30
assert_solve,30
section_options,30
arch_subdir,30
DSIG,30
ruleset,30
GlyphSet,30
kern1,30
RM06,30
gaspRange,30
glyphIds,30
VarRegionList,30
axisOrdering,30
sourceElement,30
reverseFlipped,30
celf,30
edgeitems,30
endwith,30
nI0,30
view_off,30
ifftn,30
anan,30
my_mod,30
Implement,29
plen,29
tracemalloc,29
getfilesystemencoding,29
sensible,29
lots,29
ArgumentDescriptor,29
saves,29
manipulation,29
distinction,29
folding,29
nicer,29
management,29
receives,29
composed,29
ideal,29
substituted,29
guarantees,29
lookahead,29
absent,29
Configuration,29
Depending,29
bmp,29
TimeoutExpired,29
advantage,29
quotation,29
c2pread,29
errread,29
line_buffering,29
Divide,29
peps,29
_shutdown,29
hereby,29
granted,29
FITNESS,29
EVENT,29
LIABLE,29
ARISING,29
header_size,29
mydata,29
ordinals,29
xec,29
__post_init__,29
reprlib,29
_queue,29
backslashreplace,29
and_,29
preset,29
elen,29
lack,29
SOL_SOCKET,29
DNS,29
_context,29
issubset,29
EllipsisType,29
with_traceback,29
redefine,29
mimics,29
geometry,29
backtick,29
fish,29
ability,29
sio,29
ConnectionError,29
SCRIPT_NAME,29
supplying,29
timings,29
mnemonic,29
old_value,29
customization,29
iteritems,29
Capture,29
Java,29
ppc,29
presets,29
roughly,29
keyfunc,29
Doc,29
Anything,29
kws,29
acts,29
barrier,29
_started,29
platbase,29
_accessor,29
optimizations,29
option_list,29
_long_opts,29
streaming,29
stay,29
subheader,29
unclosed,29
_prefixlen,29
TokenInfo,29
fdst,29
_charset,29
BETA,29
cc_args,29
KAF,29
u201c,29
xc8,29
xdb,29
_common,29
identities,29
simple_stmt,29
Weight,29
Coordinates,29
exporting,29
recommend,29
assert_called_once_with,29
reset_mock,29
call_exception_handler,29
complain,29
seq1,29
respected,29
_tunnel_host,29
ddd,29
Client,29
fancy_getopt,29
remove_tree,29
cxx,29
lib_name,29
DEFAULT_REPOSITORY,29
__root,29
route,29
Authorization,29
config_vars,29
FileHandler,29
ring,29
urlunparse,29
Finalize,29
byref,29
refcounts,29
DateTime,29
ell,29
Wedge,29
fixing,29
parent_module,29
subparts,29
NeedMoreData,29
Pipe,29
pkl,29
objdump,29
uninitialized,29
connection_made,29
_read_fut,29
_write_fut,29
whitespace_optional,29
_delegate,29
pypy_version_info,29
TerminalReporter,29
argparsing,29
xdist,29
tee,29
CaptureFixture,29
capture_fixture,29
is_int64_dtype,29
major_codes,29
minor_codes,29
dt64tz,29
index_or_series_obj,29
start_day,29
is_supported_dtype,29
_64Bit,29
T23,29
Animal,29
align_axis,29
dask,29
col_2,29
icol,29
ilocs,29
ExtensionBlock,29
out_shape,29
n_rows,29
llab,29
unbox,29
np_dtype,29
list_,29
complexfloating,29
min_scalar_type,29
to_strip,29
sort_labels,29
BaseGrouper,29
ensure_block_shape,29
result_kwargs,29
picker,29
base_version,29
repo,29
bac,29
tups,29
s_orig,29
tdnat,29
end_index,29
HOURLY,29
T01,29
obj3,29
series_result,29
logical_not,29
med,29
is_inplace,29
get_height,29
get_axes,29
get_engine,29
colspec,29
MPLPlot,29
formatdict,29
_byteorder,29
new_rows,29
get_extents,29
atleast_3d,29
cmex10,29
YEARLY,29
webagg,29
automargin,29
labelleft,29
bottoms,29
fontext,29
set_size,29
_internal_update,29
new_gc,29
patchB,29
_set_artist_props,29
LogLocator,29
get_major_formatter,29
ticklocs,29
connect_event,29
activecolor,29
_ncols,29
_remove_method,29
GaussianKDE,29
filetypes,29
toolitems,29
ps_name,29
_bxp_test_helper,29
x_dates,29
YELLOW,29
indent_log,29
ConnectionPool,29
_fn,29
insert_option_group,29
requested_revision,29
socket_options,29
_DEFAULT_TIMEOUT,29
platform_tags,29
chardet,29
loop_last,29
_divider,29
new_locator,29
stmts,29
ftr,29
SYMBOL_FUNCBASE_TYPES,29
allow_param_spec_literals,29
unpack_kwargs,29
original_str_fallback,29
TypeAliasExpr,29
MatchStmt,29
AsPattern,29
type_annotation,29
is_self,29
stnode,29
missing_modules,29
is_valid_type,29
default_type,29
find_sources,29
_visit,29
superflags,29
yes_type,29
SnapshotItem,29
snapshot_type,29
nsx,29
converter_expr,29
ignoretz,29
_std_offset,29
nominalWidthX,29
numBlends,29
populateDefaults,29
xAdvance,29
rec2,29
AxisValue,29
AxisIndex,29
ChainTyp,29
ResourceNotFound,29
layerContents,29
fileOrPath,29
fl2str,29
ConditionSet,29
Offset24,29
charCodes,29
actionIndex,29
glyphclass,29
GlyphName,29
MutatorMath,29
labelElement,29
transformPoint,29
varidx_map,29
master_ttfs,29
axisDef,29
_hardmask,29
fpos32,29
U0001044E,29
aview,29
_test_equal,29
April,28
apart,28
Items,28
module_globals,28
entering,28
getsize,28
Paths,28
pushed,28
tb_frame,28
simulate,28
trick,28
couple,28
ENOENT,28
finalized,28
closes,28
sequential,28
Constants,28
derive,28
altered,28
numerically,28
__float__,28
Comparisons,28
driven,28
iana,28
timeouts,28
assumption,28
py2,28
GREEN,28
avoided,28
reciprocal,28
nine,28
hoc,28
WHETHER,28
CONTRACT,28
inclusion,28
unlikely,28
Sat,28
Scan,28
positioned,28
Rename,28
u0192,28
despite,28
heappop,28
treats,28
integration,28
displays,28
theyear,28
ForwardRef,28
suppose,28
mod_spec,28
aliasing,28
en_US,28
Lao,28
locale_time,28
successor,28
_canvas,28
sticky,28
resets,28
augmented,28
newitem,28
UserString,28
rdr,28
completer,28
cgi,28
max_num_fields,28
randrange,28
Receive,28
py_compile,28
Werror,28
Extensions,28
unixfrom,28
caret,28
__fspath__,28
max_lines,28
decl,28
log_message,28
wake,28
unlocked,28
unhandled,28
leftover,28
charname,28
continues,28
set_file,28
bigger,28
Position,28
namelist,28
extract_dir,28
_fallback,28
u201e,28
x9b,28
x9e,28
x9f,28
xca,28
u2026,28
u20ac,28
EURO,28
env_var,28
Assignment,28
hashed,28
django,28
_000_000_000,28
wheel_name,28
fetched,28
fullName,28
expected_regex,28
item1,28
file_util,28
define_macros,28
VAR,28
libname,28
FancyGetopt,28
lib_dir,28
find_exe,28
long_option,28
command_name,28
ext_modules,28
plat_spec,28
x30003,28
pushbutton,28
MaintenanceForm_Action,28
datefmt,28
weekly,28
Row,28
get_method,28
Disallow,28
XPath,28
libregrtest,28
impact,28
use_datetime,28
cedilla,28
cup,28
starmap,28
degenerate,28
failobj,28
subpart,28
_authkey,28
dlopen,28
integer_types,28
IndirectReference,28
RATIONAL,28
_util,28
_handler,28
Wrong,28
rmod,28
field_type,28
licensed,28
deprecations,28
TerminalRepr,28
positionally,28
role,28
line_index,28
tomllib,28
proj,28
inclusive_endpoints_fixture,28
data_manager,28
py_get_unit_from_dtype,28
daily,28
colname,28
col_names,28
lag,28
lon,28
ensure_int64,28
primaryKey,28
consolidated,28
row2,28
arr_columns,28
brotli,28
shifts,28
aggregations,28
levs,28
to_julian_date,28
isnative,28
is_leap_year,28
make_invalid_op,28
creso,28
pa_version_under11p0,28
escape_chars,28
as_ordered,28
target_values,28
maybe_use_numba,28
unobserved,28
Criterion,28
mgrs,28
EmptyDataError,28
targ0,28
targ1,28
three_days,28
df_list,28
result_df,28
df_float,28
MONTHLY,28
other2,28
sp_sparse,28
offset_lom_sat_aug,28
dfX,28
new1,28
int_col,28
size_cutoff,28
geterr,28
groupby_series,28
creso_infer,28
cmp_dtype,28
last_date,28
logy,28
get_rotation,28
get_ylabel,28
simple_period_range_series,28
sqlalchemy_connectable,28
f64,28
position_float,28
cell_ids,28
max_level,28
df_file,28
data_csv,28
set_rotation,28
get_siblings,28
scale_cls,28
master_transform,28
num2date,28
validate_stringlist,28
ttc,28
set_edgecolor,28
close_group,28
ArrowStyle,28
shrinkA,28
legline,28
_fontproperties,28
MovieWriter,28
pbcb,28
vlist,28
_observers,28
label_props,28
get_xbound,28
ruby,28
sfig,28
cbax,28
set_layout_engine,28
manager_class,28
_bbox,28
gapcolor,28
major_ticks,28
with_extremes,28
bivar_colormaps,28
numTables,28
maxis,28
needs_usetex,28
bxp_kwargs,28
kwrd,28
key_stem,28
default_flow_style,28
CaseInsensitiveDict,28
release_conn,28
status_codes,28
PythonVersion,28
get_console,28
show_locals,28
_TYPE_TIMEOUT,28
python_full_version,28
_UpperBound,28
abi3,28
ndef,28
asfortranarray,28
OverflowMethod,28
expand_all,28
complete_style,28
from_any,28
visit_unbound_type,28
disallow_any,28
visit_tuple_type,28
visit_union_type,28
TypeFormExpr,28
ConditionalExpr,28
TypeAliasStmt,28
StarredPattern,28
has_new_errors,28
CONTRAVARIANT,28
callable_type,28
as_id,28
seen_aliases,28
is_super,28
connection_name,28
pattern_type,28
format_type_distinctly,28
frame_context,28
lvalue_node,28
TEST_MODULE_NAME,28
lit3,28
found_module,28
dist_filename,28
MATH,28
featureTag,28
psCharStrings,28
getDataLength,28
aalt,28
PairValueRecord,28
AttachList,28
featureMap,28
drawPoints,28
validateWrite,28
hdmx,28
localState,28
idDelta,28
VoltLibError,28
axisLabels,28
normalizeValue,28
_curveToOne,28
_getCurrentPoint,28
Newa,28
Orya,28
cur_glyphs,28
axisMin,28
max_work,28
csingle,28
compress_rowcols,28
mask_rowcols,28
_MaskedUnaryOperation,28
_frommethod,28
a2d,28
ibeta,28
_vec_string,28
rnd,28
tmpfp,28
x2r,28
flts,28
lanes,28
setall,28
_descr,28
slated,27
showwarning,27
forever,27
copyreg,27
separating,27
Pop,27
embedding,27
S_ISDIR,27
primitive,27
_cleanup,27
welcome,27
refused,27
__reduce_ex__,27
Inexact,27
sNaN,27
__rdivmod__,27
efficiency,27
expm1,27
hdf,27
ppm,27
pipes,27
enum_class,27
Rather,27
Leave,27
NormalDist,27
Hash,27
Stats,27
WeakKeyDictionary,27
encounter,27
Choose,27
xf0,27
salt,27
Concrete,27
Timezone,27
astimezone,27
Compression,27
improvements,27
Modified,27
Expect,27
performant,27
viewer,27
trace_dispatch,27
Expecting,27
TestSuite,27
formatstring,27
Operations,27
cache_clear,27
declare,27
__subclasshook__,27
decrypted,27
detect_encoding,27
Base64,27
TOP,27
excess,27
Andre,27
colons,27
Vec2D,27
pensize,27
counterclockwise,27
oriented,27
_fillcolor,27
zoo,27
dflt,27
_exit,27
new_exc,27
Dialog,27
gone,27
Macintosh,27
traditional,27
setsockopt,27
QoS,27
deco,27
SOURCE_DATE_EPOCH,27
receiving,27
longitude,27
instr,27
trunc,27
format_help,27
specially,27
cur_len,27
exc_traceback,27
unrelated,27
accommodate,27
notdone,27
Normalized,27
arm,27
pointed,27
_short_opts,27
obtaining,27
ReadError,27
target_path,27
Headers,27
Absolute,27
Skipped,27
abbreviations,27
func2,27
ip_int,27
_table,27
_readbuffer,27
default_port,27
fallbacks,27
KAPPA,27
print_,27
binaries,27
rebuild,27
u32,27
membership,27
if_stmt,27
scoped,27
in_dict,27
ext_suffix,27
putting,27
TextFile,27
dir_pattern,27
strtobool,27
outname,27
sub_commands,27
Download,27
best_dir,27
highlighted,27
Cursor,27
hdrs,27
full_url,27
_seq,27
Reports,27
totals,27
proportional,27
lat,27
unique_everseen,27
local_part,27
mime_version,27
input_charset,27
process_obj,27
_pid,27
text_type,27
_empty_waiter,27
_proactor,27
_na,27
NotRequired,27
extra_items,27
save_all,27
PyQt6,27
RGBX,27
check_format_condition,27
EXIF,27
BICUBIC,27
_T_co,27
planes,27
pixel_format,27
palette_bytes,27
holes,27
helloworld,27
outputProfile,27
rectangles,27
path_str,27
lexsorted,27
unit2,27
string_dtype_no_object,27
Int16,27
PositionalIndexer,27
read_html,27
read_feather,27
reshaping,27
tz_compare,27
Periods,27
_numba,27
selected_obj,27
internal_values,27
_item_cache,27
allowed_args,27
llama,27
udf,27
common_dtype,27
interpolator,27
PyTables,27
row_indexer,27
resultant,27
isetitem,27
nansum,27
ABCExtensionArray,27
BaseMaskedDtype,27
create_index,27
XSLT,27
iset,27
Zen,27
is_one_of_factory,27
drop_first,27
left_join_keys,27
Bin,27
compensation,27
sort_categories,27
__from_arrow__,27
NAType,27
is_timedelta64_dtype,27
tdelta_idx,27
float_dtype,27
_utils,27
remove_unused_categories,27
ArrowInvalid,27
operand_types,27
cosh,27
leading_space,27
subsetted,27
online,27
make_block,27
FY5253,27
lvl1,27
box_cls,27
Smoke,27
assert_datetime_array_equal,27
frame2,27
expected4,27
dec2008,27
exp_columns,27
dt3,27
tz2,27
data0,27
_check_comparison_ops,27
offset_lom_aug_sat,27
deleveled,27
etime,27
expected_list,27
out_path,27
get_majorticklocs,27
ax_freq,27
notch,27
custom_colors,27
sqlite_engine,27
non_index_axes,27
df_ext,27
bfseries,27
ttips,27
file_exists,27
Workbook,27
csv_dir_path,27
infer_nrows,27
tips_df,27
TextReader,27
_plot,27
_AxesBase,27
axarr,27
get_cmap,27
_decode,27
_write_bytes,27
tooltips,27
font_style,27
nanj,27
ediff1d,27
neighbors,27
normalize_kwargs,27
Cycler,27
labelbottom,27
open_group,27
BboxTransformTo,27
draw_path_collection,27
Spine,27
minorTicks,27
linscale,27
panchor,27
fontmap,27
logistic,27
detrend_none,27
_register_tool_class,27
scl,27
capwidths,27
eventplot,27
showextrema,27
showmedians,27
streamline,27
_axis_names,27
ccode,27
get_width_height,27
dmap,27
unsampled,27
save_figure,27
azimuth,27
pathlengths,27
is_input,27
psname,27
Italic,27
writeObject,27
PatternType,27
_pswriter,27
WenQuanYi,27
base_style,27
Fore,27
TOML_WS,27
allow_simple_key,27
path_to_url,27
is_wheel,27
get_requirement,27
uploaded_prior_to,27
parse_wheel_filename,27
PoolManager,27
iter_entry_points,27
running_under_virtualenv,27
user_data_dir,27
req_to_install,27
parsed_version,27
Theme,27
CPAL,27
error_info,27
real_path,27
jar,27
binomial,27
gumbel,27
vonmises,27
ColorTriplet,27
background_style,27
table_column,27
depthshade,27
txs,27
vertical_axis,27
ccount,27
r12,27
xit,27
ANY_STRATEGY,27
ParamSpecFlavor,27
allow_typed_dict_special_forms,27
visit_call_expr,27
AssertTypeExpr,27
TemplateStrExpr,27
ListComprehension,27
SetComprehension,27
AssertStmt,27
INVARIANT,27
TypeParam,27
finally_body,27
ALWAYS_TRUE,27
raw_id,27
iterable_type,27
check_subtype,27
type_checker,27
SearchPaths,27
is_callable_compatible,27
flatten_nested_unions,27
TRUTH_VALUE_UNKNOWN,27
original_node,27
get_imports,27
allow_missing,27
imports_ignored,27
branch_stmts,27
make_type_info,27
ei_cmd,27
__toklist,27
ElementType,27
privateDict,27
paletteTypes,27
offsetSize,27
roundTools,27
fixedToFloat,27
buildCoverage,27
ExtSubTable,27
ligs,27
bit_count,27
DecomposedTransform,27
tmp2,27
MVAR,27
fl2fi,27
curStrike,27
itemName,27
startCode,27
compo,27
langSys,27
userMinimum,27
localisedFamilyName,27
elidable,27
outPen,27
contourpoint,27
Glag,27
Tirh,27
printoptions,27
sctypeDict,27
AR_LIKE_O,27
nin,27
MachAr,27
c_index,27
eaf,27
einsum_fn,27
assert_dtype_equal,27
x_f32,27
WarningMessage,26
confused,26
complement,26
obtype,26
grab,26
GLOBAL,26
UnpicklingError,26
Indicate,26
Have,26
lambdas,26
Three,26
suspended,26
new_params,26
statically,26
TemporaryFile,26
SMTPChannel,26
Rounded,26
additionally,26
nonnegative,26
stage,26
presumably,26
unnecessarily,26
portable,26
preceded,26
Assuming,26
Track,26
mandatory,26
Locate,26
Profile,26
sampwidth,26
Year,26
_second,26
EST,26
_GLOBAL_DEFAULT_TIMEOUT,26
settimeout,26
wrap_socket,26
u03c0,26
InitVar,26
ing,26
catching,26
namedtuples,26
DocTestRunner,26
blink,26
extracting,26
aggregated,26
timegm,26
weekdays,26
getlocale,26
_items,26
__isub__,26
proposed,26
ABCs,26
def_mod,26
Fails,26
dnsnames,26
suppress_ragged_eofs,26
alongside,26
established,26
Lemburg,26
norm_encoding,26
X11,26
sr_RS,26
gmail,26
Scripts,26
found_dict,26
Delay,26
Screen,26
Computes,26
in_file,26
traversal,26
exhaustive,26
__aexit__,26
propagation,26
toplevel,26
_repr,26
lib2to3,26
MemoryError,26
_untagged_response,26
Generates,26
binop,26
dfile,26
Wall,26
encrypted,26
add_flag,26
_visible,26
_seen,26
i386,26
spec_from_file_location,26
wfile,26
Ensures,26
octal,26
with_suffix,26
avoiding,26
packet,26
semaphore,26
_setup,26
bytestring,26
subtree,26
discover,26
getbuffer,26
Constructing,26
transaction,26
standards,26
stripdir,26
leads,26
__buf,26
u05d0,26
xd2,26
xe3,26
TEH,26
u2022,26
utf_16_be,26
Bob,26
trans_idx,26
equation,26
Definition,26
x2a,26
_mock_name,26
exit_stack,26
crap,26
log_error,26
morsel,26
rval,26
LibError,26
src_extensions,26
preserve_times,26
Oops,26
show_compilers,26
MANIFEST,26
RegError,26
set_macro,26
option_table,26
has_pure_modules,26
cpu_count,26
Bitmap,26
_listener,26
Agent,26
_request,26
questions,26
QName,26
temp_path,26
__stderr__,26
stability,26
orig_stdout,26
Comma,26
find_library,26
forcing,26
rarr,26
reordered,26
ttext,26
_current_line,26
forkserver,26
error_callback,26
add_suffix,26
dfas,26
elf_header,26
numbered,26
field_specifiers,26
PdfName,26
resized,26
rlineto,26
IFDRational,26
field_size,26
first_row,26
ImagePointTransform,26
perf,26
reducing_gap,26
_rgb,26
PytestPluginManager,26
absolutepath,26
_store,26
get_verbosity,26
ntraceback,26
_pyfuncitem,26
reprtraceback,26
rawexcinfo,26
new_id,26
other_closed,26
sort_by_key,26
tag_prefix,26
DateTimeErrorChoices,26
JoinHow,26
data_dtype,26
ctr,26
iterrows,26
keep_shape,26
sorted_index,26
satisfies,26
Ant,26
coercing,26
jupyter,26
multicol_align,26
AmbiguousTimeError,26
nanvar,26
_is_numeric,26
new_df,26
rsuffix,26
new_indexer,26
mask_info,26
is_re,26
ndims,26
_is_lexsorted,26
_categories_match_up_to_permutation,26
is_overlapping,26
broadcasted,26
infer_datetime_format,26
pa_version_under10p1,26
bitwise_xor,26
is_timestamp,26
IntCastingNaNError,26
NEP,26
dtl,26
dayofyear,26
is_quarter_start,26
to_pandas,26
get_column_by_name,26
__dlpack__,26
_view,26
set_codes,26
_lexsort_depth,26
bvalues,26
_mgr_locs,26
new_mgr_locs,26
observance,26
ABCDEFG,26
test_copy,26
mismatches,26
scalar1,26
DAILY,26
df_levels,26
xindex,26
WRITEABLE,26
c_idx_type,26
data_dict,26
input_df,26
values1,26
T18,26
empty_str,26
df_ref,26
gb2,26
s_0123,26
day_opt,26
get_xydata,26
xlims,26
medianprops,26
get_width,26
types_data,26
no_bar,26
as_json_table_type,26
equalize_decl,26
read_xml_iterparse,26
sphere,26
read_only,26
set_minor_formatter,26
typlist,26
tr_frame,26
header_style,26
style_name,26
MAGIC45,26
Affine2DBase,26
BOLD,26
ToolManager,26
set_linestyle,26
ffmpeg,26
Metrics,26
_linewidth,26
filternorm,26
scroll_event,26
get_char_index,26
FontMatrix,26
radio_props,26
add_gridspec,26
zmax,26
get_cursor_data,26
canvas_class,26
bar_label,26
quiverkey,26
offset_trf,26
papertype,26
glyph_map,26
set_ticks_position,26
total_width,26
_user_transform,26
orientations,26
_idle_draw_id,26
_mpl_coords,26
move_to,26
tornado,26
trifinder,26
Hei,26
targetbb,26
y_dates,26
html_dir,26
FillReturn,26
ChunkCombinedCode,26
ChunkCombinedOffset,26
ParseFloat,26
explicit_start,26
explicit_end,26
write_indent,26
vcs_backend,26
search_scope,26
parse_requirements,26
make_command,26
RequirementInformation,26
_ErrorCollector,26
_FromMappingProtocolT,26
_coerce_version,26
tdef,26
base_repr,26
sctype2char,26
seterrcall,26
pulse,26
locals_max_length,26
_theme,26
woff2,26
tys,26
_grid_info,26
lat_max,26
line_for_node,26
format_type_bare,26
visit_uninhabited_type,26
visit_unpack_type,26
from_concatenate,26
add_symbol,26
RevealExpr,26
BreakStmt,26
ContinueStmt,26
RaiseStmt,26
str_conv,26
analyze_lvalue,26
is_bound,26
coordinator,26
cactual,26
rest_type,26
messages_by_file,26
alt_lib_path,26
may_be_defined,26
GitIgnoreSpec,26
fixup_type,26
run_case,26
pattern_str,26
extras_require,26
lastExpr,26
tableName,26
localSubrs,26
DeltaSetIndexMap,26
LookAheadGlyphCount,26
LookupRecord,26
ClassCount,26
BaseArray,26
FeatureTag,26
FeatureCount,26
fea,26
flavorData,26
transformedTables,26
indexFormat,26
parallel_list_attr,26
kernTable,26
getformat,26
NameRecord,26
readArray,26
piecewiseLinearMap,26
cur_char,26
axisElement,26
glyphElement,26
roundFunc,26
master_fonts,26
in1d,26
PytestTester,26
suppress_small,26
AR_m,26
wald,26
laplace,26
noncentral_chisquare,26
noncentral_f,26
negative_binomial,26
hypergeometric,26
compress_nd,26
normalize_axis_index,26
smallest_subnormal,26
negep,26
updateifcopy,26
add_newdoc_for_scalar_type,26
nI1,26
other_dt,26
inp2,26
sdt1,26
searches,25
get_filename,25
invoking,25
Extend,25
fourth,25
mount,25
took,25
Integers,25
literally,25
eval_str,25
co_firstlineno,25
return_annotation,25
removeprefix,25
MappingProxyType,25
mktemp,25
text_encoding,25
Commands,25
getaddrinfo,25
coming,25
Subject,25
perm,25
_rescale,25
manage,25
_WorkRep,25
dotplace,25
prime,25
rescale,25
simplest,25
DOTALL,25
substrings,25
accum,25
Loop,25
atomic,25
_decompressor,25
handle_list,25
inheriting,25
keyboard,25
signum,25
BLUE,25
circumstances,25
strange,25
editor,25
Sample,25
NAN,25
geometric,25
serve,25
runpy,25
ac_in_buffer,25
nchannels,25
framerate,25
_patch,25
_hashcode,25
_hour,25
suggested,25
voidcmd,25
AF_INET6,25
sites,25
encapsulated,25
_verbose_message,25
u2500,25
u03b1,25
u2248,25
deadline,25
executes,25
__set_name__,25
controlling,25
compressobj,25
normalizing,25
overview,25
day_of_week,25
_is_protocol,25
CERT_REQUIRED,25
shortname,25
verify_flags,25
ciphers,25
cfunc,25
Prefix,25
_shortcmd,25
Tries,25
KOI8,25
stacking,25
maketrans,25
__name,25
backtracking,25
Angle,25
connector,25
DISPLAY,25
reliably,25
Filename,25
xmlrpclib,25
BYE,25
structs,25
_accumulate,25
randomness,25
set_precedence,25
Misc,25
_actions,25
miss,25
__pycache__,25
key_list,25
traces,25
TracebackException,25
declstartpos,25
reordering,25
sys_version,25
writeln,25
python2,25
Processing,25
valign,25
send_header,25
_tstate_lock,25
WARRANTY,25
add_flags,25
assertions,25
miscellaneous,25
pretend,25
_encoder,25
introduce,25
clearing,25
zipinfo,25
correctness,25
mem,25
copytree,25
itr,25
Scanner,25
nexttok,25
original_filename,25
customize_compiler,25
ddir,25
u2013,25
u2014,25
bob,25
utcoff,25
tzdata,25
renders,25
consistently,25
expose,25
choosing,25
setUpClass,25
test_module,25
_results,25
IncompleteRead,25
Variation,25
version_string,25
_flags,25
Requested,25
compiler_type,25
EXECUTABLE,25
gobble,25
robust,25
reinitialize_command,25
ensure_string_list,25
bdist_rpm,25
bdist_dumb,25
path_file,25
basicConfig,25
BaseHandler,25
algo,25
ownerElement,25
XMLReader,25
getEncoding,25
_last,25
set_match_tests,25
test_datetime,25
orig_stderr,25
openssl,25
cent,25
WSGI,25
Replacement,25
attrtext,25
resource_tracker,25
SyncManager,25
c_char,25
c_long,25
decref,25
_pipe,25
water,25
assert_never,25
TypedDicts,25
photo,25
pixel_size,25
xFF00,25
FreeTypeFont,25
quadrilateral,25
legacy_api,25
bounding_circle,25
teal,25
pyfuncitem,25
nextitem,25
warning_types,25
fixturefunc,25
max_frames,25
indent_size,25
LocalPath,25
BoolOp,25
visitors,25
BMonthBegin,25
max_value,25
all_arithmetic_functions,25
is_string_array,25
tick_classes,25
describe_option,25
Float32Dtype,25
labeling,25
is_period,25
BME,25
BlockValuesRefs,25
is_series,25
REF_COUNT,25
IndexOpsMixin,25
T05,25
nest,25
data_iter,25
postgresql,25
mysql,25
bbi,25
nanmean,25
pyx,25
value_y,25
max_colwidth,25
_get_values_for_csv,25
BigQuery,25
convert_strl,25
sidewinder,25
order2,25
propagator,25
_SupportsDType,25
Los_Angeles,25
pointwise,25
is_year_end,25
arity,25
remove_categories,25
UndefinedVariableError,25
format_str,25
ctypeslib,25
n_chunks,25
return_indexer,25
is_positional,25
_verify_integrity,25
not_indexed_same,25
Times,25
old_wt,25
test_empty,25
assert_invalid_addsub_type,25
get_upcast_box,25
arm_slow,25
pytd,25
test_simple,25
ex_index,25
mixed_frame,25
SECONDLY,25
delta_1d,25
test_is_on_offset,25
EGG,25
no_index,25
empty_df,25
tsmp,25
stime,25
dfmix,25
reps,25
expected_indexer,25
test_dtype,25
slice_test_grouped,25
cat_1,25
in_arr,25
expander,25
tdc,25
prop_cycle,25
legend_handles,25
is_fsspec_url,25
run_transaction,25
col_dict,25
ExcelCell,25
addElement,25
e20,25
pri,25
mgr2,25
CompatValidator,25
_handles,25
contains_point,25
FigureManager,25
ticklabel,25
hinting_factor,25
edit_margin_min,25
BoxStyle,25
dpi_cor,25
update_prop,25
Artists,25
xdata_marker,25
stackplot,25
_clippath,25
filterrad,25
dpi_scale_trans,25
blended_transform_factory,25
ItalicAngle,25
xHeight,25
valstep,25
_eventpress,25
drag_from_anywhere,25
num1,25
window_hanning,25
autolim,25
zooming,25
_colormaps,25
all_transforms,25
pcolorfast,25
_isinit,25
XMLWriter,25
getGlyphSet,25
apex,25
fuzzy,25
func_args,25
expected_vertices,25
ta2,25
secax,25
ax_b,25
isMaskedArray,25
Complexity,25
Harvester,25
LineReturn,25
Representer,25
peek_token,25
vartype,25
load_only,25
require_hashes,25
RecordPath,25
show_traceback,25
android,25
package_index,25
compat_version,25
packageName,25
obj2sctype,25
polyfit,25
legacy_windows,25
finished_style,25
pulse_style,25
color_system,25
textLength,25
guide_style,25
auto_refresh,25
major_ticklabels,25
cbar_axes,25
view_init,25
lon_max,25
lat_min,25
TMorfs,25
mwith,25
context_id,25
librt,25
type_var_tuple_prefix,25
EnumCallExpr,25
is_c_module,25
PromoteExpr,25
import_context,25
is_class_scope,25
protocol_members,25
write_str_list,25
OverloadPart,25
is_initialized_in_class,25
type_object_type,25
TypeStrVisitor,25
source_type,25
temp_ast,25
mapped_arg,25
export_less,25
generate_function_stub,25
MethodContext,25
SubClass,25
last_xml,25
add_mapping,25
StubSource,25
inferred_args,25
TypeFixture,25
nfunc,25
_dst_offset,25
toUnicode,25
numberOfHMetrics,25
FontDict,25
AxisDescriptor,25
VARC,25
newlinestr,25
clipBox,25
DeltaFormat,25
ValueFormat1,25
Class2Record,25
outputImpliedClosingLine,25
frontier,25
floatToFixedToStr,25
str2fl,25
runLength,25
strikeIndex,25
AATLookup,25
entryCount,25
endCode,25
bitmapObject,25
actionReader,25
formatFlags,25
VOLT,25
fealookup,25
expect_string_,25
reverse_direction,25
userMaximum,25
intOrFloat,25
_moveTo,25
minimum_fill_value,25
ddtype,25
result_ndim,25
_get_implementing_args,25
f_index,25
simd,25
dirs_index,25
irfftn,25
Hook,24
resolving,24
mixing,24
surrogatepass,24
reproduce,24
__isabstractmethod__,24
num_args,24
__text_signature__,24
literal_eval,24
_name_,24
desirable,24
Operation,24
rcpttos,24
num_bytes,24
pertaining,24
dividend,24
subnormal,24
Etiny,24
unwanted,24
ten,24
quot,24
affecting,24
_locale,24
default_section,24
presented,24
pyo,24
Changes,24
High,24
Sum,24
most_common,24
reproducible,24
surprising,24
idempotent,24
lie,24
runctx,24
run_name,24
Guido,24
USER,24
initializing,24
repetition,24
MD5,24
operates,24
Nov,24
difficult,24
_minute,24
Terminal,24
Switch,24
rcfile,24
path_sep,24
header_offset,24
marking,24
cookedq,24
Callback,24
unsafe_hash,24
Allows,24
slowest,24
variety,24
NORMALIZE_WHITESPACE,24
handy,24
commented,24
unified,24
ContextManager,24
subscription,24
Due,24
time_format,24
base_prefix,24
removals,24
improved,24
mal,24
lemburg,24
Third,24
zh_CN,24
gb2312,24
iso8859,24
Spanish,24
GetoptError,24
immediate,24
visual,24
tilt,24
Root,24
_pen,24
grade,24
hyphens,24
filetype,24
bestsize,24
Complete,24
creator,24
ensurepip,24
lcov,24
EXT_SUFFIX,24
u03c5,24
ArgumentTypeError,24
epilog,24
_get_values,24
__op__,24
randomly,24
filecmp,24
topdown,24
emits,24
ParserBase,24
CNRI,24
backing,24
copyfileobj,24
owns,24
invokes,24
getName,24
snippet,24
Writer,24
_osx_support,24
add_options,24
BLOCKSIZE,24
upstream,24
_constants,24
FFFF,24
GIF,24
_seekable,24
Probably,24
new_pos,24
gztar,24
codeset,24
msgout,24
Pick,24
new_func,24
BOTTOM,24
Hye,24
Shik,24
Chang,24
perky,24
_multibytecodec,24
getcodec,24
MultibyteIncrementalEncoder,24
MultibyteIncrementalDecoder,24
MultibyteStreamReader,24
MultibyteStreamWriter,24
u2122,24
CHI,24
DESCENDER,24
BYELORUSSIAN,24
Loading,24
Elements,24
penguin,24
predictable,24
Horizontal,24
achieved,24
Slice,24
load_tests,24
assertRaises,24
error_code,24
logs,24
emitting,24
LooseVersion,24
def_file,24
source_filenames,24
rstrip_ws,24
_c_extensions,24
_cpp_extensions,24
output_opt,24
try_names,24
pp_args,24
Perhaps,24
_rc_extensions,24
_mc_extensions,24
__version,24
Require,24
_read_field,24
classifier,24
install_headers,24
clr,24
outdated,24
keep_temp,24
user_pass,24
needing,24
Space,24
env_dir,24
Entry,24
filt,24
newl,24
module_names,24
zip_file,24
Fault,24
rho,24
loaders,24
_register,24
METADATA,24
zip_path,24
Contact,24
WSP,24
_callback,24
pgen2,24
_child,24
ilabel,24
_check_size,24
get_running_loop,24
activated,24
_extra,24
ReadOnly,24
forward_ref,24
resizing,24
LAB,24
gsave,24
register_mime,24
JpegImageFile,24
texture,24
lossless,24
FreeType,24
centering,24
GIMP,24
shares,24
moveto,24
blending,24
hot,24
inputProfile,24
lime,24
collectors,24
getgroup,24
call_info,24
propname,24
argvalues,24
ctor,24
actual_exceptions,24
setenv,24
fil,24
modfile,24
BYearBegin,24
tzaware,24
UInt16,24
post0,24
bs4,24
QuantileInterpolation,24
read_clipboard,24
subsetting,24
binlabels,24
numba_func,24
a_min,24
shared_docs,24
cacher,24
unbiased,24
varying,24
axis_number,24
blosc,24
to_clipboard,24
bold_rows,24
dtyped,24
bee,24
fdata,24
base_doc,24
axis0,24
DatetimeLikeArrayMixin,24
calamine,24
_get_plot_backend,24
logaddexp,24
rownames,24
mgrs_indexers,24
column_levels,24
rlab,24
micros,24
cache_array,24
tupleize_cols,24
is_timedelta64_ns_dtype,24
IntegerDtype,24
interv_arr,24
_interval_shared_docs,24
right_mask,24
pa_version_under13p0,24
coo_matrix,24
lvl,24
np_array,24
NUMEXPR_INSTALLED,24
tanh,24
foot,24
step_s,24
adjoin,24
result_1,24
blklocs,24
align_keys,24
new_array,24
CustomBusinessDay,24
testfunc,24
expected_mask,24
scalar_td,24
holder,24
LinkType,24
to_decimal,24
vals3,24
begin_index,24
S10,24
test_str,24
THU,24
T15,24
iter_values,24
df_ambig,24
T06,24
_check_numeric_ops,24
expected_right,24
exp_categories,24
offset_nem_sat_aug_4,24
exp4,24
mat2,24
int1,24
new2,24
frame_of_index_cols,24
dtype_class,24
column1,24
assert_indexing_slices_equivalent,24
listlike_box,24
check_freq,24
slice_test_df,24
E711,24
e16,24
data_for_compare,24
use_arg,24
expected_x,24
expected_y,24
get_xticks,24
set_ticklabels,24
reduce_C_function,24
get_linestyle,24
Water,24
df_full,24
df_short,24
background_gradient,24
tooltip,24
extDtype,24
lxml_etree,24
wks,24
chart,24
ax5,24
NullLocator,24
is_url,24
decompose,24
conv_dates,24
labname,24
path_or_handle,24
auto_close,24
values_axes,24
PyQt5,24
column_count,24
set_clim,24
code_type,24
numsides,24
SCRIPT,24
trigger_tool,24
backcompat,24
codepoints,24
margin_vals,24
ConnectionStyle,24
transSubfigure,24
sigs,24
intervaly,24
marker_path,24
_get_executable_info,24
save_count,24
create_dummy_axis,24
_subs,24
_ax,24
set_box_aspect,24
load_glyph_flags,24
descender,24
Slider,24
add_state,24
grab_range,24
cbbbox,24
bbox_inches_restore,24
negative_linestyles,24
ToolContainerBase,24
get_text_width_height_descent,24
color_sequences,24
per_subplot_kw,24
startangle,24
mimage,24
get_verticalalignment,24
contains_branch,24
t_direction,24
gridOn,24
_snap_threshold,24
_nav_stack,24
_cells,24
spinbox,24
ascender,24
hexdata,24
datalist,24
ecc,24
skip_on_importerror,24
actual_image,24
break_cycles,24
_test_timeout,24
pcfunc,24
axs_ref,24
sig_slope,24
include_ipynb,24
fingerprint,24
COORD,24
req_install,24
selection_prefs,24
prefer_binary,24
candidates_from_page,24
cache_link_parsing,24
package_set,24
parsed_req,24
show_stdout,24
stdout_only,24
vcs_info,24
lsb_release,24
validate_order,24
_VersionRange,24
copyleft,24
InvalidLicenseExpression,24
tokentype,24
setfield,24
TerminalTheme,24
std_handle,24
_set_attributes,24
line_numbers,24
locals_max_string,24
Quaternion,24
lon_min,24
exit_counts,24
real_section,24
visit_none_type,24
visit_erased_type,24
visit_typeddict_type,24
has_type_var_tuple_type,24
visit_index_expr,24
WhileStmt,24
write_str_bare,24
read_str_list,24
is_partial_stub_package,24
original_def,24
DataclassTransformSpec,24
as_type,24
abstract_attributes,24
ASTs,24
SemanticAnalyzerPluginInterface,24
active_type,24
conv_type,24
type_ranges,24
partial_type,24
proposed_type,24
require_name,24
is_non_library_module,24
callee_name,24
strict_flag,24
enter_scope,24
lib_path,24
supc,24
nonet,24
fn_type,24
out_index,24
norm_file,24
GitIgnoreSpecPattern,24
parm,24
used_idxs,24
egg_base,24
setup_base,24
ignoreExprs,24
lig,24
Forms,24
OTF,24
TopDict,24
cff2GetGlyphOrder,24
designspaceLib,24
VOriginRecords,24
extraNames,24
macNames,24
gidArray,24
T2CharString,24
BacktrackGlyphCount,24
SinglePos,24
ValueFormat,24
LigCaretList,24
clazzes,24
colorValidator,24
CGroup,24
HVAR,24
nBytes,24
sigrec,24
floatToFixed,24
gsub,24
VarRegionIndex,24
featureTags,24
ReservedFlags,24
SimpleLocationDict,24
writerClass,24
cur_lookup_,24
cur_feature_name_,24
Cher,24
Tutg,24
prune_post_subset,24
_list_subset,24
dst_path,24
masterModel,24
defaultDeltas,24
fmax,24
fmin,24
AR_LIKE_c,24
standard_gamma,24
ar2,24
outmask,24
build_err_msg,24
minexp,24
array_function_from_c_func_and_dispatcher,24
busdaycal,24
aAaAaA,24
writemasked,24
introselect,24
finf,24
pinf,24
tmp1,24
string_array,24
fft2,24
ifftshift,24
subpackages,23
Makes,23
readlink,23
serves,23
Things,23
explained,23
solely,23
StackObject,23
__builtin__,23
ismethod,23
accesses,23
__globals__,23
co_varnames,23
__objclass__,23
chains,23
KEYWORD_ONLY,23
Was,23
protect,23
o700,23
EHLO,23
_errors,23
Eric,23
IBM,23
from_float,23
__round__,23
nbits,23
extreme,23
opa,23
iexp,23
Alignment,23
play,23
Raw,23
eol,23
sectname,23
Struct,23
subkey,23
mimetype,23
wild,23
Mode,23
precede,23
EBADF,23
classdict,23
member_name,23
__members__,23
extra_flags,23
Low,23
rightmost,23
Remember,23
xbar,23
Points,23
Finds,23
oldest,23
advertising,23
MERCHANTABILITY,23
Mar,23
Apr,23
next_char,23
assumptions,23
informative,23
_microsecond,23
gmtime,23
goal,23
said,23
invalidate_caches,23
u2592,23
u2502,23
u2524,23
u2510,23
u2514,23
u2534,23
u252c,23
u251c,23
u253c,23
u2518,23
u250c,23
u221a,23
u25a0,23
identification,23
Incorrect,23
shot,23
dev1,23
IGNORE_EXCEPTION_DETAIL,23
opens,23
exc_msg,23
unusual,23
DOCTYPE,23
Logical,23
cipher,23
draft,23
Thai,23
nicely,23
irrelevant,23
everywhere,23
__aiter__,23
freedom,23
_bgcolor,23
dragging,23
clearly,23
considers,23
Registers,23
UserList,23
text1,23
filterfalse,23
authenticate,23
Fetch,23
plaintext,23
delims,23
xffff,23
notify_all,23
logfile,23
Dump,23
rejected,23
WITHOUT,23
Returning,23
end_col_offset,23
next_line,23
func_type,23
PYTHON,23
argrepr,23
highly,23
HelpFormatter,23
optionals,23
conflict_handler,23
subdirs,23
flist,23
_lookup,23
new_file,23
flagged,23
IronPython,23
Direct,23
handle_data,23
bom,23
dironly,23
ENABLE_USER_SITE,23
USER_SITE,23
USER_BASE,23
_trace,23
column_index,23
skipUnless,23
rfc,23
Page,23
serve_forever,23
active_children,23
Writes,23
stepwise,23
threaded,23
to_filename,23
select_scheme,23
outermost,23
_max_prefixlen,23
broadcast_address,23
prefixlen_diff,23
import_name,23
dec_flags,23
chars_to_skip,23
Post,23
filesize,23
_parents,23
output_charset,23
VERSIONS,23
_frames,23
misses,23
x2219,23
xfd,23
AIN,23
GHAIN,23
u2020,23
TRADE,23
u201a,23
worse,23
JSONArray,23
Manually,23
banana,23
mocks,23
_new_parent,23
Klass,23
discovery,23
seq2,23
runTests,23
_cookies,23
urlunsplit,23
object_filenames,23
dep_util,23
allfiles,23
option_order,23
option_dict,23
install_data,23
extra_dirs,23
Fully,23
cancellation,23
_acquireLock,23
IDENTIFIER,23
picking,23
serializing,23
addinfourl,23
refcount,23
envvar,23
accent,23
orthogonal,23
radical,23
reg,23
crashes,23
Technically,23
bytecode_path,23
__div__,23
obs_local_part,23
c_d,23
requesting,23
GIL,23
new_text,23
__nonzero__,23
maker,23
c_char_p,23
CDLL,23
c_uint8,23
_scheduled,23
local_addr,23
_run,23
_condition,23
mypyc_attr,23
grestore,23
ImageQt,23
_seek,23
Coords,23
projects,23
Jupyter,23
Coordinate,23
draw_text,23
CmsProfile,23
pytest_runtest_logreport,23
joins,23
bestrelpath,23
_ScopeName,23
other_side,23
durations,23
ExcT_1,23
allow_unwrapped,23
Builtin,23
hook_name,23
left_expr,23
nulls_fixture2,23
NumpySorter,23
SequenceNotStr,23
shift_backward,23
Renamer,23
Int32Dtype,23
read_orc,23
Degrees,23
tabulate,23
Desired,23
_flex_method,23
arr_shape,23
dataframes,23
decompression_options,23
squeezed,23
_consolidate_inplace,23
convert_floating,23
to_rep,23
_console,23
IntervalTree,23
col_fill,23
Yum,23
originals,23
is_null_slice,23
assume_unique,23
xlsb,23
longlong,23
retbins,23
BusinessDay,23
Backend,23
series2,23
compensation_add,23
is_interval,23
_scalar_type,23
ArrowNotImplementedError,23
term_type,23
ArrowCTypes,23
return_scalar,23
get_slice_bound,23
rop,23
_python_apply_general,23
npfunc,23
comass,23
x_0,23
agg_func,23
gaussian,23
is_matching_na,23
join_units,23
empty_dtype,23
warning_msg,23
sys_info,23
targfunc,23
exp_last,23
dti_tz,23
household,23
household_id,23
gb00b03mlx29,23
MINUTELY,23
interval1,23
interval2,23
exp_val,23
dtype3,23
empty_frame,23
array_cls,23
expected_left,23
_get_offset,23
GMCR,23
empty_index,23
idf,23
nona,23
exp_value,23
os2,23
expected_dict,23
cvalues,23
is_platform_arm,23
from_key,23
engine_type,23
cat_2,23
arithmetic_win_operators,23
get_y_axis,23
get_fontsize,23
use_index,23
get_xlabel,23
to_hex,23
parallel_coordinates,23
NullFormatter,23
get_size_inches,23
lbl,23
_test_series,23
compression_to_extension,23
s3fs,23
fn_ext,23
temp_frame,23
textbackslash,23
ZZZZZ,23
iso_dates,23
xport,23
ACTUAL,23
int_frame_const_col,23
_get_ax,23
default_units,23
_ensure_decoded,23
_tables,23
levels_,23
halign,23
_cached_page,23
ACCEPTS,23
format_cursor_data,23
hatching,23
outstream,23
labeltop,23
texsystem,23
FontManager,23
set_antialiased,23
update_from,23
_edges,23
armA,23
boxcoords,23
draw_markers,23
marker_trans,23
get_clip_path,23
draw_artist,23
useOffset,23
useMathText,23
shift_amount,23
axvspan,23
_buttons,23
handle_props,23
_number,23
switch_backend,23
ion,23
fignum,23
onesided,23
labelpos,23
bbox_extra_artists,23
FigureCanvasAgg,23
axisartist,23
tick_label,23
Grid,23
draw_image,23
get_rgb,23
energy,23
_read_arg,23
dzdx,23
thetamin,23
thetamax,23
pikepdf,23
atan,23
ta3,23
fsp,23
tmp_form,23
ipynb_cells,23
BRIGHT,23
add_representer,23
current_node,23
get_default_environment,23
get_distribution,23
ignore_installed,23
Pylock,23
ssl_,23
pools,23
connection_pool_kw,23
license_files,23
_DistributionT,23
script_code,23
array_equiv,23
PaddingDimensions,23
safe_box,23
locals_hide_sunder,23
minz,23
AxisArtist,23
CallableArgument,23
visit_overloaded,23
literal_value,23
uses_pep604_syntax,23
visit_op_expr,23
DelStmt,23
visit_import_from,23
OperatorAssignmentStmt,23
error_formatter,23
ALWAYS_FALSE,23
suffix_len,23
is_named,23
modules_state,23
LDEF,23
bind_self,23
is_ready,23
allow_redefinition,23
CacheMeta,23
actual_kinds,23
include_private,23
analyze_member_access,23
if_type,23
IS_CLASSVAR,23
active_class,23
group_comparison_operands,23
disable_error_code,23
enable_error_code,23
BadStatus,23
gasp,23
suppressed_deps_opts,23
_literalStringClass,23
opExpr,23
Ligature,23
GLIFFormatVersion,23
quadratics,23
postScriptFontName,23
toFile,23
valueFormat,23
_tobytes,23
VVAR,23
haveInstructions,23
numDeltas,23
GlyphClassDef,23
curComponent,23
unitSize,23
langs,23
graphicType,23
feature_tag,23
SourceDescriptor,23
locationLabel,23
axisName,23
_closePath,23
VariationModel,23
features_,23
Mlym,23
Shrd,23
Tulu_Tigalari,23
option_or_name,23
dictstack,23
resType,23
dxb,23
dyb,23
kinkiness,23
tableFields,23
m1idx,23
format_parser,23
ALIGNED,23
busday_count,23
fromnumeric,23
_baseclass,23
maximum_fill_value,23
np_ret,23
_mrec,23
ComplicatedSubArray,23
mxsub,23
abBABba,23
arraymask,23
string_dt,23
inp1,23
fzer,23
_create_binary_propagating_op,23
assert_path_equal,23
hinf,23
str_dt,23
DESIRED,23
ifft2,23
trouble,22
DEDENT,22
walk_packages,22
_module,22
Posix,22
querying,22
obviously,22
areas,22
gotten,22
went,22
Optimize,22
isbuiltin,22
duplication,22
__cached__,22
__delete__,22
decorator_list,22
_token,22
kwonlydefaults,22
cell_contents,22
_stat,22
deleting,22
managing,22
__deepcopy__,22
copysign,22
switched,22
quotient,22
multiplier,22
_UNSET,22
repetitions,22
guess_type,22
rfc822,22
iskeyword,22
SEEK_SET,22
syscall,22
BufferedWriter,22
EVENT_WRITE,22
enums,22
tau,22
profiling,22
maxc,22
finalizers,22
succeeded,22
crc32,22
xdd,22
CONNECTION,22
handle_error,22
setpos,22
unusable,22
Aug,22
Representation,22
fromordinal,22
gmtoff,22
merely,22
SGI,22
getsockname,22
corrupt,22
u2591,22
u2593,22
u2563,22
u2551,22
u2557,22
u255d,22
u255a,22
u2554,22
u2569,22
u2566,22
u2560,22
u2550,22
u256c,22
u2588,22
u2584,22
u2580,22
u03c6,22
u2265,22
match_args,22
somehow,22
add_mutually_exclusive_group,22
expands,22
responsibility,22
refactoring,22
_find,22
completes,22
failureException,22
LZMAFile,22
Flatten,22
copy_with,22
Matching,22
minimum_version,22
gettimeout,22
issuperset,22
monetary,22
it_IT,22
France,22
Temporarily,22
preexisting,22
_sre,22
bye,22
onclick,22
_keys,22
demo,22
Rotate,22
webbrowser,22
TERM,22
promoted,22
Building,22
manipulate,22
highlights,22
measuring,22
fromlines,22
tolines,22
data_list,22
_signal,22
sdata,22
Doesn,22
dup2,22
_copy,22
pdict,22
eat,22
Returned,22
Gamma,22
TCP,22
KIND,22
Dispatch,22
descendant,22
asname,22
Bsymbolic,22
DNDEBUG,22
message_spec,22
Cell,22
add_text,22
Characters,22
Includes,22
symmetry,22
extract_stack,22
lookup_lines,22
is_symlink,22
deterministic,22
ELF,22
python_build,22
add_object,22
_split,22
Documentation,22
rfile,22
installed_base,22
_sys_home,22
canonic,22
PurePosixPath,22
successive,22
del_flags,22
OptionGroup,22
Ordered,22
listitems,22
dictitems,22
Trigger,22
presentation,22
TextIOBase,22
crossing,22
zip_name,22
alphanumeric,22
PathFinder,22
fqname,22
pipeline,22
abcs,22
prependdir,22
x221a,22
WAW,22
HEH,22
ZETA,22
LAMDA,22
PSI,22
u2030,22
serializable,22
HACK,22
NegInf,22
indicators,22
bypass,22
binds,22
unnamed,22
Category,22
Tuples,22
call_args,22
_Call,22
new_callable,22
attr_value,22
basetype,22
CONNECT,22
erhn,22
jobs,22
Components,22
patt,22
CCompilerError,22
mingw32,22
exe_extension,22
undef_macros,22
extra_compile_args,22
ldflags_shared,22
ldflags_shared_debug,22
create_static_lib,22
_fix_object_args,22
_need_link,22
display_options,22
cmd_obj,22
ensure_finalized,22
subroutines,22
ensure_filename,22
Removed,22
distribution_name,22
PyDialog,22
installer_name,22
Bit,22
_releaseLock,22
configurator,22
frag,22
refactored,22
CRITICAL,22
field_spec,22
bundle,22
nonce,22
proxyhost,22
set_url,22
newName,22
Schema,22
qualifiedName,22
_msg,22
err_type,22
cdll,22
new_value,22
ufe00,22
par,22
appeared,22
filter_,22
FWS,22
addresslist,22
scenario,22
main_path,22
log_level,22
inqueue,22
pygram,22
Available,22
appdata,22
verifying,22
_ctoi,22
Baz,22
YCbCr,22
is_animated,22
PngImagePlugin,22
freetype,22
Roman,22
interpolating,22
sampled,22
metafunc,22
funcargs,22
BaseReport,22
_excinfo,22
Arbitrary,22
TracebackEntry,22
raw_lines,22
Parametrized,22
FixedOffset,22
indexer_al,22
AbstractHolidayCalendar,22
Suffixes,22
TimeAmbiguous,22
reset_option,22
UInt32Dtype,22
merge_ordered,22
freq_to_period_freqstr,22
_timegrouper,22
bin_edges,22
axes_single_arg,22
res_ser,22
Rendering,22
keep_equal,22
Bear,22
DTA,22
drop_level,22
maybe_indices_to_slice,22
Col3,22
NonExistentTimeError,22
use_bottleneck,22
shp,22
maybe_promote,22
maybe_downcast_to_dtype,22
first_name,22
upcasting,22
use_na_proxy,22
ties_method,22
_is_boolean,22
vectorize,22
ssqdm_x,22
astype_array,22
ABCDatetimeIndex,22
_validate_setitem_value,22
convert_non_numeric,22
left_dtype,22
frompyfunc,22
ArrowPeriodType,22
base2,22
tzawareness,22
as_py,22
_df,22
parse_datetime_string_with_reso,22
_levels,22
new_label,22
new_col,22
NumbaUtilError,22
LocalType,22
CmpKey,22
checkfun,22
Brussels,22
timedelta_series,22
index_1,22
asset_id,22
test_constructor,22
NPY_FR_us,22
idx5,22
test_string,22
_compare_other,22
a_dense,22
test_offset,22
offset_n,22
r_idx_type,22
testdata,22
timezone_frame,22
station,22
dtype_dict,22
int2,22
float_col,22
index_slice,22
id3,22
coerced_dtype,22
other_mono,22
min_fname_arg_count,22
_assert_almost_equal_both,22
obj_fixture,22
df_cat,22
iranks,22
whiskerprops,22
capprops,22
_boundaries,22
df_err,22
testmem,22
Bank,22
displayed_only,22
test_nan,22
use_eng_prefix,22
counties,22
sut,22
nseries,22
axisinfo,22
MISS,22
refine,22
ntype,22
set_norm,22
norms,22
numVertices,22
from_extents,22
STIX,22
ToolBase,22
_c_internal_utils,22
GLib,22
rrulewrapper,22
autoformatter,22
_listify_validator,22
validate_string,22
unicode_minus,22
title_fontsize,22
labelright,22
get_gid,22
_url,22
transform_path_non_affine,22
annulus,22
stemlines,22
iOS,22
event_source,22
Reuse,22
cache_frame_data,22
AutoMinorLocator,22
format_data,22
labelOnlyBase,22
get_minorticklocs,22
set_active,22
responsive,22
backspace,22
set_axes_locator,22
detrend_linear,22
pchanged,22
EventCollection,22
QuadMesh,22
tkagg,22
ioff,22
sci,22
twosided,22
patch_artist,22
tick_labels,22
wedgeprops,22
broken_streamlines,22
char_id,22
is_separable,22
skew_deg,22
_minor_tick_kw,22
MultivarColormap,22
get_fillstyle,22
TimerBase,22
RcParams,22
FontForge,22
morx,22
fontName,22
fontdata,22
subdiv,22
expected_image,22
mouse_event,22
xdisp,22
ydisp,22
_assert_equal,22
masked_verts,22
PointArray,22
nest_lvl,22
MappingNode,22
index_check,22
checkout,22
force_reinstall,22
yanked_reason,22
total_length,22
C901,22
license_expression,22
site_packages,22
_allow_fallback,22
yield_lines,22
source_link,22
ProxyConfig,22
_TYPE_BODY,22
_decoded_buffer,22
data_to_send,22
cryptography,22
soabi,22
InvalidMetadata,22
RawMetadata,22
StrPath,22
RegexLexer,22
extern,22
AlignMethod,22
ReprHighlighter,22
camera,22
new_segments,22
text_length,22
_all_,22
source_filename,22
woff,22
axislabel,22
extreme_finder,22
grid_locator1,22
CoverageConfig,22
TFileDisposition,22
source_dirs,22
fromno,22
index_page,22
BoolTypeQuery,22
is_typeshed_stub,22
allow_tuple_literal,22
visit_literal_type,22
has_self_type,22
visit_type_application,22
GlobalDecl,22
NonlocalDecl,22
visit_import,22
OrPattern,22
MappingPattern,22
hide_error_codes,22
is_equivalent,22
DICT_STR_GEN,22
uses_template_strings,22
is_decorated,22
is_trivial_body,22
is_final_def,22
alias_node,22
use_builtins_fixtures,22
class_ref,22
in_checked_function,22
ExtraAttrs,22
map_actuals_to_formals,22
temp_node,22
ignore_return,22
stubtest,22
last_if_stmt,22
skipped_if_stmts,22
union_type,22
erase_type,22
PRI_INDIRECT,22
std_tuple,22
gsab,22
nsy,22
_BaseExceptionT_co,22
_ExceptionT,22
out_parts,22
_original_rule,22
yearlen,22
sdkdir,22
setResultsName,22
rvrn,22
postscriptNameID,22
ttx,22
loggingTools,22
_uniq_sort,22
operandStack,22
getConverters,22
ClipBox,22
BaseGlyphList,22
ColorLayers,22
InputGlyphCount,22
baseMarks,22
FeatureParams,22
FORMAT_3_0,22
PointPen,22
DGroup,22
finalName,22
TransformPen,22
origCoords,22
ConditionTable,22
SubTablePath,22
dataLen,22
optical,22
file_or_path,22
expect_name_,22
languageCode,22
dimElement,22
store_builder,22
Dupl,22
Nand,22
VarLibValidationError,22
masterValues,22
WRITEBACKIFCOPY,22
standard_exponential,22
make_mask_none,22
asorted,22
machep,22
idx_removed,22
itersize,22
a3d,22
hynp,22
arr0d,22
num_dims,22
intrinsics,22
ua2,22
check_einsum_sums,22
all_f16,22
ccontig,22
fcontig,22
ps1,21
find_loader,21
getline,21
awaited,21
warned,21
getmtime,21
computer,21
knowledge,21
Pickle,21
APPEND,21
REDUCE,21
stopping,21
__test__,21
getfile,21
GeneratorExit,21
Static,21
remember,21
uniformly,21
formatvalue,21
topfd,21
resort,21
newfile,21
nobody,21
Barry,21
asyncore,21
enable_SMTPUTF8,21
confusion,21
ctime,21
memoize,21
lives,21
referencing,21
Subnormal,21
losing,21
capability,21
aspects,21
Done,21
closely,21
mantissa,21
capitals,21
eliminate,21
maintaining,21
subtracting,21
reduces,21
_div_nearest,21
bounded,21
nonempty,21
Guess,21
SEEK_END,21
negatives,21
EINVAL,21
Optimization,21
IntFlag,21
derivative,21
x4000,21
err2,21
Pearson,21
bisect_right,21
clears,21
progname,21
__ior__,21
Prompt,21
Rossum,21
Smith,21
sha1,21
xde,21
unsorted,21
fee,21
SPECIAL,21
INDIRECT,21
CONSEQUENTIAL,21
_soundpos,21
law,21
timespec,21
len_str,21
Represent,21
Constructors,21
interested,21
spelling,21
expon,21
ldexp,21
CWD,21
u03b4,21
u03b5,21
u2264,21
Decide,21
parens,21
summaries,21
summarize,21
Differ,21
debugged,21
mon,21
sun,21
Prints,21
Mathematical,21
__imul__,21
_ConcatenateGenericAlias,21
nm_tpl,21
FINISHED,21
hostname_checks_common_name,21
show_missing,21
ERR,21
colormode,21
_item,21
stamps,21
diameter,21
maintains,21
FILENAME,21
heuristics,21
frame_size,21
lineterm,21
BufferError,21
Authentication,21
PARTIAL,21
FLAGS,21
Free,21
QUOTE_NONE,21
XXXX,21
serving,21
_flush,21
mutex,21
task_done,21
REQUEST_METHOD,21
QUERY_STRING,21
adjustments,21
UnaryOp,21
TEST,21
TIMESTAMP,21
bdb,21
opmap,21
ArgumentError,21
_re,21
_level,21
text_width,21
prefix_chars,21
arg_count,21
bzr,21
rewriting,21
NET,21
BOM_UTF8,21
collapsed,21
adapt,21
assigns,21
xrefs,21
verification,21
to_remove,21
recover,21
revert,21
make_identity_dict,21
posix_prefix,21
eagerly,21
writeback,21
combo,21
compile_pattern,21
_drv,21
old_suffix,21
removesuffix,21
PicklingError,21
Positioning,21
clauses,21
Individual,21
pyw,21
Would,21
read_offset,21
ppc64,21
libs,21
invalidation,21
NOON,21
THO,21
New_York,21
ultimately,21
Cls,21
intentional,21
awaitable,21
transitive,21
Lists,21
multidimensional,21
AsyncMock,21
_mock_children,21
_new_name,21
import_path,21
aggregating,21
levelname,21
Tuesday,21
DistutilsArgError,21
Failure,21
preprocess,21
compile_options,21
agree,21
vcruntime,21
get_source_files,21
has_data,21
init_py,21
Reporter,21
sres,21
strategies,21
Delegate,21
NodeFilter,21
InputSource,21
_escape_cdata,21
does_not_exist,21
testdir,21
junit,21
cmd_line,21
datatypes,21
Matrix,21
Swap,21
recomputed,21
Pair,21
printables,21
header_bytes,21
param_value,21
tokenlist,21
_logger,21
maxlength,21
_out,21
add_prefix,21
Needs,21
classify,21
_when,21
_call_connection_lost,21
monitoring,21
return_when,21
_finished,21
_sock_fd,21
eq_default,21
order_default,21
kw_only_default,21
Who,21
pylab,21
CreationDate,21
SAVE,21
XObject,21
DataType,21
_n_frames,21
object_id,21
APP,21
LOAD_TRUNCATED_IMAGES,21
AAAAAAAAAAAAAAAAAAAAAAAAAAAAAAAAAAAAAAAAAAAAAAAAAAAAAAAAAAAAAAAAAAAAAAAAAAAA,21
_previous_pixel,21
hash_value,21
rmoveto,21
convolution,21
Edge,21
DDPF,21
new_positions,21
stroked,21
_offsets,21
dispose_extent,21
renderingIntent,21
APNG,21
trylast,21
excrepr,21
test_foo,21
ReprFileLocation,21
visually,21
_list,21
main_color,21
lastfailed,21
tox,21
test_cases,21
min_value,21
major_axis,21
any_unsigned_int_numpy_dtype,21
NumpyValueArrayLike,21
DataFrameFormatter,21
FloatFormatType,21
heapsort,21
one_to_one,21
DropKeep,21
Int16Dtype,21
_downsample,21
SciPy,21
BQE,21
to_markdown,21
Markdown,21
_update_inplace,21
_AXIS_ORDERS,21
Broadcast,21
LICENSES,21
xnull,21
array_algos,21
Expanding,21
res_mgr,21
xlsm,21
hrules,21
at_time,21
ties,21
orig_values,21
_ensure_numeric,21
null_mask,21
iscomplexobj,21
dimensionality,21
value_x,21
oob,21
dtype_mapping,21
GDP,21
validate_indices,21
Share,21
include_lowest,21
_values_for_factorize,21
arr_dtype,21
needs_masking,21
prefix_sep,21
left_df,21
right_df,21
join_names,21
right_keys,21
Bounds,21
IndexType,21
recode_for_categories,21
num_items,21
PyArrow,21
is_file_like,21
unsignedinteger,21
overwrite_input,21
_from_value_and_reso,21
FreqGroup,21
datelike,21
propagates,21
is_year_start,21
ncol,21
index_like,21
returns_string,21
_cython_agg_general,21
x_array,21
_mean,21
df_time,21
maybe_coerce_values,21
skip_if_windows,21
set_fontsize,21
NegativeInfinityType,21
arr_float_2d,21
NAN1,21
NAN2,21
lvl0,21
aaaa,21
exp_col,21
expected_counts,21
keep_mask,21
portfolio,21
tds,21
JUN,21
ival_A,21
FRI,21
TUE,21
expected0,21
arr_data,21
cat_rev,21
_print_desc,21
lomq_aug_sat_4,21
expected_results,21
df_from_dict,21
abcdefg,21
biggie,21
c_values,21
bkey,21
uints,21
check_same,21
assert_matching,21
set_item,21
targop,21
stat_,21
cat_ord,21
setosa,21
DodgerBlue,21
get_yticks,21
resample_method,21
exp_rng,21
assert_framelist_equal,21
extract_links,21
IntDateCol,21
select_column,21
fletcher32,21
draggable,21
hyperlinks,21
build_table_schema,21
borders,21
xpt,21
actual_warning,21
_backends,21
_get_lines,21
set_xticklabels,21
AutoDateFormatter,21
_period_break,21
info_maj,21
month_start,21
new_doc,21
IOHandles,21
maxLen,21
nat_rep,21
na_fvalues,21
ultra,21
_vertices,21
_create_closed,21
TransformedPath,21
_reshape_2D,21
_usetex,21
format_ticks,21
MultipleLocator,21
validate_int,21
_hatch,21
anti,21
widthA,21
widthB,21
rotate_deg_around,21
markerline,21
TextArea,21
copy_from_bbox,21
init_func,21
get_zorder,21
set_zorder,21
view_limits,21
Discouraged,21
subplotpars,21
horizOn,21
vertOn,21
lasso,21
ravel_multi_index,21
allsegs,21
draw_rubberband,21
remove_rubberband,21
Zoom,21
Dvi,21
figimage,21
pyplot_show,21
usevlines,21
guidelines,21
mag,21
ijk,21
glyph_ids,21
_draggable,21
tick1On,21
label1On,21
get_autoscaley_on,21
X_part,21
drawDC,21
WHITE,21
xlink,21
clippath,21
pdfRepr,21
getDebugName,21
output_base,21
ArraySubclass,21
maxs,21
yaxis_inverted,21
tris,21
sub_figs,21
mynorm,21
pnorm,21
ComplexityVisitor,21
RESET,21
OffsetArray,21
separate_lines,21
CoordinateArray,21
csbi,21
ScalarNode,21
node_check,21
cov_source,21
cov_controller,21
hint_stmt,21
DistributionNotFound,21
from_markup,21
WheelCache,21
check_build_deps,21
ireqs,21
connectionpool,21
iter_dependencies,21
editable_project_location,21
default_environment,21
CommandInfo,21
CommandArgs,21
lock_version,21
soft_wrap,21
user_cache_dir,21
package_dist,21
backtrack,21
existing_req,21
VersionControl,21
length_remaining,21
BaseHTTPConnection,21
Value1,21
Value2,21
_distro,21
msgpack,21
musllinux,21
_version_nodot,21
_append_app_name_and_version,21
max_buffer_size,21
_null,21
stringescape,21
fromfunction,21
cursor_position,21
axes_all,21
get_dir_vector,21
set_3d_properties,21
plot_surface,21
new_floating_axis,21
show_contexts,21
file_tracers,21
canonical_filename,21
multiline_map,21
action_msg,21
lookup_fully_qualified,21
has_param_spec_type,21
visit_deleted_type,21
visit_parameters,21
FakeInfo,21
visit_partial_type,21
visit_type_type,21
type_var_tuple_suffix,21
named_type_or_none,21
visit_yield_from_expr,21
visit_cast_expr,21
visit_for_stmt,21
ClassPattern,21
import_ctx,21
ImportBase,21
is_top_level,21
IS_ABSTRACT,21
is_inferred_def,21
symnode,21
scope_stack,21
imported_id,21
class_def,21
dep_prios,21
dep_lines,21
callsites,21
base_info,21
doc_dir,21
special_sig,21
id_mapper,21
reveal_verbose_types,21
original_vars,21
super_info,21
typeshed_dir,21
InvalidSourceList,21
else_type,21
check_method_call_by_name,21
subflags,21
reverse_type,21
origin_context,21
cache_dir_prefix,21
source_set,21
dep_line_map,21
guesses,21
GitIgnorePatternError,21
add_type_dependencies,21
run_stubtest,21
passnum,21
auto_attribs,21
pattern_index,21
bdist_egg,21
toklist,21
asList,21
mayIndexError,21
endQuoteChar,21
PathStr,21
localisedStyleName,21
checkSum,21
behdad,21
otData,21
NO_NAME_ID,21
numPaletteEntries,21
ruleAsSubtable,21
firstGlyph,21
subtables_,21
glyph2,21
ClassDef1,21
yAdvance,21
startGlyphID,21
mergeObjects,21
ContextPos,21
styleMapFamilyName,21
coverage_attr,21
kernTables,21
dataSize,21
curTable,21
writeArray,21
GlyphClass,21
nameMap,21
firstOnCurve,21
Kharoshthi,21
MarkClass,21
ContextData,21
subDoc,21
_startPoint,21
_ntos,21
accept_glyphname,21
Geor,21
Mong,21
subset_lookups,21
_1_t,21
master_values,21
fvr,21
points2,21
allEqual,21
master_1,21
master_2,21
nametable,21
SIMD,21
OWNDATA,21
NBitBase,21
I_arr_10,21
MaskedArrays,21
np_ma_ret,21
assert_array_compare,21
wts,21
smallest_normal,21
a_arr,21
order1,21
_generate_data,21
matrix_multiply,21
py_comp,21
assert_complex_equal,21
x_f64,21
ispkg,20
terminating,20
get_code,20
path_hooks,20
trusted,20
restrict,20
seeing,20
TUPLE,20
parties,20
POP,20
delayed,20
co_consts,20
POSITIONAL_ONLY,20
Possibly,20
Named,20
Temporary,20
_weakref,20
O_CREAT,20
EEXIST,20
friends,20
mailfrom,20
HELO,20
Linear,20
class_,20
fracpart,20
adjusting,20
unbounded,20
compare_total,20
Applies,20
has_option,20
surrounded,20
deeply,20
Exactly,20
types_map,20
enumeration,20
coerces,20
car,20
frequently,20
occurring,20
Variance,20
estimated,20
Percentage,20
Inverse,20
open_code,20
collisions,20
WeakValueDictionary,20
echo,20
MAC,20
getcomptype,20
fromisoformat,20
sane,20
ftplib,20
sendcmd,20
u03c4,20
u03a9,20
endings,20
IAC,20
_field_type,20
get_type_hints,20
READ,20
WRITE,20
manages,20
yourself,20
heappush,20
redirected,20
min_indent,20
saw,20
nbar,20
dtd,20
generics,20
MutableSequence,20
is_typeddict,20
analyzing,20
ipaddress,20
Backwards,20
abstraction,20
getrandbits,20
Locale,20
forth,20
utf_8,20
cyrillic,20
sr_yu,20
States,20
Icelandic,20
Malayalam,20
Mongolian,20
Tibetan,20
mistake,20
Neither,20
Calculates,20
time_tuple,20
Canvas,20
RawTurtle,20
logo,20
hexagon,20
mozilla,20
Combining,20
SimpleXMLRPCServer,20
xrange,20
ProcessError,20
contributed,20
digestmod,20
SimpleQueue,20
recently,20
avg,20
Overlapped,20
Destination,20
file_read,20
CONDITIONS,20
Expr,20
transformer,20
fstack,20
protector,20
NEXT,20
__rop__,20
asctime,20
line_pos,20
OPTIONS,20
Walk,20
capture_locals,20
chown,20
killed,20
coffee,20
HKEY_LOCAL_MACHINE,20
os_name,20
user_site,20
surrogate,20
quitting,20
shifting,20
regarding,20
_owner,20
_at_fork_reinit,20
is_set,20
encodes,20
unencoded,20
bplist,20
flavour,20
offers,20
BUT,20
pax,20
safe_version,20
standard_lib,20
webp,20
contstr,20
test_func,20
mainpyfile,20
unexpectedly,20
unpacker,20
Kind,20
catalog,20
isysroot,20
intel,20
ProcessPoolExecutor,20
x258c,20
x2590,20
INTERSECTION,20
IDENTICAL,20
u0160,20
u0161,20
MADDA,20
u2039,20
PER,20
MILLE,20
xd0,20
POINT,20
JSONEncoder,20
_current_indent_level,20
Serialize,20
unescaped,20
suspend,20
Accessing,20
Attempting,20
NodeList,20
mocked,20
_CallList,20
setters,20
Wraps,20
putrequest,20
InvalidURL,20
total_bytes,20
perl,20
MONTHS,20
downgrade,20
Reduce,20
VersionPredicate,20
DistutilsGetoptError,20
shared_lib_extension,20
static_lib_format,20
extra_objects,20
extra_link_args,20
join_lines,20
compile_options_debug,20
lib_type,20
pypirc,20
RegOpenKeyEx,20
VisualStudio,20
reduced_paths,20
fixed_args,20
global_options,20
opt_dict,20
get_option_dict,20
Summary,20
libpath,20
decodable,20
rpm_cmd,20
warn_dir,20
Visible,20
addHandler,20
handleError,20
dfn,20
isEnabledFor,20
fullurl,20
logically,20
socks,20
pulldom,20
cache_key,20
test_chdir,20
print_warning,20
_changed,20
env_vars,20
downloading,20
valid_types,20
shm,20
ProtocolError,20
BASE64,20
boxcar,20
zeta,20
darr,20
leq,20
as_ew_allowed,20
to_encode,20
set_payload,20
maxheaderlen,20
Hack,20
headersonly,20
_mmap,20
node_type,20
foreign,20
pause_writing,20
paused,20
resume_reading,20
mixins,20
write_eof,20
proactor,20
work_id,20
Height,20
Inferred,20
EPS,20
Handling,20
ghostscript,20
JpegImagePlugin,20
existing_pdf,20
_tags_v2,20
colours,20
get_chunk,20
cropped,20
Bitstream,20
spider,20
Plugins,20
profiles,20
newFrame,20
Less,20
source_palette,20
reducing,20
PyCapsule,20
image_text,20
Bool,20
known_args_namespace,20
cached_result,20
minversion,20
addfinalizer,20
fixtureinfo,20
getplugin,20
write_sep,20
_capture_fixture,20
flatten_subgroups,20
is_sparse,20
minor_axis,20
Parameterized,20
InterpolateOptions,20
UInt8Dtype,20
UInt64Dtype,20
reindex_indexer,20
_constructor_expanddim,20
nargsort,20
_slice,20
_cacher,20
Geography,20
raise_on_missing,20
first_valid_index,20
Cow,20
Intervals,20
workbook,20
pyperclip,20
textbf,20
rwrap,20
date_index,20
infers,20
item_from_zerodim,20
column_dtypes,20
Versions,20
root_name,20
pivoted,20
lsuffix,20
is_list_like_indexer,20
column_indexer,20
PyObjectHashTable,20
result_codes,20
Defer,20
libhashtable,20
left_keys,20
left_values,20
mdata,20
xpr,20
new_result,20
np_func,20
format_array,20
pa_result,20
USE_NUMEXPR,20
assigner,20
inherit_names,20
_index_doc_kwargs,20
efgh,20
jitted,20
_common_see_also,20
take_along_axis,20
window_agg_numba_parameters,20
new_block_2d,20
result_arrays,20
newb,20
_blknos,20
_blklocs,20
_combine,20
nyears,20
ClosedFileError,20
JsonReader,20
old_sig,20
pre_n,20
_parse_letter_version,20
arr_float_1d,20
exp_first,20
extra_warnings,20
annot,20
exp_cols,20
dates2,20
PY314,20
level2,20
typ2,20
tz1,20
INVALID_FREQ_ERR_MSG,20
base_str,20
DecimalDtype,20
SME,20
test_map,20
yindex,20
kls,20
_MONDAY,20
harden_mask,20
ser4,20
quux,20
dict1,20
exp_dti,20
fizz,20
drop_labels,20
random_order,20
dft,20
c_dtype,20
unshifted,20
to_replace_res,20
to_key,20
series_with_interval_index,20
expected_error,20
exp3,20
intersect1d,20
T03,20
exp_ridx,20
df_grouped,20
col_num,20
expected_out,20
grouped_df,20
grouped_ser,20
a_mean,20
argwhere,20
tc1,20
tc2,20
std_x,20
get_scale,20
get_x,20
date_cols,20
lrl,20
col_trim,20
hide_index_,20
keep_default_dates,20
xml_baby_names,20
mergestart,20
mergeend,20
PythonParser,20
_TestTuple,20
FFF,20
fblock,20
colored,20
RRuleLocator,20
_tag,20
ins_col,20
unit_circle,20
_figure,20
bcast,20
mec,20
showfliers,20
rcParamsDefault,20
GraphicsContextBase,20
get_xy,20
_center,20
armB,20
clipbox,20
grab_frame,20
draw_event,20
get_yaxis_transform,20
get_xaxis_transform,20
AsinhLocator,20
LogFormatter,20
set_under,20
set_over,20
ParseExpression,20
default_font_prop,20
font1,20
Vlist,20
cur_v,20
get_offsets,20
get_facecolors,20
key_release_event,20
SpanSelector,20
Segments,20
segs,20
contains_branch_seperately,20
LayoutEngine,20
ConstrainedLayoutEngine,20
BarContainer,20
return_line,20
fill_betweenx,20
spy,20
cellColours,20
triplot,20
headwidth,20
headlength,20
update_from_data_xy,20
glyph_map_new,20
_make_str_method,20
_locked_points,20
PatchCollection,20
parasite,20
bilinear,20
get_autoscalex_on,20
spectral,20
resdat,20
TwoSlopeNorm,20
illumination,20
data_line,20
certifi,20
connectors,20
trunklength,20
inpage,20
_tri,20
TriFinder,20
M_inv,20
invert_yaxis,20
markercolor,20
t_delta,20
bdata,20
n_angles,20
pad_to_density,20
test_value,20
sloc,20
chunk_codes,20
list_of_points,20
quad_as_tri,20
AnsiFore,20
AnsiBack,20
StreamWrapper,20
ansitowin32,20
FileCopyrightText,20
DEPRECATED_DEFAULT,20
SequenceNode,20
switch_context,20
data_suffix,20
allow_yanked,20
ignore_dependencies,20
cache_entry,20
redact_auth_from_url,20
build_editable,20
BuildBackendHookCaller,20
build_wheel,20
gnu_get_libc_version,20
api_level,20
is_satisfied_by,20
backtrack_causes,20
metadata_file_data,20
__rich_measure__,20
_TYPE_SOCKET_OPTIONS,20
h16,20
_get_required,20
_validate_pre,20
_hash_cache,20
ver_str,20
_has_arbitrary,20
canonicalize_license_expression,20
array_repr,20
maximum_sctype,20
show_edge,20
previous_value,20
locals_hide_dunder,20
line_range,20
NoChange,20
spinner_style,20
unique_id,20
_axlim_clip,20
Line3DCollection,20
juggled,20
angle_tangent,20
tick_formatter1,20
prep_help,20
program_path,20
source_pkgs,20
_collector,20
core_name,20
should_start_context,20
tracers,20
n_statements,20
FileTracer,20
other_db,20
expandtype,20
cur_mod_node,20
item_types,20
visit_type_form_expr,20
visit_assert_type_expr,20
visit_decorator,20
ValuePattern,20
SingletonPattern,20
SequencePattern,20
visit_mypy_file,20
save_filtered_errors,20
error_info_map,20
enabled_error_codes,20
blockers,20
impl_only,20
mark_incomplete,20
force_progress,20
scope_type,20
is_recursive,20
plugin_data,20
existing_info,20
FindModuleCache,20
copy_common,20
LITERAL_STR,20
if_block_with_overload,20
SuggestionFailure,20
is_tty,20
allow_polymorphic,20
IPCException,20
trans_dep_hash,20
options_key,20
hab,20
_BaseExceptionT,20
BackendNamesHint,20
searchString,20
usMaxContext,20
cu2qu,20
conditionalSubstitutions,20
subfamilyNameID,20
T2WidthExtractor,20
SimpleT2Decompiler,20
getAllData,20
VarRegionCount,20
valueList,20
nLeft,20
FirstLayerIndex,20
deprecateFunction,20
LOOKUP_FLAG_USE_MARK_FILTERING_SET,20
lookupType,20
LigGlyph,20
ElidedFallbackNameID,20
axisValRec,20
nameRecord,20
removeHinting,20
DFLT,20
RuleSet,20
qcurve,20
UFOReader,20
groupName,20
GenericDict,20
genericDictValidator,20
rangeMaxPPEM,20
ResourceError,20
nPoints,20
grUtils,20
textOffset,20
VarIndex,20
scaleX,20
scaleY,20
firstCode,20
numRules,20
mvar,20
tupleIndex,20
glyphData,20
otl,20
userRegion,20
map_forward,20
axisMappings,20
xvalue,20
linkedUserValue,20
RecordingPointPen,20
get_lookup_,20
cur_comments_,20
Modi,20
Copt,20
Mahj,20
Sinh,20
Yiii,20
VarLibMergeError,20
this_tolerance,20
rangeMin,20
isdtype,20
_sharedmask,20
_update_from,20
fielddict,20
mval,20
set_fill_value,20
_MaskedBinaryOperation,20
irnd,20
op_flags,20
reduce_ok,20
axisa,20
_wrapfunc,20
cnumpy,20
a123,20
sg2,20
install_temp,20
fpos,20
orig_policy_name,20
c_sub,20
rfft2,20
Captured,19
Works,19
establish,19
speedup,19
ImportWarning,19
hardcoded,19
commonpath,19
result_path,19
USERPROFILE,19
bail,19
var2,19
popular,19
untrusted,19
zeroes,19
Discard,19
gathered,19
thought,19
redefined,19
exclusion,19
Built,19
__signature__,19
EXTENSION_SUFFIXES,19
Execution,19
Looks,19
output_type,19
syntactically,19
sendmail,19
O_WRONLY,19
edu,19
signaling,19
__complex__,19
conforming,19
_interpolation,19
translating,19
validating,19
Continue,19
Including,19
principle,19
focus,19
Cleanup,19
hang,19
involves,19
malloc,19
WNOHANG,19
protection,19
__rand__,19
__rxor__,19
Changing,19
ranked,19
Sigma,19
getuid,19
_get_data,19
getnframes,19
setparams,19
audioop,19
_days,19
Operators,19
_create,19
programming,19
TYPE,19
readers,19
start_offset,19
Erase,19
is_dataclass,19
default_name,19
mailcap,19
heapify,19
Contents,19
module_relative,19
extraglobs,19
_TestClass,19
Differences,19
Assemble,19
reaches,19
AsyncGenerator,19
ParamSpecArgs,19
_is_param_expr,19
decided,19
_TypedDictMeta,19
T_co,19
HEADER,19
do_handshake_on_connect,19
authors,19
Closed,19
heavily,19
UTF8,19
NEVER,19
Database,19
big5,19
lex,19
longopts,19
savings,19
_check_methods,19
StopAsyncIteration,19
kids,19
Better,19
pendown,19
Graphics,19
btn,19
_pensize,19
chrome,19
devices,19
exercise,19
__aenter__,19
STAR,19
Interrupted,19
recursing,19
descriptive,19
b2j,19
bestj,19
text2,19
to_line,19
SIG,19
June,19
ONLY,19
mention,19
_mesg,19
challenge,19
_match,19
master_fd,19
QUOTE_MINIMAL,19
put_nowait,19
keep_blank_values,19
strict_parsing,19
__write,19
official,19
Truncate,19
ST_MTIME,19
walks,19
delimit,19
LDSHARED,19
libpython,19
decodes,19
lasti,19
ngettext,19
Factory,19
store_const,19
aix,19
CVS,19
invalidated,19
itervalues,19
mangle_from_,19
get_labels,19
add_header,19
end_colno,19
unescape,19
whitespaces,19
Tree,19
Known,19
encodable,19
scanner,19
serverthread,19
Barrier,19
_initialized,19
_target,19
charbuffer,19
September,19
basics,19
LIMITED,19
switches,19
interpreters,19
person,19
_KEEP,19
isascii,19
hostmask,19
Importing,19
spos,19
total_size,19
symtable,19
bpnumber,19
flag_bits,19
unaffected,19
copy_function,19
Removes,19
hope,19
contact,19
iscased,19
link_next,19
Transforms,19
x03c6,19
BELOW,19
u203a,19
u2021,19
cp1252,19
WORD,19
span_end,19
unfilled,19
inequality,19
negation,19
syntactic,19
oct,19
Lambda,19
concatenating,19
deliberately,19
assert_called_once,19
_importer,19
create_task,19
twisted,19
top_level_dir,19
req_host,19
Domain,19
req_path,19
Dependency,19
paren,19
DistutilsTemplateError,19
exclude_pattern,19
is_regex,19
run_setup,19
newer_group,19
new_compiler,19
anyways,19
HKEYS,19
RES,19
get_command_class,19
reinit_subcommands,19
new_options,19
_global_log,19
n_sources,19
Disposition,19
Doe,19
Icon,19
SCHEME_KEYS,19
install_,19
Django,19
Saturday,19
levelno,19
_coerce_result,19
_model,19
defproperty,19
DOMException,19
_wrapper,19
environment_altered,19
test_,19
format_duration,19
NFD,19
_interpreters,19
Executor,19
circumflex,19
quarters,19
succ,19
configdir,19
find_distributions,19
Project,19
cfws,19
get_param,19
address_list,19
Body,19
bstring,19
_list_len,19
preparation,19
SIGCHLD,19
outqueue,19
_Client,19
input_base_dir,19
expr_stmt,19
characteristic,19
UINT,19
HWND,19
resume_writing,19
problematic,19
_remove_reader,19
bitmask,19
backport,19
firstlineno,19
get_shape,19
string_types,19
Ghostscript,19
Pages,19
_tagdata,19
QImage,19
Palm,19
monochrome,19
__offset,19
Direction,19
ImageMagick,19
distances,19
header_data,19
xFF000000,19
lineto,19
stringtype,19
ifh,19
Wikipedia,19
D3DFMT,19
dxgi_format,19
im_frames,19
im_1,19
STREAM,19
warning_message,19
collection_path,19
alternatively,19
inject,19
version_tuple,19
_fixturemanager,19
fixturenames,19
teardown_method,19
Deprecation,19
CLI,19
targetfd,19
BaseExcT_co,19
notset,19
reportdict,19
tmp_path_factory,19
pexpect,19
sha,19
entrypoint,19
any_float_dtype,19
branch_name,19
HashableT,19
AggFuncType,19
CSVEngine,19
UInt16Dtype,19
read_spss,19
_gotitem,19
Groupby,19
relabeling,19
construct_1d_arraylike_from_scalar,19
_hidden_attrs,19
eagle,19
Tuvalu,19
get_group_index,19
_get_level_values,19
Zstandard,19
df_a,19
array_ufunc,19
multirow_align,19
relabel_index,19
new_ax,19
Behaviour,19
nanmedian,19
unboxed,19
cloud,19
ORC,19
brand,19
y_values,19
hashmap,19
null_pos,19
max_info_columns,19
expand_frame_repr,19
return_index,19
dummy_na,19
right_join_keys,19
stubnames,19
to_time,19
if_else,19
na_val,19
sum_,19
PandasExtensionDtype,19
is_binary,19
is_date,19
np_can_hold_element,19
_validate_scalar,19
start_i,19
_create_arithmetic_method,19
is_non_overlapping_monotonic,19
_apply_elementwise,19
libgroupby,19
shaped,19
idxr,19
_maybe_cast_slice_bound,19
from_range,19
in_axis,19
fast_path,19
get_converter,19
cheetah,19
warned_already,19
DatetimeTZBlock,19
vis,19
FY5253Quarter,19
weasel,19
InfinityType,19
NegativeInfinity,19
_Version,19
expected_sub,19
Male,19
col5,19
get_test_data,19
eeeeee,19
boo,19
as_frame,19
WED,19
test_length,19
NPY_FR_ms,19
PARSING_ERR_MSG,19
T16,19
_check_promote,19
assert_metadata_equivalent,19
expected_levels,19
expected_error_msg,19
pa_version_under19p0,19
tstart,19
cop,19
Ohio,19
testattr,19
rng4,19
pi3,19
drange,19
group_name,19
rgx,19
field1,19
myfunc,19
amask,19
BaseExtensionTests,19
skip_nested,19
engine_and_raw,19
_check_ax_scales,19
DatetimeConverter,19
scott,19
xticklabels,19
_check_box_coord,19
df_col,19
tips_file,19
jsonl,19
VAR00002,19
serve_content,19
MetaData,19
select_as_multiple,19
end_dt,19
is_indexed,19
highlight_min,19
geom,19
OpenDocument,19
xfail_datetimes_with_pyxlsb,19
csv1,19
Rotation,19
nplots,19
bar_width,19
AxisInfo,19
set_locs,19
MATLAB,19
_convert_dates,19
max_str_len,19
is_truncated_horizontally,19
Justify,19
style_dict,19
ColorizingArtist,19
_colorizer,19
simplify_threshold,19
to_polygons,19
SANS,19
SERIF,19
_toggled,19
c1x,19
c1y,19
violins,19
BackendFilter,19
rcParam,19
ndivs,19
mew,19
showbox,19
meanline,19
dejavusans,19
round_numbers,19
papersize,19
projecting,19
_get_font,19
get_patch_transform,19
_capstyle,19
set_foreground,19
rotation_point,19
set_bounds,19
dxx,19
hsz,19
aspect_ratio,19
ConnectionPatch,19
convert_units,19
yoffsets,19
set_marker,19
_pad,19
AnnotationBbox,19
scroll,19
restore_region,19
Kerning,19
Devanagari,19
_drawn_artists,19
FixedFormatter,19
FuncFormatter,19
orderOfMagnitude,19
use_overline,19
FamilyName,19
NoNorm,19
_set_scale,19
ParseBaseException,19
postscript_name,19
set_val,19
check_props,19
cursor_index,19
state_modifier_keys,19
_suptitle,19
unravel_index,19
gfunc,19
LinearSegmentedColormap,19
update_datalim,19
dviread,19
new_figure_manager,19
apply_theta_transforms,19
classproperty,19
set_children,19
transform_affine,19
XAxis,19
_to_str,19
FontBBox,19
_timer_stop,19
set_message,19
start_x,19
fftfreq,19
circleignore,19
_get_key,19
tmppath,19
current_mask,19
dzdy,19
plot_directive,19
allow_empty,19
get_aspect,19
test_axes,19
glyphDataFormat,19
maxComponentDepth,19
fsSelection,19
gs1,19
assert_array_less,19
sig_off,19
nover_density,19
plot_file,19
cmref,19
cmshould,19
base_config,19
Classname,19
MAGENTA,19
check_point_array,19
ZInterp,19
write_line_break,19
raw_buffer,19
link_collector,19
build_constraints,19
warn_script_location,19
ReadTimeoutError,19
parallel_builds,19
implementation_name,19
isolated_mode,19
folders,19
project_urls,19
RequirementSet,19
PackageSdist,19
PackageWheel,19
alg,19
format_for_error,19
ResolutionImpossible,19
ProgressColumn,19
MaxRetryError,19
request_url,19
cp_value,19
label_bytes,19
response_headers,19
current_environment,19
spec_version,19
_get_config_var,19
cpal,19
user_runtime_dir,19
autoclass,19
ensure_directory,19
pycon,19
compare_chararrays,19
color_number,19
code_format,19
rule_text,19
aux_trans,19
_axinfo,19
auto_scale_xyz,19
get_zlim,19
grid_locator2,19
context_switchers,19
branch_stats,19
TOffset,19
line_bits,19
ldata,19
_coverage,19
SyntheticTypeVisitor,19
visit_comparison_expr,19
visit_super_expr,19
visit_unary_expr,19
visit_lambda_expr,19
visit_dictionary_comprehension,19
visit_generator_expr,19
visit_with_stmt,19
visit_import_all,19
ignore_type_params,19
t_unpack,19
str_with_options,19
is_index_var,19
declared_tvars,19
erasetype,19
data_mtime,19
custom_special_method,19
format_value,19
NormalizedCallableType,19
IS_SETTABLE,19
find_isinstance_check,19
consider_runtime_isinstance,19
can_skip_diagnostics,19
outer_context,19
from_assignment,19
type_maps,19
inferred_types,19
package_root,19
original_caller_type,19
OFFSET,19
caller_type,19
proper_right_type,19
var_blocks,19
plugin_path,19
current_options,19
caller_line,19
translate_expr_list,19
symtab,19
callable_var_arg,19
converter_type,19
__condition,19
M31,19
byxxx,19
hms,19
mstridx,19
install_requires,19
destination_eggdir,19
delimitedList,19
savelist,19
_full,19
valuefunc,19
VORG,19
elidedFallbackName,19
decompiled,19
splitGlyphs,19
ignoreErrors,19
convertersByName,19
varIndexBase,19
BacktrackCoverage,19
LookAheadCoverage,19
EntryExitRecord,19
LigatureAttach,19
valueFormat1,19
valueFormat2,19
BaseScriptList,19
mapLookups,19
UFOFileStructure,19
writeData,19
axisIndicesIndex,19
axisValuesVarIndex,19
transformVarIndex,19
searchRange,19
rawData,19
SubTableEntry,19
readHex,19
argBits,19
nWords,19
getSubReader,19
readULong,19
SubstitutionRecord,19
subHeaderList,19
subRanges,19
BaseConverter,19
interpolatable,19
yPelHeight,19
groupIndex,19
scan_over_,19
RuleData,19
conditionSets,19
_qCurveToOne,19
currentContour,19
parse_glyphclass_,19
Vithkuqi,19
isHorizontal,19
printSegments,19
hintMaskBytes,19
countHints,19
dxc,19
dyc,19
m0idx,19
vhvar,19
axisLimit,19
AxisTriple,19
SEQ,19
I_u1_high_open,19
I_u2_high_open,19
I_u4_high_open,19
I_u8_high_open,19
I_i1_high_open,19
I_i2_high_open,19
I_i4_high_open,19
I_i8_high_open,19
anom,19
newshape,19
m2X,19
xsub,19
mxcsub,19
idx_dict,19
output_set,19
ARRAY_FUNCTION_LIKE,19
allTypes,19
axisb,19
MyArr,19
arg_method,19
arr_wb,19
get_castingimpl,19
_resolve_descriptors,19
dtout,19
SFX,19
fsci64,19
hnan,19
out0,19
abcdefghiabc,19
check_copy_result,19
iter_multi_index,19
x_herm,19
ENDMARKER,18
finders,18
subname,18
involve,18
defpath,18
samestat,18
userhome,18
deemed,18
triples,18
examine,18
predefined,18
infinities,18
strongly,18
BINGET,18
registration,18
end_pos,18
isroutine,18
update_wrapper,18
iscoroutine,18
discovered,18
homecls,18
getrecursionlimit,18
skip_bound_arg,18
historically,18
POSITIONAL_OR_KEYWORD,18
Cached,18
cleaning,18
SMTPUTF8,18
Again,18
ESMTP,18
__data,18
reductor,18
_deepcopy_atomic,18
Exponent,18
stricter,18
Decimals,18
Rounds,18
Quantize,18
_round,18
tie,18
Comments,18
inspired,18
OpenKey,18
tcl,18
lenient,18
unlimited,18
Older,18
attr_list,18
aspx,18
Solaris,18
_wait,18
expired,18
waitstatus_to_exitcode,18
picklable,18
x1000,18
Mixed,18
fp1,18
fp2,18
mangled,18
LOSS,18
PROFITS,18
NEGLIGENCE,18
getnchannels,18
getsampwidth,18
getframerate,18
Jun,18
relied,18
York,18
blow,18
_compname,18
toc_entry,18
Generated,18
fieldname,18
flushed,18
decompressobj,18
prematurely,18
Deal,18
xmlcharrefreplace,18
size_read,18
Super,18
primitives,18
SupportsInt,18
Deque,18
ParamSpecKwargs,18
simplicity,18
consumer,18
stripped_args,18
expectation,18
_TypedDict,18
sendto,18
recv_into,18
difference_update,18
queries,18
latin_1,18
Italy,18
July,18
ampm,18
Inconsistent,18
SRE_FLAG_LOCALE,18
rotates,18
shearfactor,18
PhotoImage,18
landscape,18
stretchfactor,18
_Screen,18
autoraise,18
unfortunately,18
City,18
o666,18
o777,18
childpos,18
Computing,18
recipes,18
stand,18
Scheme,18
notion,18
clusters,18
avail,18
expand_tabs,18
flaglist,18
cookielib,18
imap,18
_multiprocessing,18
pathname2url,18
url2pathname,18
SystemError,18
ConnectionResetError,18
untagged_responses,18
EXISTS,18
TAB,18
fieldnames,18
digest_cons,18
_fill,18
installations,18
Gaussian,18
socketpair,18
SO_REUSEADDR,18
preventing,18
enforcement,18
shadowed,18
libdir,18
u03b8,18
u03c9,18
formatter_class,18
current_indent,18
_group_actions,18
ARGS,18
add_parser,18
whichever,18
builddate,18
right_only,18
Still,18
Thomas,18
AUTHOR,18
ptype,18
mac_ver,18
linkage,18
alphabetically,18
bytes_le,18
is_safe,18
x2000,18
hardware,18
abcdefghijklmnopqrstuvwxyz,18
ZIP_DEFLATED,18
ZIP_STORED,18
editing,18
waiters,18
activity,18
_after_fork,18
BdbQuit,18
facility,18
with_name,18
iterdir,18
__next,18
LIABILITY,18
cluster,18
numeric_owner,18
nil,18
safe_name,18
prefix_option,18
subsequently,18
_Object,18
inpackage,18
contline,18
introduces,18
exclamation,18
Restart,18
from_file,18
relying,18
read_len,18
centdir,18
strips,18
Compiler,18
sysroot,18
KiB,18
Computed,18
verifies,18
link_prev,18
DIR,18
x2561,18
x2562,18
x2556,18
x2555,18
x255c,18
x255b,18
x255e,18
x255f,18
x2567,18
x2568,18
x2564,18
x2565,18
x2559,18
x2558,18
x2552,18
x2553,18
x256b,18
x256a,18
x2265,18
x2264,18
x2248,18
u02c6,18
MISC,18
Normalization,18
parse_constant,18
from_cache,18
tz_str,18
timecnt,18
SUITE,18
continuing,18
significantly,18
denote,18
clashes,18
Addition,18
Slicing,18
mock_calls,18
call_args_list,18
tracked,18
Renders,18
decorate,18
_encode,18
trailers,18
message_body,18
_cookies_lock,18
ignore_discard,18
configurations,18
dll_name,18
lib_args,18
find_library_file,18
read_values,18
convert_mbcs,18
vsbase,18
rc_dir,18
ranlib,18
option_index,18
negative_alias,18
get_sub_commands,18
ensure_string,18
vc_env,18
sep_boundary,18
post_interp,18
doc_files,18
Initializes,18
install_userbase,18
msilib,18
ours,18
TARGETDIR,18
Installed,18
seldlg,18
radio,18
loggerDict,18
baseFilename,18
addend,18
nlen,18
Warnings,18
fetchall,18
Structured,18
_splithost,18
Good,18
TEXT_NODE,18
xmlreader,18
short_empty_elements,18
TreeBuilder,18
getroot,18
default_namespace,18
base_url,18
test_pickle,18
rerun,18
RUN,18
pkg_dir,18
_header,18
synchronize,18
iso8601,18
_stack,18
dagger,18
Omega,18
bullet,18
Intersection,18
Star,18
_convert_string_type,18
get_scheme,18
__map,18
module_from_spec,18
wakeup,18
FoldedCase,18
Ref,18
domain_literal,18
max_count,18
include_default,18
MIMENonMultipart,18
exitpriority,18
typecode_or_type,18
c_ulong,18
c_longlong,18
c_float,18
_writer,18
dic,18
fixers_applied,18
start_tree,18
Winter,18
is_tuple,18
data_received,18
Futures,18
CANCELLED_AND_NOTIFIED,18
TypeVarLike,18
typevar,18
PY3,18
getim,18
pillow,18
putpalette,18
opacity,18
Helvetica,18
ltr,18
liga,18
ImageColor,18
_pack,18
DDSD,18
rgb0,18
harfbuzz,18
Filled,18
Cover,18
color1,18
_prev_im,18
salmon,18
offs,18
pytest_collectreport,18
startdir,18
tbfilter,18
wasxfail,18
FixtureValue,18
baseid,18
nan_ok,18
ULP,18
importmode,18
parametersets,18
testpaths,18
genitems,18
lock_path,18
log_file,18
DID,18
_assert_state,18
_global_capturing,18
__notes__,18
goodbye,18
adjoined,18
TempPathFactory,18
nitems,18
use_ascii,18
extra_info,18
max_chars,18
NaTs,18
foo_,18
JSONSerializable,18
IndexKeyFunc,18
barycentric,18
TimeNonexistent,18
is_unitless,18
_consolidate,18
_period_dtype_code,18
_ixs,18
convert_dtype,18
aggfuncs,18
apply_if_callable,18
elk,18
Iceland,18
Alice,18
delegate_names,18
DuplicateLabelError,18
last_valid_index,18
OpsMixin,18
co2_emissions,18
ExponentialMovingWindow,18
_info_axis,18
throughout,18
to_feather,18
convert_boolean,18
Clip,18
pandas_gbq,18
Credentials,18
table_id,18
render_links,18
newobj,18
Indomie,18
JIT,18
comps_array,18
factorization,18
row_margin,18
lindexer,18
rizer,18
_generate_range,18
maybe_convert_numeric,18
dof,18
res0,18
Allowing,18
is_large_string,18
is_null,18
create_pandas_abc_type,18
ABCPeriodIndex,18
round_ok,18
_field_ops,18
_check_compatible_with,18
end_i,18
mask_values,18
invalid_comparison,18
ppd,18
ArrowIntervalType,18
inferred_tz,18
null_value,18
omask,18
is_term,18
new_idx,18
to_flat_index,18
_maybe_convert_i8,18
SPX,18
CAC,18
orig_vals,18
x_1,18
broadcastable,18
res_blocks,18
USFederalHolidayCalendar,18
CSSWarning,18
is_postrelease,18
_regex,18
arr_inf,18
expected_arr,18
single_nat_dtype_timedelta,18
scalar2,18
index_2,18
EDGX,18
join_col,18
per1,18
ival_Q,18
_assert,18
get_op_from_name,18
bca,18
dtype_ordered,18
abs_target,18
offset_s,18
sdt,18
arithmatic_offset_type,18
_eval_single_bin,18
colX,18
null_obj,18
float_frame_with_na,18
output_index,18
r_dtype,18
df_sorted,18
re1,18
astr,18
ex_data,18
sname,18
expected_missing,18
ts_string,18
float_index,18
a_b,18
person_name,18
exclude_result,18
base_df,18
func_2,18
subIndex,18
_supports_reduction,18
get_ticks_position,18
dist_info,18
radviz,18
andrews_curves,18
default_colors,18
colormapping,18
r10,18
test_frame3,18
postgres,18
Success,18
read_query,18
track_times,18
row_trim,18
hover,18
df_xpath,18
attrs_only,18
elems_only,18
sheet_names,18
item_shape,18
whisker,18
_table_mod,18
index_axes,18
indent_delta,18
mant,18
col_indices,18
Book,18
new_v,18
fontweight,18
trademark,18
default_keymap,18
whishi,18
rollaxis,18
Tensor,18
interoperability,18
set_epoch,18
zero_formats,18
solid_capstyle,18
pad_inches,18
leftcb,18
rightcb,18
bottomcb,18
topcb,18
get_antialiased,18
get_capstyle,18
get_joinstyle,18
set_y,18
set_width,18
fillable,18
lengthA,18
lengthB,18
handlebox,18
set_clip_on,18
xyann,18
ref_artist,18
use_blit,18
bb0,18
LogitLocator,18
StrMethodFormatter,18
AsinhScale,18
_colorbar_info,18
add_lines,18
ticklocation,18
minorticks_off,18
_set_position,18
Kern,18
_get_data_coords,18
set_ydata,18
set_xdata,18
snap_values,18
_direction,18
_subplotspec,18
rubberband,18
get_backend,18
ipympl,18
panning,18
imsave,18
plot_date,18
add_subfigure,18
rotation_mode,18
TextPath,18
_bbox_patch,18
thisx,18
label2On,18
labelrotation,18
kwtrans,18
extra_width,18
_Ax,18
_Ay,18
start_main_loop,18
new_cm,18
normals,18
NavigationToolbar2Tk,18
line_to,18
painter,18
pgfqpoint,18
italicAngle,18
boundsPen,18
_triangles,18
ksi,18
result_dir,18
needs_pgf_xelatex,18
subprocess_run_helper,18
outerr,18
sc1,18
polymesh,18
match_str,18
r90,18
stack1,18
use_key,18
ydiff,18
continuity,18
leg_bboxes,18
color_array,18
mpl_test_backend,18
as_xml,18
offender,18
as_fill_type,18
as_line_type,18
separate_codes,18
z_interp,18
python_path,18
error_on,18
BaseResolver,18
SCALAR,18
UnsafeConstructor,18
construct_scalar,18
value_node,18
dynamic_context,18
napoleon,18
DiagnosticPipError,18
exit_code,18
installed_location,18
user_config_dir,18
TargetPython,18
allow_redirects,18
ProxyManager,18
ArchiveInfo,18
prepare_metadata_for_build_wheel,18
BaseEnvironment,18
required_by,18
egg_link,18
PackageArchive,18
PackageDirectory,18
PackageVcs,18
package_vcs,18
hash_algorithm,18
arches,18
site_data_dir,18
enforce_content_length,18
Hiragana,18
DependencyGroupInclude,18
_get_object,18
MarkerAtom,18
raise_syntax_error,18
name_part,18
AFTER_LOCALS,18
_BoundaryVersion,18
_require_spec_version,18
_version_split,18
abi3t,18
binary_formats,18
NormalizedLicenseExpression,18
email_name,18
autoconf,18
python_tokens,18
final_token,18
csidl_name,18
RequestException,18
LEXERS,18
left_shift,18
setxor1d,18
ul4,18
excess_space,18
__rich_repr__,18
truecolor,18
show_header,18
blond,18
cb_location,18
do_3d_projection,18
polyc,18
axis_artist,18
label_direction,18
lat_levs,18
lon_levs,18
dms2float,18
show_help,18
missing_branch_arcs,18
TDebugCtl,18
_collectors,18
xcoverage,18
SemanticAnalyzerInterface,18
has_type_vars,18
prohibit_self_type,18
report_invalid_types,18
prohibit_special_class_field_types,18
unpacks,18
callable_args,18
min_tv_count,18
has_any_from_unimported_type,18
visit_assignment_expr,18
visit_await_expr,18
OVERRIDE,18
origin_span,18
ErrorWatcher,18
MYPY_FALSE,18
sub_code_of,18
prefer_simple_messages,18
LITERAL_TYPE,18
is_mypy_only,18
def_or_infer_vars,18
new_syntax,18
is_typed,18
NOT_READY,18
reachability,18
loop_depth,18
n_values,18
formal_kinds,18
ConversionSpecifier,18
p_t,18
AttributeContext,18
is_overlapping_types,18
MaybeMissing,18
runtime_desc,18
static_runtime,18
runtime_type,18
false_only,18
conditional_frame,18
always_allow_any,18
check_assignment,18
echk,18
plausible_targets,18
CacheMetaEx,18
stats_enabled,18
iters,18
max_version,18
sub_package,18
test_modules,18
assert_strict_subtype,18
pkg_typed,18
__strong_cache,18
stdoffset,18
_distutils_errors,18
ignore_option_errors,18
sitedirs,18
FollowedBy,18
skipWhitespace,18
preloc,18
matchLen,18
peekable,18
agl,18
advanceWidth,18
Debg,18
WOFF,18
numRegions,18
blendList,18
FormatSwitchingBaseTable,18
ClipList,18
BaseGlyphPaintRecord,18
SubTableCount,18
ChainContextPos,18
Mark2Array,18
BaseRecord,18
LigatureArray,18
xPlaDevice,18
xAdvDevice,18
AxisValueArray,18
minNameID,18
MathKernInfo,18
ScriptTag,18
BaseTagList,18
isValidValue,18
SubFS,18
axisIndex,18
VarCompositeGlyph,18
VDMX,18
new_glyph_order,18
entrySelector,18
rangeShift,18
DirectoryEntry,18
origLength,18
flagOnCurve,18
yPels,18
pointCount,18
isUnicode,18
dataOffset,18
preWrite,18
BaseScript,18
MinMax,18
centerX,18
centerY,18
nGroups,18
DontAdvance,18
glyphWriter,18
Myanmar,18
Glagolitic,18
featurefile,18
CHAR_DIGIT_,18
AbstractPen,18
max_err_em,18
all_cubic,18
DataLen,18
r48,18
MissingComponentError,18
_flushContour,18
SVGPathPen,18
old_prefix,18
srec,18
Lisu,18
Tfng,18
Thaa,18
Dogr,18
seqi,18
stackSize,18
PlistTarget,18
glyph0,18
designTriple,18
_CopyMode,18
False_,18
True_,18
vartypes,18
flatnotmasked_contiguous,18
notmasked_edges,18
masked_print_option,18
mout,18
machar,18
override_repr,18
memory_limit,18
_res,18
no_copy,18
MixedCase,18
res_dt,18
ninf,18
elsizes,18
content_check,18
mv_x,18
arg_len,18
assert_not_deprecated,18
Hermitian,18
exposes,17
deals,17
last_type,17
last_value,17
banner,17
confuse,17
_zip_directory_cache,17
path_importer_cache,17
pythonw,17
suggest,17
_filters,17
Several,17
extsep,17
genericpath,17
commonprefix,17
detects,17
varnames,17
brace,17
pickler,17
Four,17
stackslice,17
fashion,17
currentframe,17
co_code,17
co_names,17
Origin,17
Imports,17
Temp,17
fdopen,17
DEBUGSTREAM,17
fqdn,17
__state,17
Typical,17
FileInput,17
dispatch_table,17
_math,17
copy_abs,17
wins,17
dangerous,17
Compares,17
mathematical,17
Invert,17
number_class,17
retrieval,17
thousands_sep,17
optionxform,17
permissive,17
overwrites,17
httpd,17
_db,17
exts,17
_splittype,17
ass,17
aiff,17
aifc,17
pixmap,17
desktop,17
communication,17
__prepare__,17
compiles,17
remembers,17
Subtract,17
termios,17
Dates,17
timetz,17
proof,17
Chunk,17
nextline,17
Telnet,17
create_server,17
apparently,17
CCC,17
path_separators,17
_path_join,17
toc,17
till,17
conceptually,17
local_vars,17
signify,17
denotes,17
MIMEtype,17
xffffffff,17
substituting,17
integrate,17
DocTestParser,17
startpos,17
Bdb,17
charjunk,17
themonth,17
colwidth,17
extremely,17
decompression,17
KeysView,17
is_argument,17
__mro_entries__,17
technique,17
IDNA,17
match_hostname,17
getpeercert,17
load_verify_locations,17
maximum_version,17
binary_form,17
do_handshake,17
decodebytes,17
calledfuncs,17
clsname,17
localename,17
CP1251,17
Italian,17
Khmer,17
Brunei,17
__await__,17
__anext__,17
Especially,17
_delete,17
parenthesis,17
launcher,17
inout,17
sourceforge,17
Adapted,17
sake,17
schedule,17
Iteration,17
subroutine,17
linejunk,17
tracks,17
_make_line,17
Colors,17
_globals,17
notified,17
RFC822,17
completing,17
_outer,17
August,17
newdata,17
Blocks,17
urlencoded,17
deletes,17
urandom,17
selections,17
kappa,17
Alternate,17
_test_generator,17
Socket,17
reuse_port,17
GID,17
feature_version,17
lno,17
Num,17
Shortcut,17
starred,17
fromhex,17
indent_increment,17
_option_string_actions,17
explicit_arg,17
appends,17
_labels,17
add_label,17
StackSummary,17
end_offset,17
permit,17
renames,17
CDATA,17
endif,17
StartElementHandler,17
BBB,17
sitedir,17
braces,17
docloc,17
truly,17
intro,17
Related,17
SOURCE,17
as_posix,17
deadlock,17
gracefully,17
autorange,17
_buffer_decode,17
_INSTALL_SCHEMES,17
deb,17
_multiarch,17
b64decode,17
pads,17
Prune,17
_long_opt,17
cmds,17
realpos,17
raw_value,17
set_attrs,17
Advance,17
install_egg_info,17
buffer_callback,17
containment,17
hextets,17
sufficiently,17
closefd,17
_unsupported,17
detached,17
_read_pos,17
_decoded_chars,17
bnum,17
Best,17
external_attr,17
getinfo,17
MiB,17
_UNPACK_FORMATS,17
Distance,17
body_encode,17
myself,17
DOTLESS,17
Xcode,17
PPC,17
Inline,17
limit_sl_dest,17
REVERSED,17
x03b1,17
x0393,17
x03c0,17
x03a3,17
x03c3,17
x03c4,17
x03a6,17
x0398,17
x03a9,17
x03b4,17
x03b5,17
u017d,17
u017e,17
u0153,17
Binding,17
MEDIAL,17
NEW,17
ansi,17
classdef,17
notations,17
lowercased,17
caseless,17
NonCallableMock,17
set_event_loop,17
Warns,17
seq_type,17
domain_specified,17
build_opener,17
_policy,17
ignore_expires,17
send_error,17
get_content_type,17
Framework,17
DistutilsModuleError,17
msvc,17
msc_ver,17
set_executables,17
_path_created,17
long_description,17
redefinitions,17
VCInstallDir,17
rc_file,17
msvc9compiler,17
repeating,17
has_c_libraries,17
has_scripts,17
_write_list,17
Reg,17
restructuredtext,17
get_package_dir,17
_handlers,17
binpath,17
attr1,17
URLopener,17
_opener,17
urlparts,17
chal,17
removeChild,17
tagname,17
NotFoundErr,17
_clear_id_cache,17
_set_value,17
unclear,17
recommendation,17
mirrors,17
capable,17
sibling,17
use_resources,17
huntrleaks,17
fxn,17
testsuite,17
Dot,17
is_running,17
ARM,17
SemLock,17
setrecursionlimit,17
request_body,17
Aacute,17
oslash,17
yen,17
u20d2,17
injected,17
create_module,17
bootstrapping,17
MessageDefect,17
QuotedString,17
header_factory,17
attachments,17
value_parser,17
child_w,17
child_r,17
duplex,17
prep_data,17
_poll,17
_job,17
_event,17
_in,17
subp,17
c_uint32,17
InvalidStateError,17
_cancelled,17
CANCELLED,17
base_events,17
expected_pid,17
_waiter,17
pending_work_items,17
infer_variance,17
PixelAccess,17
IPTC,17
PdfDict,17
smask,17
LightSource,17
PyDecoder,17
PySide6,17
new_entries,17
bitmaps,17
libraqm,17
rtl,17
getcolor,17
Border,17
LUT,17
Products,17
fourcc,17
brush,17
xclip,17
OPEN,17
used_palette_colors,17
OUTPUT,17
gold,17
olive,17
pytest_sessionfinish,17
_PluggyPlugin,17
conftests,17
start_path,17
allow_module_level,17
param_index,17
capturemanager,17
gots,17
write_line,17
max_rel_diff,17
Shapes,17
extraline,17
HIDDEN_PARAM,17
startpath,17
pkg_root,17
CaptureManager,17
log_cli_handler,17
BaseExcT_co_default,17
expected_type_str,17
swapping,17
RunResult,17
lines1,17
costly,17
reprs,17
zstandard,17
object_series,17
_series,17
rxor,17
html5lib,17
set_eng_float_format,17
localize_pydatetime,17
Interpolate,17
rule_code,17
is_sequence,17
reconstructed,17
Wild,17
diagonals,17
get_op_result_name,17
Anguilla,17
_rename,17
caselist,17
clean_fill_method,17
yvalues,17
windowed,17
stride_tricks,17
validate_minmax_axis,17
bread,17
is_re_compilable,17
is_nested_list_like,17
level_values,17
table_schema,17
to_orc,17
Tables,17
connectable,17
toy,17
col_0,17
nanstd,17
fill_value_typ,17
ensure_string_array,17
tensor,17
project_id,17
StataWriter,17
rating,17
lev4,17
dogs,17
slice_obj,17
datetime64tz,17
use_numba,17
is_empty,17
_view_wrapper,17
cartesian_product,17
Conflicting,17
df5,17
col2_c,17
combine_chunks,17
array_strptime,17
check_count,17
out_unit,17
update_dtype,17
ticket,17
vdtype,17
_internal_fill_value,17
_unbox_scalar,17
_repr_base,17
result_list,17
libperiod,17
return_inverse,17
aabca,17
cba,17
deserialization,17
ARROW,17
other_type,17
_KT,17
Expressions,17
DATETIME,17
offset_dtype,17
is_categorical,17
series_examples,17
mass,17
series_returns,17
nblocks,17
is_extension,17
NumpyBlock,17
blk_loc,17
incompatibility,17
empty2,17
arr_float1_2d,17
func1,17
test_getitem,17
elementwise_comparison,17
A_b,17
B_c,17
right_w_dups,17
dts1,17
ix2,17
cat3,17
MIN,17
ival_M,17
ival_W,17
err_cls,17
expected_str,17
tst,17
assert_timedelta_array_equal,17
dta_dti,17
_check_bool_result,17
test_equals,17
assert_interval_array_equal,17
na_arr,17
doc2,17
MAY,17
offset_name,17
_create_offset,17
unique_values,17
input_vals,17
b_c,17
new_frame,17
DummyArray,17
expected_rounded,17
unstable,17
msg3,17
other1,17
interval_index,17
rng_eastern,17
both_range,17
by1,17
check_index,17
nan1,17
nan2,17
numba_supported_reductions,17
group1,17
cmax,17
agg_kwargs,17
rep_str,17
orig_pa_type,17
rolling_consistency_cases,17
get_x_axis,17
get_fignums,17
numeric_cols,17
empty_frame_dti,17
iris_path,17
insp,17
pa_table,17
_nvar,17
beg_dt,17
store2,17
textasciitilde,17
has_expanded_repr,17
wide_repr,17
Serif,17
input_color,17
css_styles,17
convert_css,17
highlight_between,17
_todo,17
test_url,17
state_data,17
CreatedBy,17
father,17
xslt,17
worksheets,17
file01,17
Gerard,17
mgr_string,17
bandwidth,17
Plots,17
ConversionInterface,17
nmax,17
periodsperday,17
periodsperyear,17
subtitle,17
downloads,17
get_attrs,17
is_truncated_vertically,17
to_begin,17
to_end,17
get_tool,17
radio_group,17
PySide2,17
_macosx,17
broadcast_arrays,17
torch,17
ogrid,17
ConciseDateFormatter,17
format_data_short,17
solid_joinstyle,17
showcaps,17
embed_limit,17
bevel,17
init_method,17
_picker,17
_linestyle,17
get_hatch,17
patheffects,17
_aspect_ratio_correction,17
shaft,17
legend_handler,17
annotation_clip,17
wiggle,17
_blit,17
framedata,17
numdec,17
dstack,17
set_anchor,17
ParseFatalException,17
superscripts,17
cur_h,17
det,17
widgetlock,17
axhspan,17
frame_props,17
suppress_matplotlib_deprecation_warning,17
_rotation,17
tea,17
GridSpecFromSubplotSpec,17
ss1,17
amplitude,17
Inkscape,17
allkinds,17
raw_version,17
num_vertices,17
FigureBase,17
clim,17
magnitude_spectrum,17
scilimits,17
plasma,17
_tight,17
offsety,17
_inverted,17
x_transform,17
y_transform,17
_transforms,17
YAxis,17
tick2On,17
get_pad,17
get_minor_ticks,17
minor_locs,17
VarAddA,17
streamlines,17
_legend_box,17
quadrant,17
hanning,17
_to_float,17
composites,17
_on_timer,17
tooltip_text,17
_zoom_info,17
Pxy,17
_colors_full_map,17
BivarColormap,17
filename_or_obj,17
QtAgg,17
diagrams,17
keyval,17
buffer_rgba,17
Sends,17
addWidget,17
curveto,17
_nums_to_str,17
invert_xaxis,17
mmarkers,17
text_angle,17
tick_angle,17
jpl_units,17
Aardvark,17
add_collection3d,17
fsType,17
caretOffset,17
stack2,17
nbformat,17
xaxis_inverted,17
ref_ax,17
ln2,17
ycontrol,17
_sep,17
eb_cap_style,17
_aspect,17
cc_config,17
pytest_args,17
CYAN,17
fill_type_from,17
Serializer,17
DOCUMENT,17
EmitterError,17
item_value,17
inf_value,17
ENTRY,17
ALIAS,17
ANCHOR,17
possible_simple_keys,17
flow_node,17
format_size,17
ReleaseControl,17
BuildEnvironmentInstaller,17
build_isolation,17
interpreter_name,17
FormatControl,17
InvalidSdistFilename,17
parse_sdist_filename,17
raise_for_status,17
glibc_version,17
paths_to_remove,17
ParsedRequirement,17
req_set,17
redirect_location,17
_base_connection,17
pats,17
EmscriptenResponse,17
build_number,17
distro_id,17
zipf,17
pem,17
sys_tags,17
PLC0415,17
deserialized,17
import_names,17
geterrcall,17
render_lines,17
blink2,17
EIGHT_BIT,17
TRUECOLOR,17
sgr,17
pad_edge,17
token_style,17
rel_size,17
abs_size,17
SubplotDivider,17
maxz,17
GridHelperCurveLinear,17
tick_formatter2,17
NoSource,17
timid,17
FileDisposition,17
should_trace,17
tono,17
execute_void,17
Tracer,17
our_file,17
CodeRegion,17
lines_values,17
sys_monitoring,17
new_modules,17
anal_array,17
max_tv_count,17
stub_distribution_name,17
visit_int_expr,17
visit_star_expr,17
visit_yield_expr,17
visit_newtype_expr,17
read_int_list,17
skipped_lines,17
default_enabled,17
tvs,17
is_generator,17
write_type_list,17
from_expr,17
no_rhs,17
has_readable_member,17
MYPY_TRUE,17
find_dataclass_transform_spec,17
unmangle,17
tvd,17
escape_comprehensions,17
symbol_node,17
TypeTranslator,17
skip_unsatisfied,17
TypeCheckerSharedApi,17
PYTHON3_VERSION,17
mapped_args,17
kw_arg,17
left_arg,17
CheckerPluginInterface,17
FunctionSigContext,17
_analyze_member_access,17
varpos,17
has_type,17
report_dirs,17
input_file,17
fswatcher,17
process_options,17
narrow_declared_type,17
is_uninhabited,17
p_item,17
AwaitableGenerator,17
yes_map,17
SELF_TVAR_NAME,17
strtype,17
is_new,17
free_vars,17
log_fine_grained,17
process_lvalue,17
dir_prefix,17
use_logical_deps,17
test_signature,17
node_ent,17
byyearday,17
tzid,17
tzres,17
len_li,17
hidex86,17
vc_ver,17
instrlen,17
matchExpr,17
uvs,17
CFFFontSet,17
fontSet,17
otVarStore,17
InstanceDescriptor,17
overWrite,17
desubroutinize,17
filepath_a,17
filepath_b,17
use_multiprocess,17
NumLayers,17
googlefonts,17
lookupTypes,17
add_subtable_break,17
markClasses,17
StartSize,17
EndSize,17
DeltaValue,17
MarkBasePos,17
DeviceTable,17
x00010002,17
glyphCount,17
ufoFormatVersion,17
valueOptions,17
offcurve,17
blender,17
axisValue,17
ttProgram,17
MultiVarData,17
bigGlyphMetricsFormat,17
tupleVariationCount,17
indexSubTables,17
toXML2,17
isDevice,17
MarkAttachClassDef,17
VarIdxMap,17
StructLength,17
CmapSubtable,17
decompileHeader,17
startOffset,17
MappingEntryFormat,17
docList,17
boundsDone,17
firstPt,17
Cypriot,17
Cuneiform,17
Cham,17
anchorname,17
max_errors,17
t1_2,17
axisSubset,17
DiscreteAxisDescriptor,17
styleNames,17
AxisLabelDescriptor,17
olderSibling,17
libElement,17
r21,17
pt0,17
VariableScalar,17
axis_triples,17
Tangut,17
Perm,17
Sunu,17
Sind,17
Takr,17
Kthi,17
Dives_Akuru,17
subset_features,17
feature_index_map,17
curve2,17
pt_index,17
problem_type,17
perContourPen,17
master_finder,17
d1_next,17
rangeMax,17
__cpu_features__,17
add_docstring,17
AR_f8,17
D_arr_0p1,17
I_arr_20,17
I_arr_like_10,17
refcheck,17
KACF,17
hard_mask,17
idtype,17
recordmask,17
y2a,17
sortedx,17
format_options,17
a1b,17
list_ndim,17
itershape,17
iterindex,17
PyObject,17
resolve_dtypes,17
arrmean,17
_check_from,17
base_arr,17
arr2_o,17
cexp,17
three_mul_ufunc,17
ihfft,17
DFT,17
spec_from_loader,16
dirlist,16
filesystems,16
getlines,16
_entered,16
pathnames,16
dangling,16
disassembly,16
Leading,16
nature,16
BUILD,16
Pickler,16
disassemble,16
FileType,16
mod_dict,16
BuiltinFunctionType,16
__defaults__,16
gi_frame,16
cleandoc,16
normalizes,16
generic_visit,16
_POSITIONAL_ONLY,16
_VAR_POSITIONAL,16
_VAR_KEYWORD,16
arg2value,16
_void,16
Important,16
comprehensions,16
builtin_module_names,16
orig_st,16
greeting,16
getpwnam,16
copier,16
Specification,16
ROUND_HALF_EVEN,16
Limits,16
badly,16
_SignedInfinity,16
contextvars,16
speeds,16
intpart,16
bit_length,16
remainder_near,16
allowable,16
to_integral_value,16
unambiguously,16
rotdig,16
Square,16
dividing,16
compensate,16
Algorithm,16
localeconv,16
has_section,16
Advanced,16
existed,16
mediatype,16
ico,16
sgi,16
Grammar,16
_check_not_closed,16
decompressed,16
inheritable,16
SIGTERM,16
execv,16
EnumMeta,16
enum_members,16
enum_member,16
pseudo_member,16
spread,16
fsum,16
formula,16
run_module,16
great,16
MutableSet,16
_hashlib,16
usedforsecurity,16
repr_running,16
writeframesraw,16
Gregorian,16
December,16
Jul,16
_microseconds,16
consult,16
acct,16
Port,16
ness,16
interfere,16
exposing,16
obj_name,16
Compress,16
register_optionflag,16
DocTestFinder,16
ran,16
runTest,16
Calendar,16
abbreviated,16
_abs,16
SupportsIndex,16
_type_repr,16
Details,16
subargs,16
__orig_bases__,16
unfortunate,16
Instantiating,16
default_names,16
PEM,16
host_ip,16
SSLObject,16
cadata,16
_sslcopydoc,16
consuming,16
base_exec_prefix,16
placing,16
isdisjoint,16
David,16
maximal,16
currency,16
LC_CTYPE,16
tweaks,16
euc_kr,16
latn,16
Syriac,16
Vinay,16
Sajip,16
Defining,16
MacOS,16
_cache_lock,16
Julian,16
_coro,16
MAXREPEAT,16
fdel,16
__wrapped,16
Backtrack,16
nearly,16
movement,16
mind,16
_shown,16
likewise,16
violet,16
Moreover,16
shapeIndex,16
m12,16
Performs,16
participate,16
redirect_stderr,16
PrettyPrinter,16
_readable,16
intuitive,16
_dump,16
line_num,16
urlencode,16
Identify,16
pty,16
irregular,16
consideration,16
_inner,16
dlen,16
rlen,16
unfinished,16
qsize,16
contract,16
CONTENT_LENGTH,16
gammavariate,16
Discrete,16
SOCK_DGRAM,16
aborted,16
synonym,16
Previous,16
FunctionDef,16
Large,16
quote_types,16
operator_precedence,16
initializers,16
CPPFLAGS,16
Brian,16
encryption,16
u03b2,16
u03b7,16
line_offset,16
invocations,16
clear_cache,16
read_method,16
last_name,16
from_exception,16
stype,16
subsets,16
linux_distribution,16
__copyright__,16
Darwin,16
ParserCreate,16
current_key,16
OSX,16
developers,16
forceload,16
bigsection,16
asking,16
send_response,16
_fd_to_key,16
Errno,16
ascii_lowercase,16
capitalized,16
Stops,16
wait_for,16
mimic,16
encoders,16
keyencoding,16
conservative,16
throwing,16
Prior,16
URIs,16
istext,16
subpatternappend,16
code1,16
short_opts,16
dval,16
_short_opt,16
get_description,16
largs,16
Cmd,16
upwards,16
publish,16
checksums,16
recalculate,16
bundled,16
new_prefix,16
_ex,16
_raw,16
_read_buf,16
_write_buf,16
poor,16
epos,16
curindex,16
pyfile,16
fpin,16
External,16
bztar,16
local_hostname,16
sre_compile,16
suggestions,16
imposed,16
prefix_skip,16
destinations,16
cache_len,16
hardlink_dupes,16
PESETA,16
x221e,16
u0178,16
QAF,16
ARY,16
MODIFIER,16
u0152,16
cp037,16
ICELANDIC,16
SOF,16
_json,16
parse_int,16
destructor,16
assignment_expression,16
discussed,16
Positive,16
absence,16
alphabetic,16
diamond,16
addSkip,16
_is_coroutine,16
unneeded,16
read_data,16
run_until_complete,16
methodName,16
className,16
testNamePatterns,16
testCaseClass,16
_outcome,16
testRunner,16
setFormatter,16
_class,16
geturl,16
datablock,16
encode_chunked,16
Cross,16
Allowed,16
mdll,16
static_lib_extension,16
shared_lib_format,16
ld_version,16
split_quoted,16
skip_blanks,16
lstrip_ws,16
append_next_word,16
thinking,16
prefers,16
FileList,16
_setup_stop_after,16
_setup_distribution,16
move_file,16
_msvccompiler,16
unreadline,16
linebuf,16
py_files,16
Indirect,16
RegEnumKey,16
res_extension,16
export_opts,16
longopt_xlate,16
alias_to,16
max_opt,16
wrap_text,16
have_run,16
extra_commands,16
respecting,16
best_version,16
PLAT_TO_VCVARS,16
out_arg,16
Confirm,16
forcibly,16
_check_compiler,16
usersite,16
scenarios,16
Repair,16
inuse,16
recalculated,16
ConvertingDict,16
backupCount,16
backoff,16
set_name,16
getEffectiveLevel,16
userinfo,16
cleanly,16
orig_type,16
qop,16
mtype,16
Fancy,16
ELEMENT_NODE,16
_current_context,16
errorHandler,16
newOwnerDocument,16
Tags,16
event_name,16
test_complex,16
LoadLibrary,16
memuse,16
dest_dir,16
multipage,16
circ,16
start_response,16
Dist,16
ObsoleteHeaderDefect,16
CTE,16
msg_id,16
Received,16
bpayload,16
requote,16
parsedate_tz,16
_NL,16
Bug,16
send_bytes,16
BaseProxy,16
__unicode__,16
symbol2number,16
Closing,16
Converter,16
raise_error,16
shr,16
suffixed,16
reuse_address,16
_get_loop,16
eof_received,16
_add_reader,16
data_len,16
result_item,16
shim,16
NoExtraItems,16
register_extensions,16
decode_filter,16
XMP,16
SupportsArrayInterface,16
is_path,16
Composer,16
expected_length,16
xref_table,16
icns,16
_decompression_bomb_check,16
antialiasing,16
getlength,16
rgb_black,16
BILINEAR,16
_read_bytes,16
b16,16
_exif,16
decoder_args,16
capsule,16
quadrilaterals,16
im2,16
MSP,16
ImageText,16
embedded_color,16
Center,16
frame_count,16
_CmsProfileCompatible,16
addinivalue_line,16
shouldfail,16
phases,16
pytest_sessionstart,16
pytest_unconfigure,16
xpassed,16
getparent,16
showlocals,16
AbstractRaises,16
fixturename,16
seqs,16
conftestpath,16
Suffix,16
num_ids,16
pyargs,16
confcutdir,16
Broken,16
ImportMode,16
guides,16
_old,16
_capture,16
cachedir,16
lfplugin,16
BaseExcT_2,16
HookRecorder,16
reprec,16
sepchar,16
DatetimeIndexResampler,16
rand_,16
all_logical_operators,16
accumulation,16
object_dtype,16
any_real_numeric_dtype,16
WriteExcelBuffer,16
FormattersType,16
read_gbq,16
agg_axis,16
maybe_box_native,16
maybe_extract_name,16
_should_fallback_to_positional,16
takeable,16
Nauru,16
exam,16
Coursework,16
_AXIS_LEN,16
res_name,16
extract_range,16
Reductions,16
is_numeric_v_string_like,16
values_to_mask,16
flatnonzero,16
preserve_nans,16
nlev,16
obs_ids,16
_values_for_argsort,16
Wheat,16
_get_block_manager_axis,16
ilevel_0,16
is_single_block,16
_is_level_reference,16
label_type,16
_get_label_or_level_values,16
df_empty,16
create_engine,16
short_caption,16
Freedom,16
ensure_index_from_sequences,16
value_left,16
Visualization,16
index_dtypes,16
dtyp,16
_index_as_unique,16
new_left,16
new_right,16
frame_result,16
new_cols,16
remove_unused_levels,16
ix_,16
map_locations,16
np_version_gte1p24,16
is_terminal,16
get_ipython,16
max_elements,16
type_names,16
new_row,16
num_columns,16
sorted_values,16
clocs,16
rindexer,16
dtype_to_unit,16
buckets,16
CustomIndexer,16
SeriesType,16
neg_ct,16
nonsense,16
_ranges,16
_bool_ops,16
coerce_to_array,16
BaseStringArray,16
_convert_bool_result,16
ArrowStringArrayNumpySemantics,16
int_array,16
Reorder,16
SparseIndex,16
blocs,16
is_temporal,16
_VT,16
monotonic_index,16
result_levels,16
outward,16
lvl_indexer,16
ci2,16
Mouse,16
Cat,16
rint,16
precisely,16
transformation_kernels,16
other_axis,16
numba_notes,16
sub_result,16
unmask,16
is_cmp,16
Friday,16
item_cache,16
bad_arg,16
dev_n,16
arr_complex,16
test_categorical,16
fakemodule,16
array_split,16
exp_codes,16
obj_orig,16
test_take,16
assert_func,16
dt_tz,16
quarterly,16
var3,16
NSDQ,16
on_col,16
dts2,16
ix1,16
per2,16
test_contains,16
base_expected,16
NPY_FR_s,16
expected_repr,16
idx6,16
fortran,16
input_param,16
U10,16
ulonglong,16
to_int_index,16
aaaaa,16
neg_target,16
new_locale,16
offset_string,16
day_of_month,16
cde,16
stacked_df,16
multiindex_df,16
buzz,16
AVX,16
exp0,16
format_float_positional,16
recons_data,16
expected_types,16
reN,16
picked,16
_mklbl,16
start_dataframe,16
exp5,16
get_kwargs_from_breaks,16
fooBAD__barBAD,16
three_group,16
group2,16
np_type,16
input_list,16
array_args,16
series_args,16
s_tft,16
linear_interp,16
tzwin,16
data_repeated,16
orig_data1,16
prev_date,16
xlabels,16
LABEL,16
get_legend_handles_labels,16
flatten_axes,16
feat,16
get_y,16
get_ticks,16
Florida,16
linkdescr,16
check_iris_frame,16
get_schema,16
partitions,16
strls,16
ss2,16
expectedrows,16
textasciicircum,16
number_format,16
styler2,16
cellstyle,16
ctx_with_op,16
set_uuid,16
xsl_obj,16
xml_obj,16
get_exp_unit,16
CParser,16
pyarrow_skip,16
one_of,16
lifespan,16
circles,16
set_yticklabels,16
get_data_interval,16
FormatStrFormatter,16
compression_args,16
elem_row,16
rgb2hex,16
level_lengths,16
rowcounter,16
has_index_names,16
max_height,16
pow10,16
BadLineHandleMethod,16
num_original_columns,16
file_rows_needed,16
ieee,16
total_offset,16
rslt,16
should_simplify,16
subpaths,16
parenleft,16
bfit,16
cos_t1,16
sin_t1,16
is_scalar_or_string,16
whislo,16
DateFormatter,16
by_key,16
parse_math,16
autolimit_mode,16
rcfonts,16
fontfiles,16
get_weight,16
_hatch_color,16
set_capstyle,16
_different_canvas,16
to_rgb,16
FancyArrow,16
shrunk,16
coordsB,16
create_artists,16
xybox,16
default_mode,16
FuncAnimation,16
close_event,16
_minpos,16
minor_thresholds,16
_vmin,16
symthresh,16
FullName,16
pos0,16
pos1,16
extendfrac,16
_filled,16
drag_pan,16
label_position,16
set_segments,16
ScaleBase,16
loc_settings,16
pb1,16
last_char,16
eventson,16
synthetic,16
slidermin,16
slidermax,16
_edge_handles,16
set_cursor,16
spancoords,16
eventpress,16
get_in_layout,16
gs0,16
Spectral,16
_contour_generator,16
SeparateCode,16
OuterCode,16
_id_drag,16
dvifile,16
suppressComposite,16
empty_sentinel,16
labels_out,16
basefmt,16
start_points,16
set_offsets,16
_twinned_axes,16
_pickradius,16
_edgecolors,16
isDefault_majfmt,16
set_label_position,16
UnitData,16
_alt_path,16
ResizeEvent,16
get_default_filetype,16
_Mode,16
cmapobject,16
SymLogNorm,16
blend_mode,16
MPLCONFIGDIR,16
multivar_colormaps,16
label_locations,16
_on_mouse_button,16
qt_compat,16
FigureCanvasQT,16
Trapped,16
npts,16
dvifont,16
toString,16
comm,16
set_mask,16
min_E,16
dofs,16
itri,16
rank2,16
set_xbound,16
set_ybound,16
_resolution,16
extra_env,16
VARIABLES,16
plot_html_show_source_link,16
CLASS,16
macStyle,16
lineGap,16
times10,16
ta1,16
fig3,16
rect2,16
bb2,16
bbspines,16
cmap_0,16
y_expected,16
subaxes,16
doctree_dir,16
qt_canvas,16
_box_aspect,16
Cyclomatic,16
single_comments,16
show_complexity,16
to_terminal,16
base_indent,16
codes_or_none,16
offsets_or_none,16
line_type_from,16
chunk_count,16
total_chunk_count,16
nan_offsets,16
line_start,16
GetConsoleScreenBufferInfo,16
cells_to_erase,16
indention,16
alias_key,16
dumper,16
to_args,16
BuildResult,16
local_file_path,16
no_binary,16
only_binary,16
RequirementPreparer,16
globally_managed,16
check_supported_wheels,16
BaseSpecifier,16
AuthInfo,16
to_install,16
package_archive,16
all_releases,16
lines_enum,16
PathMetadata,16
VersionConflict,16
CentOS,16
HTTPSConnectionPool,16
_TYPE_FIELD_VALUE,16
body_pos,16
tls_in_tls,16
EmscriptenRequest,16
obj_id,16
requested_group,16
ParserSyntaxError,16
_T2,16
expected_item_type,16
version_nt,16
implementation_version,16
UnparsedVersionVar,16
_POS_INF,16
_canonicalized,16
_is_unsatisfiable,16
_resolved_ops,16
AppleVersion,16
interp_name,16
antlr,16
normalized_tokens,16
PTH111,16
ResourceManager,16
native_libs,16
ver_remaining,16
subscriber,16
styledef,16
analyse_text,16
right_shift,16
jvm,16
lisp,16
jinja,16
_lexer_cache,16
newmod,16
conceal,16
STANDARD,16
case_sensitive,16
underline2,16
_ansi,16
row_styles,16
phantom,16
skip_keys,16
_progress,16
Divider,16
edgep1,16
nth_coord_ticks,16
threshold_factor,16
short_stack,16
data_paths,16
_inorout,16
AnyCallable,16
DebugOutputFile,16
snapshots,16
_query_context_ids,16
other_file_mapped,16
process_body,16
xml_out,16
enable_incomplete_feature,16
extra_items_from,16
tvar_tuple_index,16
check_for_explicit_any,16
process_types,16
visit_str_expr,16
visit_conditional_expr,16
visit_namedtuple_expr,16
visit_typeddict_expr,16
visit_overloaded_func_def,16
visit_expression_stmt,16
visit_return_stmt,16
visit_var,16
iter_errors,16
ignored_files,16
from_type_type,16
t_unpack_index,16
with_unpacked_kwargs,16
meta_level,16
FileRawData,16
is_generic,16
local_nodes,16
TypeInfos,16
unfixed,16
try_parse_as_type_expression,16
process_placeholder,16
keyword_values,16
topsort,16
checkexpr,16
a_item,16
remove_instance_last_known_values,16
fill_typevars_with_any,16
conditional_types_with_intersection,16
star_pos,16
type_range,16
time_spent_us,16
true_only,16
FineGrainedDeferredNode,16
tscope,16
found_method_base_classes,16
subtype_label,16
supertype_label,16
temp1,16
is_unreachable_map,16
try_frame,16
uninhabited,16
enum_type_names,16
callable_node,16
num_workers,16
always_present_keys,16
inst_type,16
reverse_alias,16
wrap_context,16
is_interface,16
meta_tuple,16
newst,16
unfinished_modules,16
lit_str1,16
pkg1,16
converter_info,16
_ExceptionT_co,16
TreeEntry,16
normalize_file,16
bysetpos,16
_wkst,16
parserinfo,16
parse_list,16
inner_i,16
quotedString,16
srange,16
tokenMap,16
identChars,16
numeric_range,16
reservoir,16
FormatVersion,16
splitTables,16
topDictOperators,16
privateDictOperators,16
hintmask,16
CharString,16
packCard8,16
isCID,16
afdko,16
enumClass,16
ColorLine,16
colorGlyphs,16
baseGlyphs,16
gpos,16
rulesets,16
MarkCoverage,16
MarkLigPos,16
yPlaDevice,16
avr,16
MathVariants,16
glyphIDs,16
systemdict,16
usedIndices,16
glyphNameToFileNameFunc,16
expectContentsFile,16
directoryName,16
VarStoreInstancer,16
varc,16
varidx,16
tripletIndex,16
numFonts,16
headTable,16
storeBuilder,16
upem,16
GlyphIDs,16
subcontent,16
numberOfMetrics,16
imageFormat,16
tupleData,16
bitmapSizeTable,16
firstGlyphIndex,16
imageDataOffset,16
tableType,16
numEntries,16
segCount,16
strikeData,16
curByte,16
lookupIndex,16
current_strike,16
tableFormat,16
coordBytes,16
compressedFlags,16
Supplemental,16
current_glyph,16
glyphs1,16
glyphs2,16
lookups_,16
input_path,16
outputLocation,16
r24,16
r51,16
r53,16
floatToFixedToFloat,16
transformRoundFunc,16
langrec,16
Cprt,16
Linb,16
ps_object,16
contentStack,16
rCurveTo,16
master_idx,16
points1,16
AligningMerger,16
out_layers,16
contour1,16
cumulative_sum,16
logaddexp2,16
uintp,16
IS_EDITABLE,16
_DualArrayLike,16
notmasked_contiguous,16
MaskedConstant,16
masked_result,16
filly,16
arrayprint,16
masked_arr,16
a2dm,16
mXcp,16
isalignedstruct,16
public_api,16
axisc,16
mat1,16
UCS2,16
maxv,16
_get_array,16
run_threaded,16
std_old,16
fill_kwarg,16
to_res,16
sg1,16
assert_no_warnings,16
single_vec,16
np_comp,16
PhysicalQuantity,16
path_test,16
assert_dtype_not_equal,16
IS_MUSL,16
preckwd,16
check_contig,16
assert_warn_len_equal,16
prove,15
emulation,15
referring,15
Signal,15
Quick,15
harder,15
indentlevel,15
accurately,15
pushes,15
subtle,15
told,15
EMPTY_DICT,15
string1,15
chop,15
intact,15
pydict,15
uniqueness,15
pickletools,15
verbosely,15
getsource,15
gi_code,15
Getting,15
kwdefaults,15
_KEYWORD_ONLY,15
classmethods,15
dirfd,15
O_RDONLY,15
O_RDWR,15
delegated,15
ENOTCONN,15
mail_options,15
BODY,15
_reconstruct,15
DivisionByZero,15
Underflow,15
Undefined,15
Generally,15
engineering,15
divisible,15
cheap,15
_One,15
new_context,15
_ignored_flags,15
Essentially,15
Specific,15
agreed,15
rawval,15
Enables,15
_winreg,15
add_type,15
netscape,15
dwFlags,15
epoll,15
CS_GNU_LIBC_VERSION,15
write_through,15
_maxsize,15
INFINITE,15
ChildProcessError,15
first_enum,15
became,15
partials,15
Under,15
squared,15
variances,15
print_usage,15
HSV,15
Specialized,15
owned,15
sha224,15
sha512,15
Repr,15
die,15
DISCLAIMS,15
WHATSOEVER,15
ULAW,15
compname,15
clash,15
Doing,15
_write_ulong,15
getname,15
_unpack_uint32,15
ResourceReader,15
data_size,15
name_size,15
u221e,15
source_mtime,15
queues,15
Fields,15
dict_factory,15
Executing,15
Consume,15
DocTestFailure,15
UnexpectedException,15
innermost,15
Spaces,15
FAILURE,15
_dt_test,15
equivalence,15
getdefaultencoding,15
PUBLIC,15
__lshift__,15
__matmul__,15
_compressor,15
emulated,15
subscripted,15
__forward_arg__,15
Protocols,15
Runtime,15
__bytes__,15
CERT_NONE,15
tls,15
Partial,15
buflen,15
coverdir,15
linenos,15
platstdlib,15
_randbelow,15
intersection_update,15
LC_NUMERIC,15
new_val,15
euro,15
shift_jis,15
Australia,15
locating,15
punctuation,15
has_arg,15
yday,15
interactively,15
turning,15
shapesize,15
TurtleGraphicsError,15
_shapes,15
_tracing,15
llx,15
_pencolor,15
hiding,15
_fillpath,15
Home,15
xdg,15
Mozilla,15
Chrome,15
Konqueror,15
exctype,15
carefully,15
printer,15
isjunk,15
besti,15
Handlers,15
HTMLParser,15
unichr,15
forking,15
groupindex,15
outerboundary,15
Propagate,15
pareto,15
Counts,15
Stub,15
gethostname,15
translates,15
Specified,15
SO_REUSEPORT,15
ST_MODE,15
prof,15
_it,15
Str,15
type_ignores,15
Mult,15
all_args,15
ffi,15
articles,15
message_id,15
u03b3,15
linestarts,15
max_help_position,15
format_usage,15
help_position,15
nargs_pattern,15
subparsers,15
bitsize,15
BytesGenerator,15
scanned,15
all_keys,15
extract_tb,15
FrameSummary,15
fnames,15
__suppress_context__,15
practical,15
_scan_name,15
terse,15
freedesktop,15
iglob,15
psf,15
PACKAGE,15
__subclasses__,15
abandoned,15
pkgpath,15
ABCDEFGHIJKLMNOPQRSTUVWXYZ,15
Abc,15
Mix,15
datagram,15
forked,15
subprocesses,15
polling,15
BoundedSemaphore,15
Export,15
semaphores,15
_flag,15
_active_limbo_lock,15
_dangling,15
decoders,15
Inherit,15
Stream,15
_PROJECT_BASE,15
PY_,15
beg,15
altchars,15
canonicalize,15
bitbucket,15
sourceget,15
PROVIDED,15
PARTICULAR,15
PURPOSE,15
loose,15
ruler,15
issym,15
Below,15
_dbg,15
calc,15
tok_name,15
alphabetical,15
TRUE,15
unregistered,15
_modules,15
Sorting,15
endmatch,15
restoring,15
ZIP64,15
ZIP64_LIMIT,15
make_archive,15
architectures,15
queried,15
_error,15
run_script,15
quotetabs,15
hascased,15
scripting,15
View,15
Unpacker,15
x0192,15
BEH,15
THEH,15
JEEM,15
HAH,15
KHAH,15
SEEN,15
SHEEN,15
SAD,15
DAD,15
FEH,15
MEEM,15
mac_latin2,15
u02dc,15
u0131,15
NUMERO,15
KHO,15
MAI,15
tis,15
_ttinfo,15
parenthesized,15
deletions,15
Sequences,15
superset,15
__rmatmul__,15
Development,15
Packages,15
versioned,15
Attach,15
_mock_methods,15
other_args,15
previousClass,15
len1,15
TextTestResult,15
parsestr,15
_close_conn,15
commutative,15
Illegal,15
redirection,15
linker_dll,15
upgrading,15
dst_name,15
archive_util,15
Worker,15
commandline,15
slight,15
Win32,15
log_debug,15
win32api,15
HKEY_CURRENT_USER,15
aid,15
neg_opt,15
Component,15
WindowsSdkDir,15
Ask,15
_wrap,15
packager,15
Actions,15
_cs_path_exists,15
_resolve,15
pointers,15
slen,15
rotating,15
Pickles,15
getMessage,15
prio,15
stack_info,15
meth_name,15
http_error_default,15
ExpatBuilder,15
EMPTY,15
sysid,15
original_cwd,15
PGO,15
testname,15
mp_result,15
leaked,15
test_time,15
captured_output,15
user_agent,15
ISOpub,15
Theta,15
notin,15
cir,15
_commit,15
natively,15
simplification,15
parent_module_name,15
has_location,15
EntryPoints,15
unparsable,15
content_disposition,15
disp_header,15
compat32,15
base_class,15
incrementally,15
Unique,15
ensure_running,15
Listener,15
_finalizer_registry,15
TERMINATE,15
_unfinished_tasks,15
Py3,15
incref,15
id_to_obj,15
id_to_refcount,15
referent,15
Initializer,15
insert_child,15
patcomp,15
ArgList,15
Cases,15
pgen,15
parse_file,15
call_soon_threadsafe,15
isfuture,15
remote_addr,15
Unhandled,15
format_helpers,15
get_write_buffer_size,15
LOGGER,15
thread_wakeup,15
annotation_type,15
NamedTuples,15
i32le,15
packbits,15
Subtype,15
PSD,15
tiles,15
trailer_dict,15
MpoImageFile,15
name_len,15
TransposedFont,15
live_size,15
RGBa,15
sRGB,15
hdrlen,15
nrow,15
IntegralLike,15
bpc,15
BGR,15
x2b,15
segfaults,15
coefficients,15
supported_formats,15
Experimental,15
BmpImagePlugin,15
_repr_png_,15
_ifds,15
iTXt,15
default_image,15
x2c,15
pytest_runtest_protocol,15
getfslineno,15
tbstyle,15
cached_info,15
arg2fixturedefs,15
continue_on_failure,15
reprfileloc,15
ndindex,15
tolerances,15
Instant,15
colitem,15
matchparts,15
hacky,15
original_index,15
persist,15
optparser,15
iniconfig,15
plan,15
artifacts,15
ReprTraceback,15
PythonLexer,15
frame_summary,15
common_ancestor,15
Obtain,15
target_id,15
nselect_method,15
unique_nulls_fixture,15
tdf,15
ror_,15
ALL_INT_EA_DTYPES,15
spmatrix,15
warsaw,15
ValueKeyFunc,15
from_derivatives,15
ScalarIndexer,15
SequenceIndexer,15
end_day,15
delta_to_nanoseconds,15
get_unit_from_dtype,15
periods_per_day,15
gpr_index,15
ares,15
df_index,15
is_range_indexer,15
astype_is_view,15
CachedAccessor,15
ibase,15
_HANDLED_TYPES,15
get_loc_level,15
_clear_item_cache,15
Analogous,15
nancorr,15
lags,15
Malta,15
gotchas,15
_construct_result,15
_logical_method,15
Dataset,15
new_x,15
der,15
unique1d,15
DEF,15
analogue,15
is_nonnegative_int,15
DataArray,15
Forwarded,15
Updating,15
Filling,15
empty_value,15
ensured,15
_merge,15
value_right,15
safer,15
tqdm,15
Area,15
Nones,15
_flex_arith_method,15
Stacking,15
Selection,15
get_locs,15
conditionally,15
is_int,15
numba_,15
sim_interactive,15
no_silent_downcasting,15
dtype_info,15
col_idx,15
margin_keys,15
concat_axis,15
value_columns,15
level_num,15
rlabels,15
sortedness,15
fill_null,15
all_cols,15
FixedForwardWindowIndexer,15
windowing,15
tz_to_dtype,15
start_caching_at,15
ignore_order,15
ATM,15
np_arr,15
storage_type,15
tznaive,15
invalid_type,15
coerce_indexer_dtype,15
_32Bit,15
NumericDtype,15
WrappedCythonOp,15
daysinmonth,15
new_freq,15
Amsterdam,15
pa_scalar,15
is_normalized,15
increments,15
has_na,15
types_mapper,15
blengths,15
indices_array,15
global_dict,15
_MIN_ELEMENTS,15
all_nodes,15
new_method,15
_summary,15
setdiff1d,15
Floats,15
last_i,15
_op_via_apply,15
y_array,15
online_ewm,15
deprecate_kwarg,15
revenue,15
apply_with_block,15
_maybe_downcast,15
return_name,15
incorrect_function,15
skip_array_manager_not_yet_implemented,15
VERSION_PATTERN,15
arr_float1_1d,15
rankdata,15
clf,15
dfs_list,15
rng5,15
test_add,15
exname,15
expected_cols,15
ind1,15
s_list,15
dummies_basic,15
left_w_dups,15
on_cols,15
foo3,15
df_dtype,15
ival_D,15
set_timezone,15
is_dst,15
td_nat,15
CASE,15
np_version_gte1p25,15
right2,15
msg_warn,15
left_array,15
to_concat_dtypes,15
check_category_order,15
hullo,15
can_set_locale,15
FEB,15
offset4,15
makeFY5253NearestEndMonth,15
cls1,15
skip_if_no_pandas_parser,15
df_dt,15
os_linesep,15
input_data,15
len_,15
replacer,15
SetitemCastingEquivalents,15
tpls,15
Tested,15
shallow_copy,15
freq_period,15
SMS,15
df_multi,15
dfm,15
expected_names,15
empty_bool,15
check_order,15
exp_ls,15
exp_rs,15
agg_function,15
dfgb,15
expected_indexes,15
by2,15
arrays_for_binary_ufunc,15
by_name,15
sea,15
dtindex,15
null_loc,15
time_index,15
DateArray,15
sp_func,15
count_x,15
barstacked,15
DateConverter,15
logx,15
_check_box_return_type,15
scatter_matrix,15
Installing,15
CheckedCall,15
Harry,15
BoolCol,15
postgresql_psycopg2_engine,15
test_index_label,15
StataMissingValue,15
u64,15
check_datetimelike_compat,15
dpath,15
is_table,15
check_col,15
append_to_multiple,15
new_t,15
CSSToExcelConverter,15
thick,15
lwrap,15
set_td_classes,15
Styles,15
bigNum,15
nested_to_record,15
xml_data_path,15
Erik,15
cell_value,15
style_converter,15
row_count,15
category2,15
confidence,15
hexagons,15
LinePlot,15
draw_if_interactive,15
_get_patches_for_fill,15
solving,15
AutoLocator,15
set_data_interval,15
DateLocator,15
fig_kw,15
stata_epoch,15
cur_count,15
ins_row,15
coloffset,15
print_method,15
next_line_prefix,15
_render,15
clabels,15
na_count,15
_int_length,15
make_norm_from_scale,15
BiPeak,15
unit_regular_star,15
braceleft,15
clicks,15
sin_t,15
factorial,15
_get_running_interactive_framework,15
gtk3,15
warning_cls,15
_safe_first_finite,15
WEEKLY,15
get_inverted,15
maxticks,15
_auto_backend_sentinel,15
kerning_factor,15
markerscale,15
_afm,15
math_fontfamily,15
set_joinstyle,15
_original_edgecolor,15
_original_facecolor,15
onoffseq,15
isRGBA,15
_Style,15
rounding_size,15
tooth_size,15
_clip,15
patch_path,15
coordsA,15
legline_marker,15
get_linewidths,15
_offset_transform,15
Renderer,15
set_path_effects,15
ft_object,15
add_callback,15
Spines,15
_update_ticks,15
asinh,15
LogitFormatter,15
useLocale,15
display_range,15
_Token,15
UniqueID,15
isFixedPitch,15
subgridspec,15
hpack,15
RadioButtons,15
_interactive,15
tab10,15
TexManager,15
for_layout_only,15
_ImageBase,15
Quiver,15
get_gridlines,15
elinewidth,15
capthick,15
hist2d,15
semilogx,15
FONT_SCALE,15
unitized,15
has_inverse,15
TransformWrapper,15
blended,15
_coordinates,15
isDefault_minfmt,15
title_fontproperties,15
legendPatch,15
sinc,15
make_image,15
_resample,15
_user_joinstyle,15
offset_trans,15
CloseEvent,15
_cm,15
midpoints,15
process_value,15
hillshade,15
__license__,15
pdftex,15
photoimage,15
_application,15
drawing_area,15
set_source_rgb,15
ioloop,15
FigureManagerWebAgg,15
dictkey,15
len_path,15
uses_per_path,15
Producer,15
FaceFlags,15
show_page,15
Pierre,15
colinear,15
TriInterpolator,15
return_key,15
remove_ticks_and_titles,15
baselines,15
EpochConverter,15
total_lines,15
tableData,15
RdBu_r,15
xAvgCharWidth,15
secondary_xaxis,15
promotions,15
Hogs,15
kwrds,15
cubic_geom,15
n_radii,15
range_threshold,15
x_base_date,15
y_base_date,15
font_test_file,15
sfig1,15
sfig2,15
img_dir,15
_locstrings,15
log_mock,15
show_closures,15
RawHarvester,15
_contourpy,15
OuterOffset,15
CodeArray,15
point_color,15
line_end,15
set_console,15
SetConsoleCursorPosition,15
expect_node,15
key_node,15
add_implicit_resolver,15
note_stmt,15
BadCommand,15
permit_editable_wheels,15
_normalize_name,15
LinkCollector,15
__rich__,15
only_final,15
get_environment,15
client_cert,15
install_req_from_line,15
interpreter_version,15
CacheControlAdapter,15
keyring_provider,15
get_requires_for_build_wheel,15
from_path,15
pyopenssl,15
_entries,15
ignore_require_venv,15
make_option_group,15
DirInfo,15
save_dir,15
_display,15
is_editable,15
has_metadata,15
port_by_scheme,15
ProxyError,15
RequestField,15
clean_exit,15
Defensive,15
new_e,15
ls32,15
vim,15
version_parts,15
pretty_name,15
expires_time,15
too_old_glibc2,15
lhs_value,15
split_spec,15
replace_conflicting,15
to_native_string,15
__url__,15
autoattribute,15
tokendefs,15
issctype,15
poisson,15
weibull,15
lid,15
subtitle_text,15
blank_lines,15
_style_definition,15
collapse_padding,15
axes_size,15
axes_pad,15
cb_mode,15
_axis_direction,15
_focal_length,15
vzs,15
ax_indices,15
zaxis_inverted,15
set_axis_direction,15
yy0,15
xx0,15
angle_helper,15
TMorf,15
map_path,15
extra_css,15
_start_using,15
Semantic,15
flatten_nested_tuples,15
Anys,15
unexpanded_type,15
base_type_name,15
allow_interpreted_subclasses,15
visit_bytes_expr,15
visit_float_expr,15
visit_complex_expr,15
visit_ellipsis,15
visit_list_expr,15
visit_dict_expr,15
visit_template_str_expr,15
visit_tuple_expr,15
visit_set_expr,15
visit_list_comprehension,15
visit_set_comprehension,15
visit_slice_expr,15
visit_type_var_expr,15
visit_type_alias_expr,15
write_int_list,15
filtered_errors,15
ignored_codes,15
source_line,15
SubtypeContext,15
s_unpack_index,15
is_typeshed_file,15
mypy_comments,15
write_type_opt,15
is_dynamic,15
def_var,15
super_meta,15
checkmember,15
actual_arg_type,15
keyword_keys,15
rhs_type,15
FineGrainedBuildManager,15
is_private_name,15
MethodSigContext,15
read_block,15
name_str,15
output_files,15
junit_xml,15
use_fine_grained_cache,15
outer_type,15
is_valid_inferred_type,15
op_methods,15
_type_maps,15
current_class,15
lit,15
forward_inst,15
expr_indices,15
parent_type,15
is_top,15
parse_only,15
module_for,15
tapp,15
internals_group,15
PYTHON_EXTENSIONS,15
fg_manager,15
processed_targets,15
scc_by_id,15
data_io,15
try_split,15
current_dir,15
as_required_block,15
normalize_error_messages,15
lit1_inst,15
type_b,15
main_src,15
pkg2,15
add_method_to_class,15
is_in_init,15
key_expr,15
out_include,15
_test_backend_factory,15
HyperscanExprDat,15
Hyperscan,15
Re2RegexDat,15
_bysecond,15
rrkwargs,15
is_ambiguous,15
ZoneInfoFile,15
SetuptoolsDeprecationWarning,15
more_itertools,15
write_field,15
option_base,15
to_compile,15
normalized_path,15
MatchFirst,15
alphanums,15
parseElementList,15
saveAsList,15
callDuringTry,15
callPreParse,15
leaveWhitespace,15
checkRecursion,15
quoteChar,15
reducefunc,15
calcBounds,15
TopDictIndex,15
allowLayerReuse,15
buildOrder,15
maxstack,15
op0,15
bestCost,15
_isCFF2,15
diff_tool,15
BaseGlyph,15
buildLookup_,15
InputCoverage,15
TTLib,15
f_f_i,15
entryAnchor,15
exitAnchor,15
get_subtables_,15
MarkCount,15
getFormat,15
ClassDef2,15
rec1,15
Class2Count,15
coverages,15
yAdvDevice,15
glyphs_,15
endGlyphID,15
recordingPen,15
DecomposingRecordingPen,15
JSTF,15
Typ,15
FontTools,15
_havePreviousFile,15
defaultLayer,15
VarCompositeGlyphs,15
conditionIndex,15
topSideY,15
checkChecksums,15
isLoaded,15
EBLC,15
IFT,15
hmtxTable,15
absX,15
absY,15
offsetToData,15
strToFixedToFloat,15
nameIndex,15
point1,15
point2,15
smCyrillic,15
glyphIndex,15
nArgs,15
LogMixin,15
lastGlyphIndex,15
sortCoverageLast,15
ItemCount,15
subhead,15
dataRows,15
eltContent,15
regionCount,15
updateBounds,15
flagXsame,15
flagYsame,15
Coptic,15
Tai,15
glyphSelector,15
next_token_location_,15
delta_2,15
deriv3,15
SetRuleData,15
VariableFontDescriptor,15
familyNames,15
locationLabels,15
LocationLabelDescriptor,15
XML_LANG,15
languageCodes,15
unknown_attrs,15
r27,15
ReverseFlipped,15
roundpen,15
axisMap,15
Tale,15
Hebr,15
Nkoo,15
Rohg,15
Khoj,15
Linear_B,15
Masaram_Gondi,15
target_point,15
class_indices,15
ps_integer,15
proceduretype,15
_1_t_2,15
curve1,15
_make_element,15
ttfs,15
deltas_list,15
instantiateVariableFont,15
value_2,15
varFont,15
vsindex_dict,15
VariationMerger,15
contour0,15
inputLocations,15
advMapping,15
axisValueTable,15
normalizedLimits,15
_private,15
is_busday,15
ar_iter,15
AR_LIKE_m,15
wgt,15
m2x,15
xcsub,15
ma_like,15
Einstein,15
str_arr,15
output_subscript,15
nbo,15
iternext,15
writebackifcopy,15
include_initial,15
sort_kinds,15
rmat,15
aran,15
_simple_strided_call,15
string_char,15
data_till,15
multiple_rows,15
f32x,15
cnt0_a,15
dt_a,15
dtmin,15
dtmax,15
ld_ma,15
diagnostic,14
Intended,14
raw_input,14
MAGIC_NUMBER,14
mod_type,14
Logging,14
gettotalrefcount,14
lexists,14
S_ISLNK,14
COM,14
looping,14
BININT1,14
INST,14
Machine,14
framer,14
getmodule,14
getfullargspec,14
promise,14
co_argcount,14
DynamicClassAttribute,14
precedes,14
f_name,14
Annotations,14
Describes,14
_functools,14
NotADirectoryError,14
Implicitly,14
SIZE,14
data_size_limit,14
getpeername,14
extraneous,14
MAIL,14
wishes,14
rcpt,14
smtplib,14
recipients,14
listname,14
openhook,14
Raymond,14
Clamped,14
manipulating,14
besides,14
Etop,14
fma,14
logb,14
next_toward,14
Copies,14
getters,14
read_file,14
section_name,14
comment_start,14
QueryValueEx,14
mpeg,14
died,14
Signals,14
getgrnam,14
get_osfhandle,14
__stdout__,14
Rewrite,14
SIGKILL,14
_ignore,14
_member_map_,14
_value2member_map_,14
_convert_,14
flag_value,14
_Feature,14
x20000,14
intercept,14
sums,14
Suppose,14
cuts,14
S_ISREG,14
dump_stats,14
scriptfile,14
_IterationGuard,14
_remove,14
Password,14
FileIO,14
HMAC,14
hmac,14
maxstring,14
Whenever,14
publicity,14
REGARD,14
RESULTING,14
TORTIOUS,14
PERFORMANCE,14
producer,14
producer_fifo,14
getcompname,14
writeframes,14
initfp,14
Furthermore,14
clearer,14
dnum,14
struct_time,14
_getstate,14
contribute,14
Internally,14
myoff,14
otoff,14
RHS,14
decides,14
_aifc,14
drwxr,14
Magic,14
hopefully,14
putcmd,14
procedure,14
protected,14
Overridden,14
Directories,14
u2561,14
u255b,14
u255e,14
u255f,14
u2567,14
u2568,14
u2559,14
u2558,14
u2552,14
u256a,14
u258c,14
u2590,14
u0393,14
u03a6,14
u0398,14
u2219,14
process_rawq,14
Meaning,14
self_name,14
waste,14
unconditional,14
GiB,14
Prepend,14
Events,14
OutputChecker,14
file_contents,14
traced,14
valname,14
compileflags,14
mortem,14
Blank,14
monthrange,14
LC_TIME,14
__rshift__,14
memlimit,14
FrozenSet,14
_collect_type_vars,14
Unions,14
Defined,14
TypeVars,14
lookup_name,14
Initially,14
mutates,14
POP3,14
rset,14
French,14
punctuation_chars,14
shortopts,14
watch,14
defaulted,14
SRE_FLAG_UNICODE,14
Overwrite,14
predecessors,14
turtles,14
Fine,14
startx,14
starty,14
lly,14
Units,14
Drawing,14
currentLine,14
_clear,14
shear,14
stitem,14
Arial,14
_title,14
Click,14
_tryorder,14
MacOSX,14
Truncated,14
reasonably,14
lg2,14
Async,14
_stream,14
_exit_wrapper,14
synch,14
tagged,14
fromfiledate,14
tofiledate,14
_styles,14
getsignal,14
ndbm,14
Mailbox,14
permanently,14
iteratively,14
slave_fd,14
spawned,14
cool,14
completions,14
_hmac,14
wtd,14
Working,14
istart,14
istep,14
partitioned,14
cum_weights,14
improvement,14
Press,14
denied,14
_writing,14
dumped,14
Visit,14
SourceFileLoader,14
Wformat,14
Wdate,14
D_FORTIFY_SOURCE,14
ipv6,14
LdYe0n,14
libpython3,14
pyexpat,14
TZPATH,14
decode_header,14
u03bc,14
u03ba,14
u03c1,14
NFKC,14
OPTIONAL,14
subsequent_indent,14
subparser,14
add_help,14
ibm,14
dir1,14
left_only,14
Maildir,14
Refresh,14
Inspect,14
unseen,14
resent,14
glue,14
ltext,14
followlinks,14
updatepos,14
encodebytes,14
EndElementHandler,14
BOM_UTF16_BE,14
cursize,14
break_long_words,14
pyvenv,14
browse,14
SourcelessFileLoader,14
believe,14
server_close,14
ascii_uppercase,14
hexdigits,14
mechanisms,14
abstracts,14
TARGET,14
writestr,14
waittime,14
Wake,14
drain,14
WIDTH,14
charbuffertype,14
databases,14
stopframe,14
_ignore_error,14
powerful,14
EXPRESS,14
TORT,14
OTHERWISE,14
COLUMNS,14
long_opts,14
unchecked,14
linkpath,14
nti,14
new_attrs,14
extractfile,14
_loaded,14
makedir,14
save_reduce,14
NetmaskValueError,14
ips,14
sortable,14
ipv4,14
shortened,14
ffff,14
_tokenize,14
crypt,14
pdbrc,14
comprehensive,14
is_zipfile,14
zip64,14
_fileobj,14
_zinfo,14
strm,14
copystat,14
unpack_archive,14
DirEntry,14
_ARCHIVE_FORMATS,14
xztar,14
conforms,14
name_op,14
getreply,14
from_addr,14
evalue,14
pyver,14
Translation,14
quopri,14
COMBINING,14
outf,14
SDKs,14
perspective,14
Snapshot,14
debug_override,14
Packer,14
__pos,14
MEM,14
NUN,14
TSADI,14
x2229,14
x2261,14
x207f,14
u0141,14
u02c7,14
_codecs_jp,14
DJE,14
GJE,14
LJE,14
NJE,14
DZHE,14
u043c,14
stringprep,14
_codecs_iso2022,14
x10FFFF,14
u16,14
key_separator,14
JSONDecoder,14
denoting,14
amounts,14
_tz_after,14
trans_list_utc,14
assembled,14
perfectly,14
Automatic,14
altogether,14
lower_bound,14
interest,14
born,14
Immutable,14
denoted,14
Unary,14
inversion,14
altinstall,14
manipulated,14
tb_locals,14
newargs,14
get_event_loop_policy,14
Construction,14
errored,14
_deprecate,14
getresponse,14
Having,14
comply,14
Age,14
belonging,14
FORMAT,14
SimpleCookie,14
_reserved,14
versionPredicateStr,14
UnknownFileError,14
copy_tree,14
preserve_symlinks,14
cmdtuples,14
strip_comments,14
Borland,14
_setup_compile,14
include_pattern,14
prefix_re,14
archiver,14
outdir,14
incdirs,14
xcode_stub,14
buildup_line,14
to3,14
fixer_names,14
INCREMENTAL,14
project_base,14
namely,14
takes_arg,14
pydistutils,14
Creation,14
ignore_options,14
std_commands,14
set_threshold,14
_find_exe,14
temp_manifest,14
manifest_buf,14
updated_files,14
pasted,14
rpm_dir,14
SOURCES,14
new_changelog,14
install_purelib,14
happening,14
build_cmd,14
plat_specifier,14
user_exit,14
Features,14
Requirements,14
maint,14
reinstall,14
ConvertingList,14
ConvertingTuple,14
Hours,14
flushing,14
NullHandler,14
alogger,14
ghi,14
_SplitResultBase,14
_splituser,14
reporthook,14
tfp,14
CDATA_SECTION_NODE,14
createElement,14
HierarchyRequestErr,14
old1,14
ProcessingInstruction,14
stringData,14
getSystemId,14
ampersand,14
pubid,14
subelement,14
_raise_serialization_error,14
purl,14
match_tests,14
multiprocess,14
xmlpath,14
test_index,14
to_add,14
test_array,14
exponentially,14
test_count,14
accounts,14
Travis,14
WinError,14
picks,14
html5,14
diaeresis,14
eacute,14
forall,14
breve,14
easter,14
Stat,14
MetaPathFinder,14
replicate,14
Directly,14
Dynamic,14
entrypoints,14
honor,14
terminals,14
all_defects,14
_has_surrogates,14
atext,14
group_list,14
last_ew,14
quoprimime,14
stringify,14
a_s,14
feb,14
CDT,14
aslist,14
Oudkerk,14
maxtasksperchild,14
set_wakeup_fd,14
GetOverlappedResult,14
Arena,14
sentinels,14
python_symbols,14
post_order,14
doctests_only,14
spanning,14
current_ast_node,14
hood,14
set_protocol,14
ssl_protocol,14
_csock,14
_watcher,14
ALL_COMPLETED,14
propagating,14
_ssl_protocol,14
wait_handle,14
_registered,14
_pipes,14
hline,14
Postscript,14
_save_all,14
__fp,14
thumbnail,14
load_prepare,14
getexif,14
MPO,14
truetype,14
Spider,14
palette_mode,14
RMS,14
xFF0000,14
errorNL,14
_load_dispatch,14
DDSCAPS2,14
DXT1,14
Renamed,14
histograms,14
m_im,14
fromarray,14
get_supported,14
_getink,14
n_sides,14
_Line,14
preservation,14
cids,14
tkey,14
lossy,14
Stash,14
__version_tuple__,14
discarding,14
current_indices,14
different_ids,14
max_abs_diff,14
ApproxBase,14
reporters,14
showcapture,14
runpytest,14
LineMatcher,14
isolation,14
emscripten,14
purebasename,14
isort,14
thinks,14
input_lines,14
axis_frame,14
index_or_series_or_array,14
string_dtype_arguments,14
any_signed_int_numpy_dtype,14
gHEX,14
slinear,14
one_to_many,14
many_to_one,14
tz_convert_from_utc,14
guess_datetime_format,14
maybe_warn_args_and_kwargs,14
validate_resampler_func,14
new_level,14
target_category,14
result_data,14
result_columns,14
maybe_mangle_lambdas,14
_chained_assignment_method_msg,14
_chained_assignment_warning_method_msg,14
_check_cacher,14
remove_na_arraylike,14
Guide,14
_from_mgr,14
_getitem_slice,14
into_c,14
Captive,14
beetle,14
rmask,14
_align_for_op,14
pandas_obj,14
obs_group_ids,14
lift,14
cheese,14
Pork,14
Beef,14
bm_axis,14
level_2,14
rowcount,14
hide_,14
snake,14
nanskew,14
legs,14
check_below_min_count,14
MaskedRecords,14
strl,14
new_vals,14
ant,14
Beth,14
other_mask,14
is_scalar_indexer,14
icols,14
maybe_callable,14
slice_indexer,14
defval,14
register_matplotlib_converters,14
moose,14
test_reduce,14
heaviside,14
masked_reductions,14
all_key,14
row_0,14
mi_cols,14
left_unique,14
tz_parsed,14
prange,14
to_union,14
CategoricalDtypeType,14
cat_array,14
index_class,14
dtype_code,14
fill_values,14
_get_dtype,14
subgroup,14
mst,14
_box_func,14
index_arr,14
_recognized_scalars,14
day_of_year,14
extension_types,14
base1,14
_resolution_obj,14
other_arr,14
Side,14
lama,14
level_name_or_index,14
local_name,14
_filter_nodes,14
Endianness,14
DLPack,14
strided,14
lbound,14
_index_shared_docs,14
coerce_to_target_dtype,14
step_o,14
from_fields,14
orig_key,14
include_names,14
new_order,14
test_apply,14
pinning,14
new_wt,14
old_arg_name,14
win_types,14
_returns_series,14
rblk,14
rbs,14
validate_args,14
allow_args,14
PrePostDevType,14
mine,14
check_funs,14
targ2,14
result_dt,14
res_false,14
copy_view,14
didx,14
abcdefghij,14
input_index,14
TOTAL,14
e_idx,14
bool1,14
Col,14
fruit,14
exp_len,14
dr2,14
AAB,14
xpdf,14
typ1,14
w_date,14
ival_B,14
start_shift,14
expected_tz,14
sampled_from,14
tdmax,14
tdmin,14
e18,14
expected_ts,14
invalid_data,14
isna_f,14
stays,14
assert_period_array_equal,14
timedelta_index,14
test_subclass,14
deprecated_msg,14
Wars,14
test_searchsorted,14
overflowed,14
result_copy1,14
result_copy2,14
mask2,14
test_astype,14
right_array,14
date3,14
cmp1,14
args_kwargs,14
is_ci_environment,14
expected_s,14
correls,14
_check_mixed_float,14
assert_stat_op_calc,14
float_type,14
orig2,14
btm,14
nu_df,14
not_lexsorted_df,14
category_int,14
fval1,14
old_index,14
RUF001,14
too_long,14
thing2,14
a_0,14
column2,14
Respondent,14
mario,14
test_view,14
end_intv,14
idx_dup,14
locale_str,14
pi7,14
_convert_na_value,14
by_blocks,14
geoffrey,14
expected_res,14
expected_columns_numeric,14
errs,14
_check_stat_op,14
_compare,14
sorted_series,14
index_sorted_series,14
tz_didx,14
ExtensionTests,14
get_geometry,14
bts,14
expected_h,14
_unpack_cycler,14
MPL,14
backend_name,14
get_majorticklabels,14
get_constrained_layout,14
dt_df,14
botocore,14
inputfile,14
_stringifyText,14
SepalLength,14
dbapi,14
BoolColWithNull,14
sqltype,14
JOIN,14
pa_fs,14
check_error_on_write,14
use_nullable_dtypes,14
convert_missing,14
order_categoricals,14
GSO,14
storer,14
h5file,14
CLOSED,14
get_node,14
column_type,14
row_type,14
FF00FF,14
ctx2,14
blank_value,14
_TestObject,14
kml,14
cooking,14
Everyday,14
fill_color,14
TableCell,14
u_cell,14
str_value,14
dialect_name,14
bad_sio,14
r11,14
TextParser,14
get_cython_table_params,14
redef,14
_palv,14
colWidths,14
column_num,14
plotf,14
Subplot,14
raise_if_exceeds,14
info_min,14
plot_obj,14
lim1,14
siblings,14
varlist,14
arrow_table_to_pandas,14
optlevel,14
data_converted,14
ctx_index,14
rgbas,14
display_width,14
col_len,14
col_count,14
_col_indices,14
data_row,14
normed,14
BiOrangeBlue,14
check_shape,14
make_compound_path,14
parenright,14
ITALIC,14
fired,14
cos_t,14
_func_cid_map,14
path_or_file,14
_ordering,14
margs,14
boxplot_stats,14
bxpstats,14
alias_mapping,14
autosummary,14
byeaster,14
is_color_like,14
list_builtin,14
use_mathtext,14
center_baseline,14
fontfamily,14
rebuild_if_missing,14
_kerning_factor,14
_hatch_linewidth,14
_facecolor,14
PathEffectRenderer,14
set_x,14
set_xy,14
_Curve,14
axesA,14
constrainedlayout_guide,14
_text2path,14
clip_box,14
resize_event,14
redraw,14
rmax,14
set_useOffset,14
sciNotStr,14
_vmax,14
mpl3,14
pfb,14
lenIV,14
yscaled,14
_metrics,14
_GlueSpec,14
resultsName,14
required_group,14
dfrac,14
valfmt,14
handle_style,14
on_key_press,14
minspanx,14
transform_bbox,14
_supylabel,14
_supxlabel,14
set_window_title,14
subplot_spec,14
LogTransform,14
inline_spacing,14
stop_event_loop,14
legend_elements,14
_make_classic_style_pseudo_toolbar,14
_xypress,14
start_pan,14
texmanager,14
stale_callback,14
getp,14
TightLayoutEngine,14
qtagg,14
angle_spectrum,14
mincnt,14
phase_spectrum,14
get_datalim,14
align_ylabels,14
keep_observers,14
Gather,14
fontprop,14
thisy,14
PolarTransform,14
bbox0,14
fig_aspect,14
_transformed_path,14
offset_position,14
is_horizontal,14
tick1,14
tick2,14
major_locs,14
minor_ticks,14
trajectory,14
legend_handler_map,14
_alt_transform,14
polypath,14
dblclick,14
flush_events,14
set_history_buttons,14
hex_color,14
CenteredNorm,14
PowerNorm,14
_mathtext,14
transScale,14
visible_edges,14
releaselevel,14
alt_key,14
STYLE_BLACKLIST,14
_rectangle,14
GTK,14
W0611,14
FigureCanvasCairo,14
ImageSurface,14
set_context,14
linejoin,14
linecap,14
_convert_path,14
pgfscope,14
maxcoord,14
RendererAgg,14
sidelen,14
set_source_rgba,14
web_sockets,14
axis_map,14
TriAnalyzer,14
new_pt_midside,14
subtri,14
compare_images,14
_jd,14
mathmpl,14
plot_srcset,14
endfor,14
nestedpage,14
divisors,14
stack2_subset,14
example_pcolor,14
ax_lst,14
Logs,14
mylist,14
_create_auto_date_locator,14
get_anchor,14
isfortran,14
NFFT_density_real,14
grid_axes,14
cm_copy,14
refnorm,14
everymask,14
atype,14
call_axes_locator,14
token_number,14
total_average,14
CCHarvester,14
__R__,14
multi_filled,14
multi_lines,14
WinStyle,14
reset_all,14
dwCursorPosition,14
dwSize,14
_GetStdHandle,14
FROZEN,14
hour_str,14
get_event,14
process_empty_scalar,14
render_str,14
NetworkConnectionError,14
HashError,14
build_failures,14
bin_dir,14
for_req,14
pycompile,14
make_install_req,14
BuildTag,14
applicable_candidates,14
page_candidates,14
truststore,14
status_forcelist,14
build_env_installer,14
runner_with_spinner_message,14
Editable,14
CheckResult,14
info_dir,14
HookMissing,14
base_command,14
show_value,14
editables,14
req_string,14
dep_version,14
package_sdist,14
build_sdist,14
VcsInfo,14
manylinux2010,14
site_config_dir,14
dist_location,14
get_metadata,14
WorkingSet,14
cwords,14
TextColumn,14
NewConnectionError,14
InvalidHeader,14
is_verified,14
BaseSSLError,14
_original_response,14
takewhile,14
js_abort_controller,14
ResolutionError,14
CFRelease,14
ELFFile,14
safe_user_passwords,14
is_normalized_name,14
_get_sequence,14
linux_,14
_parse_marker,14
normalize_pre,14
_operators,14
CallableOperator,14
_spec_version,14
_normalize_string,14
pymalloc,14
raw_license_expression,14
numeric_types,14
get_tokens_unprocessed,14
statestack,14
current_value,14
haskell,14
genshi,14
syntax_error,14
show_footer,14
_safe_isinstance,14
Highlighter,14
foreground_color,14
_Bit,14
encircle,14
new_style,14
item_count,14
_renderables,14
mute,14
log_time,14
vertical_overflow,14
footer_style,14
AxesX,14
fig_w,14
fig_h,14
zlim,14
minor_ticklabels,14
angle_normal,14
lat_factor,14
lon_factor,14
deg_mark,14
TWarnFn,14
files_to_report,14
original_pattern,14
semanal_shared,14
allow_final,14
allow_type_any,14
get_binding,14
an_args,14
TypeVarLikeList,14
psutil,14
PyInstaller,14
ModuleInspect,14
visit_reveal_expr,14
visit_if_stmt,14
visit_break_stmt,14
visit_continue_stmt,14
PatternVisitor,14
ErrorTuple,14
LITERAL_REQ,14
VARIANCE_NOT_READY,14
implementation_artifact,14
module_refs,14
setter_index,14
SemanticAnalyzer,14
if_expr,14
else_expr,14
is_newtype,14
type_str_conv,14
no_serialize,14
parse_bool,14
set_callable_name,14
TYPED_NAMEDTUPLE_NAMES,14
incomplete_namespaces,14
skip_self,14
is_error,14
unimported_type_becomes_any,14
first_arg,14
get_all_type_vars,14
apply_generic_arguments,14
id_to_type,14
actual_kind,14
mapping_type,14
check_type,14
field_types,14
origin_type_var,14
skip_neg_op,14
instance_arg,14
actual_args,14
substitutes,14
plural_s,14
all_modules,14
overload_name,14
create_source_list,14
inspections,14
fine_grained_incremental,14
plugins_snapshot,14
force_reload,14
typeshed_path,14
inner_types,14
hash_digest,14
sig1,14
name_in_super,14
uncallables,14
use_meet,14
fixed_format_cache,14
items_defaults,14
semantic_analyzer,14
actual_keys,14
orig_callee,14
proper_left_type,14
callable_ctx,14
allow_new_syntax,14
optional_expr,14
type_arg,14
import_errors,14
meta_source_hash,14
record_line,14
dir_path,14
output2,14
required_out_section,14
read_only_attr,14
gfa,14
assert_parse_signature,14
fmc_ns,14
ns_pkg_typed,14
is_init_var,14
__exc,14
use_patterns,14
re2_error,14
use_regexes,14
regex_str,14
no1wkst,14
enfold,14
tzrange,14
range1,14
range2,14
strids,14
hms_idx,14
target_obj,14
test_suite,14
bdist_wininst,14
wininst,14
cfgdata,14
ParseElementEnhance,14
addParseAction,14
parseAll,14
matchString,14
stopOn,14
Hung,14
isTTF,14
setGlyphOrder,14
variationSelector,14
colorLib,14
axisNameID,14
EBDT,14
OPTIMIZE_FONT_SPEED,14
cliTools,14
calcChecksum,14
Behdad,14
vsIndex,14
dy3,14
getChildren,14
endPos,14
readCard8,14
fdSelectArray,14
fontBBox,14
UShort,14
BuildCallback,14
COLRv1,14
LookupFlag,14
LookAhead,14
f_i,14
MarkMarkPos,14
ComponentRecord,14
buildValue,14
glyphnames,14
xPlacement,14
yPlacement,14
CaretValue,14
VARIATION,14
SELECTOR,14
ContextSubst,14
ChainContextSubst,14
numberTypes,14
guideline,14
dataValidationDict,14
DEFAULT_GLYPHS_DIRNAME,14
sourcePath,14
integerList,14
AdvWidthMap,14
MultiVarStore,14
SFNTReader,14
sidebearings,14
privData,14
root_accessor,14
ScalerVisitor,14
BigGlyphMetrics,14
SmallGlyphMetrics,14
minVal,14
countValue,14
SubStruct,14
PosFormat,14
subHeaderKeys,14
allCodes,14
toInt,14
valueSize,14
innerBits,14
cFlags,14
Arrows,14
Limbu,14
voltLib,14
script_tag,14
xDeviceTable,14
yDeviceTable,14
anchordef,14
process_marks,14
setup_func,14
Designspace,14
axisSubsets,14
RuleDescriptor,14
statNames,14
conditionSet,14
familyname,14
variableFonts,14
r18,14
r42,14
_p0,14
newContour,14
block_name,14
id_,14
hasMarks,14
B00,14
Todr,14
Yezi,14
prune_hints,14
hashdict,14
_visitors,14
ps_boolean,14
regionIdx,14
show_tolerance,14
fd_map,14
mergeThings,14
isomorphisms,14
locTuple,14
planAxis,14
itemVarStore,14
standard_t,14
chisquare,14
logseries,14
rayleigh,14
mr_,14
allow_masked,14
MaskError,14
dvar,14
propagate_mask,14
_convert2ma,14
requires_memory,14
othertypes,14
SubArray,14
WrappedArray,14
ngrd,14
_nt,14
format_function,14
hanging_indent,14
idx_contract,14
dimension_dict,14
arys,14
native_dt,14
_var,14
IS_PYSTON,14
make_array,14
x_dapi_cy3,14
tgt1,14
INT128_VALUES,14
exc_iter,14
mean_old,14
tpe,14
from_Dt,14
_pep440,14
lane,14
storen,14
storen_till,14
ua_scalar,14
arr_c,14
arr_f,14
build_operands,14
exp_path,14
LD_INFO,14
f16s_float,14
clog,14
unit1,14
dtb,14
ncontig_in,14
four_mul_ufunc,14
ainp,14
in_arena,14
iterrange,14
aone,14
detecting,13
TokenError,13
IndentationError,13
FileFinder,13
PY_SOURCE,13
PY_COMPILED,13
traversing,13
traversed,13
warnoptions,13
restores,13
format_list,13
ntpath,13
expandvars,13
Historically,13
resolves,13
decode_long,13
pylist,13
Ways,13
EMPTY_LIST,13
obj_globals,13
mutual,13
__abstractmethods__,13
SOURCE_SUFFIXES,13
notable,13
VAR_POSITIONAL,13
func_code,13
_annotation,13
_signature,13
Constructs,13
reaching,13
_exists,13
o600,13
carriage,13
syntaxerr,13
claims,13
letting,13
PyStringMap,13
ROUND_FLOOR,13
_signals,13
as_tuple,13
_PyHASH_MODULUS,13
result_sign,13
opb,13
radix,13
_localeconv,13
Formatting,13
increased,13
Increase,13
Turns,13
decimal_point,13
continuations,13
insensitively,13
deeper,13
cursect,13
guessed,13
tgz,13
Trailing,13
msdn,13
pipesize,13
feeding,13
send_signal,13
suites,13
_generate_next_value_,13
metacls,13
__getnewargs__,13
incremented,13
unicode_literals,13
pvariance,13
bisect_left,13
calculates,13
offer,13
Cumulative,13
runcall,13
finalization,13
daemonic,13
unlock,13
Repeated,13
accumulated,13
outgoing,13
appendleft,13
setcomptype,13
_write_header,13
_form_length_pos,13
computations,13
_DI400Y,13
Why,13
east,13
probe,13
_datetime,13
sound,13
kludge,13
compressor,13
datalength,13
maxline,13
set_debuglevel,13
PROTOCOL_TLS_CLIENT,13
userid,13
get_resource_reader,13
u2562,13
u2556,13
u2555,13
u255c,13
u2564,13
u2565,13
u2553,13
u256b,13
read_all,13
LOGOUT,13
reopen,13
Recurse,13
_asdict,13
behaviors,13
REPORT_NDIFF,13
Supply,13
weren,13
displayhook,13
IS_CHARACTER_JUNK,13
merges,13
lname,13
pointless,13
exclusively,13
counterpart,13
ItemsView,13
Reversible,13
Prepares,13
Literals,13
_tp_cache,13
MODE,13
alert,13
intention,13
_nparams,13
user_id,13
_IntEnum,13
subjectAltName,13
BEGIN,13
n_lines,13
Updated,13
Formats,13
ja_JP,13
ucs4,13
Armenian,13
Maldives,13
Canada,13
init_globals,13
t_args,13
Copied,13
RANGE,13
SRE_FLAG_IGNORECASE,13
anyone,13
goto,13
eventfun,13
minval,13
ury,13
_colorstr,13
clicking,13
_drawing,13
turtleshape,13
currentLineItem,13
m21,13
docsdict,13
auxiliary,13
Very,13
sort_dicts,13
unorderable,13
_indent_per_level,13
delimnl,13
ent,13
matching_blocks,13
earliest,13
separation,13
Deleted,13
linenum,13
SIG_IGN,13
robotparser,13
getproxies,13
November,13
Overridable,13
unterminated,13
wind,13
has_header,13
Feed,13
Solve,13
pre_buffer,13
get_nowait,13
FeedParser,13
getlist,13
inconsistencies,13
Underlying,13
register_at_fork,13
gethostbyname,13
S_IFMT,13
BASIS,13
warm,13
Subscript,13
expr_context,13
require_parens,13
escaped_string,13
comparators,13
parenthesize,13
build_time_vars,13
LDFLAGS,13
_symtable,13
_have_ssl,13
totally,13
time_str,13
u03bf,13
u03c8,13
Omit,13
PARSER,13
_current_indent,13
help_text,13
consumes,13
_get_formatter,13
parser_name,13
parse_known_args,13
_mutually_exclusive_groups,13
modular,13
a_x,13
mailboxes,13
Universal,13
EACCES,13
label_list,13
Labels,13
scandir_it,13
Bottom,13
maxlinelength,13
tweak,13
Following,13
Safe,13
getsitepackages,13
curly,13
__credits__,13
BYTECODE_SUFFIXES,13
fdict,13
modpkgs,13
MODULE,13
LINES,13
regenerate,13
NAMESPACES,13
EXCEPTIONS,13
end_headers,13
SelectorKey,13
UDP,13
synchronous,13
RequestHandlerClass,13
_threads,13
_is_stopped,13
_is_text_encoding,13
firstline,13
is_python_build,13
Manage,13
bpbynumber,13
sessions,13
caution,13
child_parts,13
canonicalized,13
_parse_args,13
_cparts,13
condgroup,13
o377,13
sourcematch,13
OptionContainer,13
CONTRIBUTORS,13
_check_type,13
halves,13
completekey,13
ExtractError,13
_extfileobj,13
xlen,13
offset_data,13
statres,13
fcn_list,13
max_name_len,13
log_info,13
exceptional,13
_loads,13
networks,13
is_global,13
ipv4_mapped,13
fullmodule,13
x2f,13
_writable,13
_snapshot,13
skip_bytes,13
prev_col,13
startline,13
module_scope,13
rcLines,13
Enabled,13
allowZip64,13
filterfunc,13
file_py,13
copy2,13
format_info,13
esmtp_features,13
to_addrs,13
localization,13
pname,13
barf,13
fat,13
size_diff,13
rcls,13
_exec,13
_load_module_shim,13
u05d1,13
u010c,13
u010d,13
MAKSURA,13
u042f,13
u0430,13
u02d9,13
_ws,13
ttinfo,13
abbr,13
typecnt,13
assignable,13
proposal,13
appearing,13
Identifiers,13
restrictive,13
Within,13
Equality,13
reflection,13
Later,13
attribute_name,13
delegation,13
speaking,13
addError,13
assert_not_called,13
_mock_return_value,13
_mock_parent,13
_call_matcher,13
new_attr,13
_asyncioTestLoop,13
tearDownClass,13
Twisted,13
TestLoader,13
loadTestsFromModule,13
error_case,13
seq_type_name,13
assertRaisesRegex,13
skip_accept_encoding,13
fetching,13
port_specified,13
add_unredirected_header,13
usegmt,13
Query,13
Implemented,13
DistutilsInternalError,13
dllname,13
find_executable,13
get_versions,13
shared_option,13
Hard,13
set_executable,13
set_libraries,13
argc,13
show_response,13
Updates,13
change_root,13
stick,13
freebsd,13
licence,13
local_file,13
get_long_description,13
get_keywords,13
Classifier,13
FATAL,13
ported,13
CRT,13
HTTPPasswordMgr,13
home_page,13
Auth,13
Sanity,13
Spec,13
rebuilding,13
short_version,13
RESUME,13
archive_files,13
hdlr,13
sinfo,13
substr,13
system_site_packages,13
quote_via,13
_proxy,13
blocknum,13
sess,13
urltype,13
open_file,13
SOCKS,13
Performance,13
ename,13
_elem_info,13
asserts,13
IndexSizeErr,13
notification,13
SECRET,13
iterfind,13
parent_map,13
missing_items,13
test_id,13
try_get_module,13
import_,13
worker_id,13
CrtSetReportMode,13
user32,13
doubles,13
occupied,13
dateTime,13
multicall,13
ServerProxy,13
dispatches,13
eta,13
psi,13
upsilon,13
ggg,13
rangle,13
rightarrow,13
Deleting,13
Traversable,13
RFC2231,13
angle_addr,13
mailbox_list,13
accounting,13
encoded_string,13
last_charset,13
get_content_maintype,13
content_manager,13
BytesParser,13
_partial,13
c_wchar,13
DupFd,13
_current_process,13
deregister,13
method_to_typeid,13
segment_name,13
append_child,13
Refactor,13
FIX,13
name_leaf,13
list_call,13
as_name,13
newnode,13
unify,13
BYTE,13
libpaths,13
from_param,13
c_bool,13
SendfileNotAvailableError,13
_limit,13
_write_ready_fut,13
is_closing,13
debug_log,13
attach_loop,13
fire,13
behaved,13
FIRST_COMPLETED,13
FIRST_EXCEPTION,13
uly,13
ulx,13
__annotate__,13
qualifiers,13
__default__,13
photoshop,13
i16be,13
TiffImageFile,13
characteristics,13
_pulls_fd,13
_close_exclusive_fp_after_loading,13
_seek_check,13
max_nesting,13
Pan,13
start_length,13
SUPPORTED,13
Baseline,13
encoderconfig,13
BCP,13
ImageShow,13
permuted,13
rotations,13
yoffset,13
yoff,13
verbatim,13
cvs,13
bps_tuple,13
filterargs,13
Brush,13
Factor,13
exif_data,13
_palette,13
Dither,13
final_size,13
get_length,13
interlace,13
Existing,13
_colors,13
id_section,13
coral,13
lightskyblue,13
yellowgreen,13
seq_num,13
iter_markers,13
add_cleanup,13
historic,13
shouldstop,13
pytest_runtest_setup,13
exceptiongroup,13
FuncFixtureInfo,13
names_closure,13
_arg2fixturedefs,13
other_index,13
approx_value,13
abs_diff,13
parameterset,13
_addoption,13
testsfailed,13
lockfile,13
iswin32,13
auto_indent,13
add_option_ini,13
catching_logs,13
logger_obj,13
CaptureBase,13
reportopts,13
indeterminate,13
actual_type_str,13
remaining_actual,13
failed_expected,13
path_obj,13
argcomplete,13
pytestPDB,13
pdb_cls,13
cmdargs,13
inifile,13
exprinfo,13
str_repr,13
_inicfg,13
quote_char,13
_HighlightFunc,13
isset,13
variables_overwrite,13
right_expr,13
truncated_explanation,13
is_doctest,13
unique_nulls_fixture2,13
lexsorted_two_level_string_multiindex,13
Scalars,13
all_binary_operators,13
utc_fixture,13
reportGeneralTypeIssues,13
any_numeric_dtype,13
coo,13
BaseWindow,13
BitGenerator,13
krogh,13
pchip,13
TakeIndexer,13
AnyAll,13
ints_to_pydatetime,13
ints_to_pytimedelta,13
get_supported_dtype,13
warn_alias_replacement,13
BinGrouper,13
_internal_names_set,13
_upsample,13
_asfreq_compat,13
Resample,13
neighbor,13
MultiIndexes,13
memb,13
colg,13
infer_dtype_from,13
array_values,13
animals,13
aligns,13
case_when,13
cities,13
filter_type,13
kwd_name,13
PandasDelegate,13
accessor_mapping,13
neg_mask,13
TDA,13
influence,13
reshaped,13
food,13
axis_int,13
inf_rep,13
PyQt4,13
Batman,13
indexer_between_time,13
nankurt,13
soften_mask,13
to_gbq,13
auth_local_webserver,13
Account,13
row_name,13
Assigning,13
array_op,13
cdtype,13
iii,13
newkey,13
Indexer,13
_idx,13
_find_common_type_compat,13
boxing,13
downcasting,13
lev_codes,13
right_values,13
famid,13
birth,13
VariableOffsetWindowIndexer,13
GroupbyIndexer,13
indexer_kwargs,13
DatetimeDictArg,13
index_obj,13
_cache_dtypes,13
categories_dtype,13
cat_type,13
_get_common_dtype,13
ensure_dtype_can_hold_na,13
FloatingDtype,13
_format_native_types,13
_make_unpacked_invalid_op,13
StringArrayNumpySemantics,13
quote_strings,13
as_unordered,13
to_coo,13
int_idx,13
_to_timedeltaarray,13
bit_width,13
eval_in_python,13
DeepChainMap,13
NumExprClobberingError,13
PyTablesExpr,13
IndexEngine,13
first_value,13
adjusts,13
UnsortedIndexError,13
lexsort_depth,13
Precip,13
inaccurate,13
get_jit_arguments,13
_hashes,13
_sort,13
_group_index,13
orig_func,13
sgb,13
result_frame,13
_get_window_indexer,13
_prep_values,13
minimum_periods,13
make_block_same_class,13
new_arrays,13
sublist,13
nearest_workday,13
DtypeWarning,13
InvalidColumnName,13
skip_if_installed,13
skip_if_not_us_locale,13
spellings,13
arith,13
np_op,13
TestTake,13
ri2,13
expected_1,13
test_round,13
assert_invalid_comparison,13
left_f,13
right_f,13
pi_freq,13
giant,13
__rdiv__,13
tser,13
DTypes,13
loadtxt,13
result_ser,13
exp_na,13
Equity,13
dti3,13
D1h,13
s_date,13
ival_H,13
set_locale,13
td3,13
expected_dates,13
test_scalar,13
copy_false,13
tda_nano,13
sparray,13
short_opname,13
expected_max,13
offset3,13
offset8,13
offset9,13
offset10,13
date4,13
int_data,13
c_string,13
string_data,13
idx_ser,13
block1,13
time2,13
_check_f,13
clipped_df,13
category_string,13
test_insert,13
original_series,13
coerced_val,13
umax,13
_SIZE_CUTOFF,13
right_iloc,13
array_a,13
pi4,13
pi5,13
pi6,13
flt,13
the_int,13
exp_lidx,13
_assert_not_almost_equal_both,13
check_flags,13
datetime1,13
_func,13
e15,13
c_date,13
groupby_func_np,13
IntCol,13
max_int,13
pear,13
BCD,13
complex256,13
na_ser,13
check_indexer,13
na_cmp,13
_get_expected_exception,13
check_opname,13
use_expanding,13
rolled,13
a_std,13
b_std,13
classroom,13
expected_axes_num,13
ylabels,13
expected_size,13
x_compat,13
get_yscale,13
FF0000,13
bootstrap_plot,13
autocorrelation_plot,13
append_axes,13
legend_,13
get_minorticklabels,13
jet_colors,13
get_random_path,13
create_table,13
dbs,13
Patches,13
Plane,13
in_out,13
_Datetime64Formatter,13
css_row,13
css_col,13
styler_blank,13
q_left,13
T__row0_col0,13
set_tooltips,13
maxes,13
governor,13
UserField,13
double_input,13
xsl_flatten_doc,13
Giada,13
Laurentiis,13
Potter,13
Rowling,13
Learning,13
Ray,13
out_xml,13
xml_dates,13
cell2,13
datetime_format,13
write_frame,13
mi_file,13
round_trip,13
_make_reader,13
tmgr,13
raise_assert_detail,13
ulong,13
arg_def,13
parametric,13
legend_labels,13
default_limits,13
get_minor_locator,13
header_rows,13
_pad_bytes,13
_lines_read,13
strlen,13
_dta_version,13
_update_map,13
pandas_type,13
blk_items,13
luminance,13
with_counts,13
fallback_formatter,13
ENG_PREFIXES,13
_content,13
style_kwargs,13
semibold,13
canvasevent,13
_tools,13
Toggle,13
cx1,13
cy1,13
cmy,13
iqr,13
sanitize_sequence,13
unikey,13
DayLocator,13
offset_formats,13
usedistiller,13
_validate_linestyle,13
dash_capstyle,13
arcball,13
framealpha,13
autolayout,13
layoutgrid,13
LayoutGrid,13
FontEntry,13
scalable,13
get_math_fontfamily,13
fallback_to_default,13
_dash_pattern,13
set_hatch,13
stems,13
set_dashes,13
get_sketch_params,13
StepPatch,13
Inner,13
head_right,13
xyA,13
xyB,13
patch_func,13
_sizes,13
VPacker,13
_bbox_to_anchor,13
set_animated,13
AbstractPathEffect,13
get_canvas_width_height,13
shadow_rgbFace,13
isAvailable,13
_init_draw,13
_tickdir,13
register_axis,13
rmin,13
rorigin,13
ScaledTranslation,13
is_keyword,13
next_binary,13
mspines,13
colorbar_extend,13
minorlocator,13
font2,13
STIXGeneral,13
STIXSizeTwoSym,13
glue_sign,13
rule_height,13
mouse_grabber,13
closedmin,13
closedmax,13
marker_props,13
bb_text,13
targetfig,13
_eventrelease,13
_handles_artists,13
onmove_callback,13
margin_top,13
get_axes_locator,13
lg1,13
_boxout,13
set_scale,13
QuadContourSet,13
_algorithm,13
yunits,13
Toolbar,13
_last_cursor,13
push_current,13
TransformNode,13
prop_name,13
required_interactive_framework,13
sca,13
set_units,13
usermedians,13
conf_intervals,13
ecdf,13
xlolims,13
xuplims,13
ydate,13
integration_direction,13
headaxislength,13
set_verts,13
endy,13
supxlabel,13
supylabel,13
offsetx,13
mathtext_parser,13
glyph_id,13
sub_words,13
shorthand_name,13
ay2,13
boxout,13
trans_shift,13
lines_bars_and_markers,13
_linewidths,13
_gapcolor,13
view_low,13
view_high,13
ticks_to_draw,13
get_units,13
get_markeredgecolor,13
parasites,13
_imcache,13
allGlyphs,13
quadmesh,13
_timer_start,13
_toolbar2_class,13
covariance_factor,13
png_bytes,13
mask_outside,13
Science,13
encodingfile,13
_update_device_pixel_ratio,13
dpival,13
NORMAL,13
tipwindow,13
_rubberband_rect,13
set_line_width,13
QColor,13
_generate_css,13
image_dpi,13
path_data,13
currpos,13
infoDict,13
t1font,13
charcode,13
dsc_comments,13
gui_or_backend,13
datagroup,13
_interpolate_multikeys,13
masked_triangles,13
_process_plot_format,13
jacobian,13
clat,13
ImageComparisonFailure,13
mock_event,13
expected_path,13
add_config_value,13
sc2,13
generate_EventCollection_plot,13
OFL,13
checkSumAdjustment,13
usWidthClass,13
xMaxExtent,13
wqy,13
zenhei,13
locked_element,13
xx1,13
ydata1,13
_xmargin,13
_ymargin,13
stem_container,13
all_sides,13
par2,13
data_masked,13
cubic_min_E,13
lc3,13
remove_inner_ticks,13
error_kw,13
isMA,13
lloc,13
mystr,13
MIHarvester,13
amod,13
func3,13
raw_cfg,13
mando,13
check_offset_array,13
ChunkCombinedNan,13
offsets_from_codes,13
ret3,13
Jonathan,13
Hartley,13
winapi_test,13
mockStdout,13
escape_id,13
sec_str,13
allow_flow_plain,13
allow_block_plain,13
ScalarEvent,13
check_event,13
output_format,13
cov_config,13
_iterable,13
ConfigurationError,13
pep517_backend,13
command_desc,13
is_yanked,13
url_to_path,13
poolmanager,13
max_retries,13
etag,13
parse_tag,13
RemoteNotFoundError,13
homepage,13
_allowed,13
exe_name,13
macosx_,13
manylinux1,13
features_enabled,13
editable_req,13
req_as_string,13
metadata_info,13
get_entry_map,13
proxy_headers,13
DecodeError,13
has_unconsumed_tail,13
flush_decoder,13
ConnectionCls,13
greenlet,13
_OP_NO_SSLv2_OR_SSLv3,13
_RequestError,13
distro_info,13
HCERTSTORE,13
cbSize,13
Larson,13
BaseCache,13
cached_response,13
oper,13
rhs_value,13
is_32bit,13
ANTLR,13
PTH118,13
site_cache_dir,13
file_like,13
_buf_checkpoint,13
_InstallerType,13
hashcmp,13
_normalize_cached,13
lexer_name,13
apply_over_axes,13
union1d,13
ada,13
smarty,13
mako,13
stylize,13
open_brace,13
control_type,13
_link_id,13
get_renderable,13
new_size,13
update_period,13
_tasks,13
fixed_size,13
AxesY,13
SimpleAxisArtist,13
mark_inset,13
nrows_ncols,13
_ticks,13
_ticklabels,13
Line3D,13
proj_transform,13
UVW,13
r13,13
quiversize,13
whd_list,13
update_lim,13
grid_info,13
write_formatted_info,13
CmdOptionParser,13
gevent,13
report_omit,13
report_include,13
arc_possibilities_set,13
no_branch,13
n_branches,13
n_files,13
get_analysis_to_report,13
covered_lines,13
coverage_data,13
should_trace_cache,13
section_prefix,13
total_line,13
case_insensitive,13
RequiredType,13
defining_alias,13
is_new_style,13
tvar_scope_frame,13
ENUM_BASES,13
StrEnum,13
visit_enum_call_expr,13
visit__promote_expr,13
visit_while_stmt,13
visit_match_stmt,13
visit_as_pattern,13
visit_starred_pattern,13
filter_deprecated,13
iteration_dependent_errors,13
current_target,13
disabled_error_codes,13
maptype,13
is_protocol_implementation,13
instance_joiner,13
t_unpacked,13
short_type,13
REVEAL_TYPE,13
future_import_flags,13
is_new_def,13
is_required,13
INSTANCE,13
deletable_attributes,13
newtype,13
pretty_seq,13
is_dunder,13
import_map,13
local_partial_types,13
clone_for_module,13
function_scope,13
functype,13
TYPE_VAR,13
unimported,13
is_meta_var,13
actual_names,13
format_call,13
rep_types,13
reprocessed,13
valid_options,13
argtype,13
TPDICT_FB_NAMES,13
_dummy_int,13
isuper,13
runtime_sig,13
stub_file,13
to_check,13
stub_sig,13
AbstractReporter,13
dependencies_set,13
coerce_to_literal,13
erase_instances,13
is_more_precise,13
dynamic_funcs,13
assign_type,13
rv_type,13
store_types,13
called_type,13
narrowable_expr_type,13
new_parent_type,13
overlap_for_overloads,13
install_types,13
non_interactive,13
apply_changes,13
dangerous_comparison,13
_is_overlapping_types,13
strictness_group,13
optional_type,13
parallel_worker,13
ModuleResult,13
deps_json,13
ModuleNotFound,13
_find_config_file,13
initial_state,13
ScopeType,13
exit_scope,13
add_attribute_dependency_for_expr,13
file1,13
normalize_output,13
literal_keymap,13
gdyn,13
DataclassAttribute,13
PatchedTracebackException,13
GitIgnoreBasicPattern,13
use_factory,13
_BYTES_ENCODING,13
wkst,13
byweekno,13
_byminute,13
keydict,13
UnrecognizedFormat,13
progress_filter,13
_Distribution,13
egg_version,13
oneOf,13
SkipTo,13
withAttribute,13
parseAction,13
match_string,13
maxException,13
data_word,13
attr_expr,13
ignoreExpr,13
tagStr,13
thisExpr,13
indentStack,13
ParsedVersion,13
AGL,13
flagCubic,13
PrivateDict,13
zopfli,13
dx3,13
cff2,13
_used,13
getCompiler,13
C_P_A_L_,13
PaletteIndex,13
lookup_index,13
InputClassDef,13
builder_class,13
Mark2Record,13
BaseAnchor,13
CursivePos,13
ValueNameID,13
MathGlyphInfo,13
MathItalicsCorrectionInfo,13
MathTopAccentAttachment,13
Esfahbod,13
uharfbuzz,13
PointToSegmentPen,13
identifierValidator,13
glyphClass,13
formatVersions,13
massaged,13
_upConvertedKerningData,13
infoDataToSet,13
transformPen,13
interpolateFromDeltas,13
SegmentToPointPen,13
addVarComponent,13
glyphset1,13
glyphset2,13
tableCache,13
table_T_S_I_V_,13
getSearchRange,13
compressedMetaData,13
UIntBase128,13
BaseCoord,13
smallGlyphMetricsFormat,13
axisCount,13
nSizes,13
VTT,13
maxVal,13
binary2num,13
SubTableIndex,13
postRead,13
RangeStart,13
RangeEnd,13
LOffsetTo,13
lastCode,13
curBit,13
numUnits,13
iter_subtables_fn,13
oClasses,13
phantoms,13
USE_MY_METRICS,13
Bopomofo,13
startsz,13
endsz,13
ratRanges,13
scopes_,13
InputIdx,13
SetContextData,13
RuleSetCount,13
makeNames,13
getFullDesignLocation,13
inputLocation,13
slnt,13
mappingsElement,13
ruleObject,13
locationElement,13
uservalue,13
readerClass,13
_endPath,13
r16,13
r55,13
solveCubic,13
ElidedFallbackName,13
markAttachment,13
markFilteringSet,13
OpenTypeFeatureFileSpecification,13
VarLibError,13
lookuplist,13
Multani,13
Ahom,13
Kawi,13
Duployan,13
AFF,13
Gong,13
Adlm,13
Laoo,13
Gunjala_Gondi,13
OTTags,13
_dict_subset,13
collect_lookups,13
prune_features,13
unicodes_requested,13
calcQuadraticArcLength,13
popallWidth,13
_writeraw,13
formatchar,13
src_fs,13
UnsupportedFormat,13
_supports,13
regionList,13
regionIndices,13
pt0_prev,13
pt1_prev,13
locV,13
varDataList,13
masterSupports,13
mergers,13
discrete_axes,13
glyphSetFunc,13
OverlapMode,13
valgrind,13
msg_prefix,13
__cpu_dispatch__,13
_pack_,13
ScalarType,13
cumulative_prod,13
lcm,13
matvec,13
D_arr_like_0p1,13
I_arr_like_20,13
D_2D,13
I_bool_high_open,13
_128Bit,13
Marchant,13
clump_unmasked,13
masked_not_equal,13
toflex,13
a_pickled,13
m2XX,13
controlmask,13
_float_ma,13
dtypeobj,13
a_len,13
extobj,13
oldtype,13
axes_a,13
axes_b,13
UCS4,13
test_neighborhood_iterator_oob,13
make_str,13
md1,13
from_res,13
_is_fp,13
_scalar_size,13
data_stride,13
PhysicalQuantity2,13
helper_lambdas,13
dividend_dtype,13
INF_INVALID_ERR,13
ncontig_out,13
lowo,13
s_medium,13
NPY_ENABLE_CPU_FEATURES,13
Nyquist,13
Tab,12
get_line,12
compile_command,12
prompting,12
credits,12
get_importer,12
unreadable,12
stands,12
Early,12
varname,12
Recursive,12
repertoire,12
inefficient,12
unpickle,12
PROTO,12
read_stringnl,12
Descriptors,12
spell,12
Proto,12
retains,12
pops,12
duplicating,12
picklecode,12
crude,12
__kwdefaults__,12
f_lasti,12
sole,12
visit_FunctionDef,12
tokeneater,12
formatarg,12
Waiting,12
vararg,12
gettempdir,12
unpredictable,12
SHOULD,12
smtp,12
mailhost,12
seen_greeting,12
peername,12
rcpt_options,12
NOOP,12
QUIT,12
decoded_data,12
forwarding,12
iterates,12
nextfile,12
slotstate,12
Rounding,12
is_snan,12
leftdigits,12
multiplying,12
__trunc__,12
exp_min,12
to_integral_exact,12
Normalizes,12
buildbot,12
add_section,12
suffix_map,12
IANA,12
Compressed,12
unused_data,12
waits,12
_posixsubprocess,12
kqueue,12
PollSelector,12
harmless,12
dont_write_bytecode,12
creationflags,12
disambiguate,12
text_mode,12
WAIT_OBJECT_0,12
errpipe_write,12
_order_,12
finishes,12
developed,12
print_function,12
_features,12
_sum,12
quartiles,12
pstats,12
Inputs,12
passwords,12
__newobj__,12
Purpose,12
internet,12
overridable,12
Difference,12
usec,12
Thursday,12
Wednesday,12
dtdst,12
allow_mixed,12
mytz,12
EDT,12
us2,12
fmant,12
error_reply,12
sizehint,12
terminators,12
PROTOCOL_TLS,12
_frozen_importlib_external,12
u207f,12
unread,12
CMD,12
uncompiled,12
KW_ONLY,12
sees,12
Might,12
Part,12
unbuffered,12
separates,12
Provided,12
reStructuredText,12
REPORT_ONLY_FIRST_FAILURE,12
testfile,12
TestResults,12
Exact,12
PS1,12
intraline,12
isleap,12
day1,12
ndays,12
withyear,12
sat,12
Amount,12
delitem,12
iadd,12
__itruediv__,12
_MODE_READ,12
MappingView,12
ValuesView,12
AsyncIterator,12
AsyncIterable,12
_evaluate,12
subscriptable,12
_typevar_types,12
parameterized,12
_caller,12
_AnnotatedAlias,12
Optimized,12
_make,12
Employee,12
own_annotations,12
UserId,12
wrap_bio,12
fair,12
EAGAIN,12
relationships,12
scol,12
_create_socket,12
rpos,12
Mappings,12
cp1251,12
cs_CZ,12
contributors,12
Stores,12
deleter,12
feedback,12
stretched,12
enhanced,12
noresize,12
canceled,12
Viewer,12
urx,12
_speed,12
stretch_wid,12
stretch_len,12
subitem,12
pl1,12
Courier,12
hides,12
Follow,12
books,12
tends,12
pay,12
_heapreplace,12
Made,12
agen,12
incrementing,12
_safe_repr,12
_format_items,12
subsequence,12
eyes,12
cruncher,12
colgroup,12
header_row,12
nowrap,12
socketserver,12
filedialog,12
_pickle,12
UID,12
Service,12
mocking,12
QUOTE_NONNUMERIC,12
Describe,12
rle,12
RLE,12
_qsize,12
retrieves,12
reentrant,12
logfp,12
Shell,12
SERVER_PORT,12
BZ2Compressor,12
_repeat,12
longs,12
Math,12
numbytes,12
listening,12
fsize,12
csock,12
respond,12
locking,12
governing,12
rframe,12
total_calls,12
AsyncFunctionDef,12
ATOM,12
NotIn,12
Starred,12
Wsign,12
IObjects,12
IInclude,12
CXX,12
INSTALL,12
stringio,12
run_tests,12
_caps,12
_longcmdstring,12
newest,12
u03b6,12
u03bb,12
u03bd,12
u03be,12
u03c7,12
Attempts,12
toward,12
end_section,12
initial_indent,12
argument_default,12
Originally,12
fsync,12
MaildirMessage,12
BabylMessage,12
get_bytes,12
tmp_file,12
from_list,12
sophisticated,12
nlines,12
flexibility,12
PHP,12
patchlevel,12
CurrentVersion,12
Power,12
fileout,12
parseable,12
InvalidFileException,12
Reject,12
tokenL,12
break_on_hyphens,12
basenames,12
signifies,12
Paul,12
preformat,12
cdict,12
thisclass,12
prepending,12
BaseHTTPRequestHandler,12
handle_request,12
Results,12
start_server,12
Selector,12
_abc_cache,12
server_address,12
server_bind,12
periodic,12
termination,12
synchronization,12
initialised,12
_counter,12
_main_thread,12
trial,12
time_unit,12
unreliable,12
linebuffer,12
file_encoding,12
frontend,12
platinclude,12
deb_system,12
renamed_variables,12
py_version_nodot,12
map01,12
OCTDIGITS,12
LOCALE,12
HOLDERS,12
opt_width,12
option_groups,12
lastcmd,12
charge,12
TarError,12
CompressionError,12
InvalidHeaderError,12
chksum,12
devmajor,12
devminor,12
all_callees,12
func_std_string,12
newfunc,12
do_quit,12
errorcode,12
pop_mark,12
subnets,12
octet_str,12
hex_str,12
PPM,12
Interactive,12
OpenWrapper,12
nasty,12
Implementing,12
reconstructing,12
Tail,12
endpats,12
prev_row,12
tok_type,12
orig_enc,12
bom_found,12
read_or_stop,12
find_cookie,12
parenlev,12
get_type,12
curframe_locals,12
honored,12
idstring,12
ZIP_LZMA,12
attacks,12
requires_zip64,12
_difference,12
dirs_exist_ok,12
Copying,12
disconnected,12
sre_parse,12
localedir,12
packagename,12
BuiltinImporter,12
badmodules,12
outfp,12
flattening,12
improves,12
make_key,12
Implicit,12
biggest,12
Ambiguous,12
opt_level,12
dupes,12
x2320,12
x2321,12
u0104,12
u0118,12
u0105,12
u0119,12
SHADDA,12
DIFFERENTIAL,12
u0394,12
u0401,12
u0451,12
u0410,12
u0411,12
u0412,12
u0413,12
u0414,12
u0415,12
u0416,12
u0417,12
u0418,12
u0419,12
u041a,12
u041b,12
u041c,12
u041d,12
u041e,12
u041f,12
u0420,12
u0421,12
u0422,12
u0423,12
u0424,12
u0425,12
u0426,12
u0427,12
u0428,12
u0429,12
u042a,12
u042b,12
u042c,12
u042d,12
u042e,12
u0431,12
u0432,12
u0433,12
u0434,12
u0435,12
u0436,12
u0437,12
u0438,12
u0439,12
u043a,12
u043b,12
u043d,12
u043e,12
u043f,12
u0440,12
u0441,12
u0442,12
u0443,12
u0444,12
u0445,12
u0446,12
u0447,12
u0448,12
u0449,12
u044a,12
u044b,12
u044c,12
u044d,12
u044e,12
u044f,12
CHO,12
DZE,12
TSHE,12
KJE,12
FORWARD,12
UPTURN,12
extpos,12
shutting,12
markerid,12
_ttinfos,12
_ttinfo_list,12
std_offset,12
hit_except,12
auditing,12
production,12
solved,12
defparameter,12
crashed,12
e100,12
Model,12
bacon,12
bypassing,12
Letter,12
justified,12
contractions,12
sequentially,12
combines,12
reflects,12
reversing,12
Ubuntu,12
leaking,12
__unittest,12
strclass,12
_is_instance_mock,12
await_count,12
_mock_new_name,12
patcher,12
patchings,12
other_kwargs,12
tearDownModule,12
new_event_loop,12
Placeholder,12
the_module,12
Loads,12
cnt_t,12
expectedFailure,12
skipIf,12
testMethod,12
logger_name,12
set1,12
rel_path,12
getLevelName,12
removeHandler,12
__response,12
response_class,12
HTTPMessage,12
ResponseNotReady,12
_UNKNOWN,12
PATCH,12
isclosed,12
skip_host,12
_validate_path,12
T14,12
unverifiable,12
path_specified,12
rfc2965,12
req_port,12
Absent,12
set_cookie,12
bbbb,12
server_name,12
close_connection,12
Much,12
Accepted,12
__GNUC__,12
compiler_cxx,12
linker_exe,12
linker_so,12
lib_file,12
make_tarball,12
ARCHIVE_FORMATS,12
undefine,12
msvccompiler,12
gen_preprocess_options,12
bureaucracy,12
ldflags_static,12
_fix_lib_args,12
graft,12
files_found,12
translate_pattern,12
gen_usage,12
distclass,12
parse_config_files,12
stop_after,12
compiler_class,12
undefinitions,12
library_dir_option,12
runtime_library_dir_option,12
library_option,12
inlined,12
_servers,12
outmsg,12
check_environ,12
subst_vars,12
hkey_mod,12
RegEnumValue,12
compile_info,12
h_dir,12
implib_file,12
group_id,12
short_option,12
set_option_table,12
translate_longopt,12
metainfo,12
elm,12
is_std,12
_read_list,12
versionpredicate,12
dst_option,12
ProgramFiles,12
Auxiliary,12
manifest_f,12
check_metadata,12
first_line_re,12
get_inputs,12
Medium,12
swig_sources,12
new_sources,12
link_libpython,12
Libraries,12
fixed_hook,12
misleading,12
install_cmd,12
temp_files,12
Autoconf,12
_clean,12
install_platlib,12
install_path_file,12
dump_dirs,12
find_modules,12
msi,12
other_version,12
Commit,12
ActionText,12
exit_dialog,12
CancelDlg,12
whichusers,12
neutral,12
build_purelib,12
build_platlib,12
_handlerList,12
Seconds,12
dirName,12
EmailMessage,12
HTTPHandler,12
link_path,12
srcfile,12
deprecating,12
allow_fragments,12
HTTPSHandler,12
creds,12
tempcache,12
proxyOverride,12
last_checked,12
EMPTY_NAMESPACE,12
FILTER_REJECT,12
builders,12
ContentHandler,12
elementStack,12
ErrorHandler,12
writexml,12
_call_user_data_handler,12
nodeValue,12
SAXNotRecognizedException,12
absolutely,12
LABS,12
subelements,12
add_qname,12
gc_collect,12
not_exported,12
worker_args,12
duration_sec,12
ResourceDenied,12
counters,12
subfolder,12
decomposed,12
list_all,12
faultCode,12
faultString,12
chi,12
iota,12
Oslash,12
caron,12
bull,12
eth,12
lfloor,12
macron,12
thorn,12
cdot,12
cdata_elem,12
gtpos,12
attrvalue,12
_readonly,12
multithread,12
path_info,12
sits,12
getvar,12
class_namespace,12
newcount,12
other_count,12
builtin_name,12
size_str,12
bare_quoted_string,12
mime_parameters,12
set_handlers,12
preferencelist,12
surrogates,12
commentlist,12
body_encoding,12
_default_context,12
_formats,12
c_byte,12
c_ubyte,12
initialise,12
notifier,12
type_repr,12
pre_order,12
number2symbol,12
generate_matches,12
match_set,12
Collin,12
recheck,12
old_attr,12
itoken,12
NFAState,12
nfaset,12
REAL,12
create_string_buffer,12
c_uint16,12
start_serving,12
ensure_future,12
pidfd,12
_fut_waiter,12
_force_close,12
_self_reading_future,12
_ssock,12
__step,12
timeout_handle,12
coro_or_future,12
_sslpipe,12
_ov,12
result_queue,12
synonyms,12
stdscr,12
start_color,12
annotationlib,12
_moved_attributes,12
reloaded,12
foss,12
chooses,12
bit_depth,12
currentfile,12
ColorSpace,12
i16le,12
Minor,12
__photo,12
set_as_raw,12
register_decoder,12
QPixmap,12
BGRA,12
HDF,12
ole,12
deleted_entries,12
root_ref,12
num_entries,12
read_png_or_jpeg2000,12
PngImageFile,12
fmts,12
cur_idx,12
unic,12
getextrema,12
xoffset,12
Draws,12
_tags_v1,12
ImageFileDirectory_v1,12
Converted,12
new_field_size,12
BuiltinFilter,12
Rank,12
target_mode,12
cube,12
CC0,12
bitcount,12
PCX,12
curved,12
rgb1,12
AVIF,12
LANCZOS,12
apng,12
dither,12
thresholds,12
version_module,12
blank_line,12
BLP,12
outputMode,12
imOut,12
inPlace,12
manufacturer,12
hwnd,12
aqua,12
lavender,12
lightcoral,12
turquoise,12
im_2,12
x3c,12
ExceptionRepr,12
FixtureLookupError,12
__commit_id__,12
last_failed,12
safe_getattr,12
FixtureFunctionDefinition,12
fixture_name,12
dtest,12
_storage,12
_instance,12
facilitate,12
bin_xml_escape,12
idfn,12
resolved_ids,12
evolve,12
CollectionArgument,12
missed,12
relative_path,12
instant,12
exceeding,12
get_plugin,12
set_when,12
writeorg,12
SysCapture,12
capfd,12
ivar,12
getreports,12
_cachedir,12
RAISE,12
i_exp,12
reprlocals,12
newsource,12
Checkers,12
expl_stmts,12
explanation_param,12
indices_dict,12
series_with_simple_index,12
all_boolean_reductions,12
all_reductions,12
Pyarrow,12
FLOAT_EA_DTYPES,12
NotThisMethod,12
AstypeArg,12
AggFuncTypeBase,12
akima,12
ReindexMethod,12
CorrelationMethod,12
applymap,12
UsecolsArgType,12
add_overflowsafe,12
tzconversion,12
SelectionMixin,12
new_message,12
is_view,12
SeriesInfo,12
from_array,12
api_version,12
apis,12
new_ser,12
discussion_r1399245221,12
_maybe_update_cacher,12
Repeat,12
bottleneck,12
discards,12
same_dtype,12
_sort_levels_monotonic,12
lexsort_indexer,12
spreadsheet,12
validate_fillna_kwargs,12
_as_manager,12
_iter_column_arrays,12
_check_label_or_level_ambiguity,12
lz4,12
snappy,12
res_col,12
asof_locs,12
join_columns,12
person_id,12
iub,12
the_sum,12
periodindex,12
DataFrameInfo,12
SingleDataManager,12
large_repr,12
get_values_for_csv,12
Behavior,12
bigquery,12
index_data,12
StataWriter117,12
Anne,12
middle_name,12
Louise,12
correl,12
row_index,12
Float64HashTable,12
StringHashTable,12
VisibleDeprecationWarning,12
subarrays,12
codes_list,12
index_level,12
get_iterator,12
rname,12
take_left,12
key_col,12
name_idx,12
zero_copy_only,12
binning,12
list_of_columns,12
arg_dtype,12
coerce_numeric,12
unique_share,12
allow_object,12
_with_infer,12
cgutils,12
fe_type,12
array_obj,12
compensation_remove,12
nobs_arr,12
consecutive_counts,12
freq_offset,12
is_dictionary,12
_is_dtype_type,12
convert_to_nullable_dtype,12
right_dtype,12
out_data,12
pd_op,12
_hash_pandas_object,12
_datetimelike_ops,12
_dtype_docstring,12
_maybe_mask_result,12
res_i8,12
IntervalSide,12
lbase,12
na_tuple,12
tz_localize_to_utc,12
dense_index,12
from_spmatrix,12
sparse_values,12
_null_fill_value,12
temps,12
node_name,12
seen_names,12
get_buffers,12
PandasColumn,12
_get_engine_target,12
_validate_names,12
Watermelon,12
_searchsorted_monotonic,12
join_idx,12
_concat,12
start_slice,12
end_slice,12
new_rng,12
OFFSET_TO_PERIOD_FREQSTR,12
key_i8,12
level_strs,12
_format_multi,12
idx_names,12
label_values,12
level_index,12
_disabled,12
allowed_types,12
tags2,12
Locations,12
_insert_inaxis_grouper,12
reduction_kernels,12
arg3,12
owl,12
x_2,12
new_arg_name,12
homogeneous_func,12
libinternals,12
create_block_manager_from_blocks,12
COW_WARNING_GENERAL_MSG,12
new_placement,12
result_blocks,12
slice_or_indexer,12
ccalendar,12
_maybe_add_count,12
UnsupportedFunctionCall,12
_parse_local_version,12
twelve,12
testit,12
test_where,12
check_fun,12
allow_complex,12
allow_date,12
s_values,12
res_first,12
res_last,12
s_duplicated,12
UnsafeLoader,12
df2_orig,12
df1_orig,12
test_transpose,12
switching,12
compare_op,12
result5,12
node_id,12
exp_col2,12
Branch,12
left_multi,12
right_multi,12
right_names,12
expected_mi,12
test_format,12
NOV,12
ival_T,12
PY310,12
skip_ubsan,12
NPY_FR_ns,12
spring,12
T13,12
ts_str,12
dtval,12
exp_warning,12
delta_1s,12
delta_500ms,12
psycopg2,12
ts_strings,12
expected_val,12
MockNumpyLikeArray,12
MockFile,12
check_scipy,12
abctype2,12
res_type,12
empty_series,12
test_setitem,12
asobj,12
S20,12
easts,12
arr3,12
test_diff,12
view2,12
_check_setitem_invalid,12
_invalid_scalars,12
apply_index,12
liboffsets,12
norm_expected,12
scaling_factor,12
cmp2,12
index_types,12
data3,12
col_ser,12
scen,12
myid,12
ilevel_1,12
df_object,12
df1a_bool,12
fcopy,12
routine1,12
foo_index,12
bar_index,12
fvals,12
original_dict,12
decompress_file,12
shifted2,12
mix_ab,12
cat_series,12
bool_value,12
trange,12
res_val,12
check_indexing_smoketest_or_raises,12
index_vals,12
aabb,12
assert_contains_all,12
same_values,12
empty_idx,12
make_range,12
noidx_res,12
diff1,12
expected_range,12
expected_0,12
_check_rng,12
barr,12
dupe_val,12
backfill_indexer,12
pad_indexer,12
multi_idx,12
has_multi_index,12
ignorecase,12
bres,12
b_mean,12
PRICE,12
vc_sort,12
expected_log,12
sorted_list,12
CoercionTest,12
invalid_scalar,12
check_reduce,12
TIMEDELTA_PYARROW_DTYPES,12
divmod_exc,12
halflife_with_times,12
unzip,12
pairwise_target_frame,12
blackman,12
dt_nat,12
cov_x_y,12
get_xaxis,12
is_platform_linux,12
dummy_backend,12
has_xerr,12
has_yerr,12
expected_w,12
make_axes_locatable,12
rgba_colors,12
empty_series_dti,12
grouplist,12
normal_df,12
xml_file,12
writer_kwargs,12
round_trip_pathlib,12
tfoot,12
adbc_driver_manager,12
all_connectable_iris,12
SQLTable,12
index_info,12
INNER,12
FileSystem,12
MISSING_VALUES,12
df_tz,12
unicode_values,12
rexpected,12
assert_class_equal,12
format_func,12
endfirsthead,12
texttt,12
_GenericArrayFormatter,12
long_repr,12
fgColor,12
css_converter,12
styler1,12
styler3,12
itshape,12
set_caption,12
styler_multi,12
set_sticky,12
maybe_convert_css_to_tuples,12
non_reducing_slice,12
dfjson,12
count_mass,12
sum_mass,12
mean_mass,12
malename,12
femalename,12
XSL,12
test_ix,12
csv_data,12
include_columns,12
line_length,12
apply_axis,12
_check_isinstance,12
aarch64,12
silverman,12
vmin_orig,12
maj,12
major_idx,12
time_delta,12
fmtlist,12
nvar,12
pd_sql,12
is_potential_multi_index,12
dedup_names,12
pstr,12
infer_axes,12
IndexCol,12
data_index,12
CSSStyles,12
subset_args,12
hidden_columns,12
curr_width,12
visible_col_count,12
fmt_index,12
alldata,12
table_width,12
this_columns,12
fallback_reason,12
converted_row,12
asheetname,12
pvalue,12
_g_sig_digits,12
cmap_doc,12
norm_doc,12
vmin_vmax_doc,12
get_family,12
_to_unmasked_float_array,12
intersects,12
tool_cls,12
tool_obj,12
cos_t2,12
sin_t2,12
cmx,12
silent_list,12
_str_lower_equal,12
jax,12
tensorflow,12
get_epoch,12
_reset_epoch_test_example,12
stix,12
norm_prop,12
mpl2005,12
trackball,12
scatterpoints,12
ttflist,12
OTTO,12
_unscaled_dash_pattern,12
Shadow,12
set_angle,12
_make_verts,12
ddx,12
arrow_path,12
mutation_aspect,12
HandlerBase,12
set_clip_box,12
set_drawstyle,12
subspace,12
set_offset,12
supports_blit,12
_path_effects,12
effect_class,12
glyph_idx,12
get_kerning,12
NO_HINTING,12
_get_view,12
SymmetricalLogLocator,12
LogFormatterSciNotation,12
get_minpos,12
get_tick_space,12
offsetStr,12
one_half,12
navigation,12
_abbr,12
UnderlineThickness,12
init_pos,12
_set_view_from_bbox,12
Norm,12
MathTextParser,12
ship,12
SHRINK_FACTOR,12
glue_order,12
new_children,12
binom,12
genfrac,12
drawon,12
hovercolor,12
CheckButtons,12
actives,12
get_offset_transform,12
xmid,12
ymid,12
use_data_coordinates,12
_cm_set,12
_snap,12
minspany,12
subplot_list,12
margin_left,12
Figures,12
_hspace,12
_wspace,12
fixed_dpi,12
set_default_locators_and_formatters,12
imin,12
Nlev,12
_cancel_action,12
dvipng,12
psfrag,12
rasterization,12
ArtistInspector,12
FillBetweenPolyCollection,12
ErrorbarContainer,12
StemContainer,12
yrange,12
marginals,12
rowColours,12
colColours,12
meters,12
endx,12
mlegend,12
set_ha,12
projection_class,12
figure_box,12
bx2,12
transform_path_affine,12
CompositeGenericTransform,12
boxin,12
_edge_is_mapped,12
set_paths,12
set_sizes,12
_labelrotation,12
bboxes2,12
NonUniformImage,12
pil_png,12
_half_fill,12
path_id,12
MixedModeRenderer,12
ZOOM,12
start_y,12
_rgba_under,12
_rgba_over,12
_rgba_outside,12
base_norm_cls,12
hsv_min_val,12
hsv_max_val,12
hsv_min_sat,12
hsv_max_sat,12
add_cell,12
inkscape,12
sankey,12
label_location,12
are_inputs,12
psfont,12
_chars,12
_update_buttons_checked,12
pack_start,12
_backend_gtk,12
FigureCanvasGTK4,12
new_bounds,12
_event_loop,12
FigureCanvasGTK3,12
TSIV,12
__tags,12
hatch_style,12
clip_attrs,12
ModDate,12
source_date_epoch,12
endStream,12
distros,12
get_charmap,12
send_event,12
e_type,12
ps_cmd,12
is_eps,12
TriContourSet,12
get_trifinder,12
compressed_triangles,12
_transpose_vectorized,12
_scalar_vectorized,12
poles,12
trs,12
last_td,12
set_thetalim,12
_get_cache_path,12
option_spec,12
source_file_name,12
some_plots,12
SomeClass,12
y1s,12
_run_helper,12
set_zlim3d,12
masked_less,12
im_rgb,12
mpltest,12
funcy,12
indexToLocFormat,12
achVendID,12
set_adjustable,12
r180,12
t1f,12
ppos,12
axs_test,12
get_next_color_func,12
regenerating,12
_left_title,12
rect1,12
bbaxis,12
bbax,12
bbtb,12
quantity_converter,12
event_args,12
axis_test,12
old_v,12
check_continuity,12
xs0,12
swapped_dt,12
cim,12
x_ranges,12
n_basesample,12
subfigsnest,12
labels_list,12
success_count,12
do_plot,12
host_subplot,12
dep_axis,12
downsampled,12
pad_points,12
Halstead,12
DIRNAME,12
SUPPORTS_IPYNB,12
Statements,12
separate_points,12
list_of_offsets,12
WinTerm,12
SetConsoleMode,12
ENABLE_VIRTUAL_TERMINAL_PROCESSING,12
stream_id,12
is_a_tty,12
mockWin32,12
mockAttr,12
EXPLICIT_NEST,12
key_parent,12
inner_cont,12
minute_str,12
micros_str,12
prepared_tag,12
represent_scalar,12
scan_line_break,12
current_index,12
block_node,12
current_event,12
cov_fail_under,12
_format_block,12
metadata_name,12
get_wheel_distribution,12
SelectionPreferences,12
installed_dist,12
tempdir_kinds,12
BuildTracker,12
BuildEnvironment,12
wheel_dir,12
SearchScope,12
FoundCandidates,12
body_file,12
metadata_contents,12
local_only,12
distlib,12
get_major_minor_version,12
index_opts,12
selection_opts,12
_ProcessedDists,12
develop,12
COMP_WORDS,12
subprocess_logger,12
on_returncode,12
get_requires_for_build_sdist,12
manylinux2014,12
level_number,12
IS_PYOPENSSL,12
line_source,12
should_reinstall,12
scheme_name,12
BaseReporter,12
versions_found,12
PackageIndex,12
repo_root,12
req_to_add,12
Constrain,12
raise_on_redirect,12
ConnectTimeoutError,12
VERSION_TUPLE,12
COMMIT_ID,12
proxy_is_verified,12
extra_kw,12
SocketTimeout,12
to_str,12
SSLTransport,12
_DT,12
dispose_func,12
maybe_constructable,12
allowed_methods,12
_states,12
os_release_attr,12
lsb_release_attr,12
include_lsb,12
os_release_file,12
include_uname,12
include_oslevel,12
OSStatus,12
CFStringRef,12
CacheController,12
freshness_lifetime,12
cacheable_methods,12
LSB,12
compactness,12
_get_as,12
_get_required_as,12
target_item_type,12
PylockSelectError,12
attestation_identities,12
default_groups,12
_MuslVersion,12
sys_musl,12
LEFT_PARENTHESIS,12
parsed_specifiers,12
platform_python_implementation,12
post1,12
len_release,12
pre_rank,12
current_glibc,12
glibc_minor,12
glibc_max,12
UnsortedTagsError,12
InvalidName,12
strip_trailing_zero,12
build_match,12
InvalidMarker,12
_format_marker,12
environment_key,12
_BoundaryKind,12
_NEG_INF,12
Intersect,12
_public_version,12
_canonical_spec,12
operator_callable,12
spec_str,12
found_final,12
op_fn,12
INTERPRETER_SHORT_NAMES,12
_mac_binary_formats,12
next_token,12
_MetadataVersion,12
agpl,12
AGPL,12
cecill,12
CECILL,12
ohl,12
OHL,12
ofl,12
get_win_folder,12
user_state_dir,12
Pictures,12
get_provider,12
package_or_requirement,12
_nodes,12
proxy_manager,12
get_bool_opt,12
shebang_matches,12
version_added,12
insertions,12
Bazel,12
tdqs,12
tsqs,12
dqs,12
sqs,12
uUbB,12
array_str,12
dsls,12
c_like,12
dylan,12
myghty,12
update_width,12
bright_red,12
_cell_len,12
show_cursor,12
_padding,12
close_brace,12
hide_cursor,12
get_truecolor,12
CONSOLE_CURSOR_INFO,12
cursor_info,12
VerticalAlignMethod,12
highlight_lines,12
thirty,12
iter_codes,12
minimum_size,12
total_ratio,12
show_lines,12
ImageGrid,12
_colorbar_pad,12
_axislines,12
vecr,12
get_zbound,12
maxmin,12
edgep2,12
persp,12
get_xlim3d,12
get_ylim3d,12
get_zlim3d,12
r32,12
axislines,12
axisline_style,12
_external_pad,12
_axis_artist_helper,12
yy1,12
transform_xy,12
program_name,12
GLOBAL_ARGS,12
DebugControl,12
_coverage_plugin_name,12
include_namespace_packages,12
arcs_executed_set,12
n_partial_branches,12
SqliteDb,12
current_module,12
try_filename,12
human_sorted_items,12
arc_data,12
branch_trails,12
_wrapped,12
cur_file_data,12
index_pages,12
FileInfo,12
_hasher,12
mapped_path,12
missing_cause_msg,12
handler_start,12
allowed_alias_tvars,12
fail_func,12
record_incomplete_ref,12
deferral,12
lookup_fully_qualified_or_none,12
from_star_syntax,12
named_type_func,12
var_def,12
win32pdh,12
visit_paramspec_expr,12
visit_type_var_tuple_expr,12
visit_del_stmt,12
visit_global_decl,12
visit_nonlocal_decl,12
visit_operator_assignment_stmt,12
visit_assert_stmt,12
visit_raise_stmt,12
visit_try_stmt,12
visit_type_alias_stmt,12
ATTR_DEFINED,12
use_stdout,12
module_with_blocker,12
report_internal_error,12
reprocessing,12
is_var_arg,12
IMPLICITLY_ABSTRACT,12
original_first_arg,12
final_set_in_init,12
is_alias_def,12
read_type_list,12
rechecked,12
node_fixer,12
best_matches,12
require_bool_literal_argument,12
TPDICT_NAMES,12
correct_relative_import,12
found_incomplete_ref,12
non_overload_indexes,12
disallow_any_unimported,12
var_type,12
original_ctx,12
poly_tvars,12
bound_tvars,12
polymorphic,12
formal_name,12
FormatStringExpr,12
checker_state,12
for_function,12
error_codes,12
typestate,12
inner_unpacked_type,12
right_arg,12
use_cache,12
infer_method_ret_type,12
record_name,12
is_evaluated,12
typelist,12
list_str,12
default_attr_type,12
attr_type,12
is_overlapping_none,12
stdlib_py_versions,12
set_strict_flags,12
read_expression_list,12
last_if_unknown_truth_value,12
if_overload_name,12
find_changed,12
changed_paths,12
suppressed_set,12
include_span,12
include_kind,12
include_object_attrs,12
union_attrs,12
star_position,12
trim_source_line,12
id_map,12
ignore_declared_variance,12
keep_erased_types,12
left_prefix,12
left_suffix,12
right_prefix,12
right_suffix,12
iter_type,12
check_args_covariantly,12
is_literal_type_like,12
try_getting_str_literals,12
deferred_nodes,12
per_line_checking_time_ns,12
break_frame,12
push_type_map,12
forward_base,12
forward_item,12
base_attr,12
store_type,12
declared_type,12
reinferred_rvalue_type,12
argt,12
named_subject,12
no_map,12
proposed_type_ranges,12
is_callee,12
remove_misplaced_type_comments,12
arg_,12
mypy_options,12
union_items,12
callee_arg_types,12
type_context_items,12
item_idx,12
original_declared,12
IPCClient,12
proper_ti,12
fg_deps_meta,12
scc_queue,12
check_blockers,12
needs_parse,12
all_deps,12
toml_data,12
seeker,12
can_strip,12
BranchState,12
skip_branch,12
current_info,12
snapshot_symbol_table,12
SymbolSnapshot,12
blocking_error,12
read_write_attr,12
__mangle_bad,12
assert_erase,12
flag_list,12
ns_pkg_w_stubs,12
old_msgs,12
sym_node,12
comparison_methods,12
actual_arg_kinds,12
__exceptions,12
dir_rel,12
dir_real,12
_TestBackendFactoryHint,12
regex_set,12
regex_data,12
_byhour,12
exlist,12
BRST,12
dt_wall,12
tar_member_obj,12
_parse_list,12
dst_dir,12
install_needed,12
egg_tmp,12
_ParseResultsWithOffset,12
strg,12
escChar,12
wordChars,12
maxExcLoc,12
_zero,12
defaultVerticalOrigin,12
buildStatTable,12
NamedInstance,12
getItemAndSelector,12
remove_unused_subroutines,12
last_args,12
UPEM,12
privateDictOperators2,12
desubroutinized,12
callingStack,12
BlueValues,12
private_dict,12
lastOffset,12
readCard16,12
numMasters,12
font_number_a,12
font_number_b,12
left_ttxpath,12
right_ttxpath,12
IntValue,12
unbuild,12
colorGlyphsV0,12
colorGlyphsV1,12
STATNameStatement,12
MultipleSubst,12
MarkFilteringSet,12
subtablename,12
Mark1Array,12
SingleSubst,12
BaseCoverage,12
MarkAnchor,12
Class1Count,12
pvr,12
AttachPoint,12
AxisValueRecord,12
x00010001,12
GlyphAssembly,12
logging_group,12
onlyExisting,12
getTableModule,12
cmapTable,12
LangSysCount,12
ScriptCount,12
_relaxedSetattr,12
BGroup,12
lookupKerningValue,12
parentFS,12
invalidFormatMessage,12
DirectoryExpected,12
VarIdx,12
conditionTable,12
tableOrder,12
tagToIdentifier,12
sfntEntry,12
fromString,12
glyphStream,12
flagOverlapSimple,12
BitmapGlyph,12
sharedTuples,12
TSI,12
vtt,12
tsi,12
namerecord,12
num2binary,12
argn,12
imageSize,12
writeULong,12
CountReference,12
varAttrs,12
subReader,12
SubfamilyID,12
PosCount,12
SubstFormat,12
AlternateSet,12
LigatureSet,12
SubstCount,12
HorizAxis,12
VertAxis,12
JstfPriority,12
byteIndex,12
numBitsCut,12
read_item,12
TextDirection,12
covFlags,12
wordCount,12
Verb,12
oldCount,12
scriptTags,12
adv,12
OVERLAP_COMPOUND,12
Cherokee,12
hasLineart,12
numRatios,12
_anchors,12
script_tags,12
parse_coverage_,12
elevated_quadratics,12
best_sol,12
makeGlyphs,12
_lookupMap,12
userDefault,12
expandLocations,12
localisedStyleMapFamilyName,12
localisedStyleMapStyleName,12
parentElement,12
infoElement,12
xValue,12
newConditions,12
bcp1,12
bcp2,12
r19,12
r44,12
r46,12
begun,12
meanX,12
meanY,12
varianceY,12
wdth_sum,12
current_pts,12
languagesystem,12
markGlyphs,12
ligatureGlyphs,12
componentGlyphs,12
chainContexts,12
remap_device_varidxes,12
D00,12
EFF,12
F00,12
Goth,12
Gara,12
Gonm,12
Tibt,12
theta_arc,12
chaos,12
pos_glyphs,12
arraytype,12
nodeIndex,12
dxa,12
dya,12
_tounicode,12
dst_fs,12
PlistEncodable,12
varDataIdx,12
fvar_axes,12
title_font_size,12
problem_types,12
font_extents,12
first_pt,12
base_idx,12
_merge_GlyphOrders,12
best_cost,12
varIndexMapping,12
toCoord,12
axisRange,12
FPU,12
random_string_list,12
BLAS,12
uintc,12
ushort,12
output_mypy,12
nanstr,12
infstr,12
nd1,12
_localdict,12
clump_masked,12
normalize_axis_tuple,12
fillx,12
dom_mask,12
nrec,12
a2dma,12
atest,12
mxx,12
msubarray,12
arr_0d,12
T04,12
float_to_float,12
float_to_str,12
input_left,12
input_right,12
path_print,12
fld_dtype,12
copy_if_overlap,12
it2,12
__array_struct__,12
wh_full,12
x87Rq,12
np0,12
np1,12
arr_random,12
int_func,12
reprA,12
mean_out,12
var_old,12
MyNDArray,12
orig_arr,12
type_code,12
_return_not_implemented,12
dispatched_one_arg,12
data_round,12
ucs4_value,12
CreateValues,12
arg_tup,12
dtype_with_empty_space,12
vdt,12
test_deprecated,12
fsci32,12
cnt0_b,12
arr_cp,12
nani,12
carg,12
new_s,12
_assert_equal_hash,12
ArrayWrap,12
inner1d,12
dtype0,12
mul_ufunc,12
act1,12
act2,12
act3,12
check_internal_overlap,12
oarr,12
bool_errors,12
iter_iterindices,12
loop_dtype,12
in_dtype,12
irfft2,12
assert_string_equal,12
Tim,11
addressed,11
descend,11
offending,11
Inspired,11
ps2,11
dealt,11
iter_modules,11
Finder,11
rooted,11
rough,11
recognised,11
warn_explicit,11
msg_lines,11
clever,11
result_drive,11
old_path,11
Links,11
growing,11
unpickler,11
advancing,11
SETITEM,11
value_1,11
ought,11
find_class,11
pickle_file,11
get_annotations,11
isdatadescriptor,11
tb_lineno,11
getmro,11
all_bases,11
unwrapping,11
findsource,11
Invalidate,11
descendants,11
getargspec,11
unbind,11
_POSITIONAL_OR_KEYWORD,11
__closure__,11
getattr_static,11
VAR_KEYWORD,11
keyword_only,11
extracts,11
Logic,11
inspecting,11
allocate_lock,11
O_EXCL,11
namer,11
IsADirectoryError,11
Upon,11
collect_incoming_data,11
HELP,11
RCPT,11
expectations,11
dig,11
DefaultContext,11
Numerical,11
compare_signal,11
eng,11
expdiff,11
Guard,11
is_infinite,11
_NegativeOne,11
copy_sign,11
is_finite,11
logarithm,11
new_self,11
NoSectionError,11
elements_added,11
encodings_map,11
pfx,11
tif,11
gtype,11
_check_can_read,11
seeking,11
decompressor,11
_mswindows,11
start_new_session,11
pass_fds,11
brief,11
GetStdHandle,11
execve,11
busy,11
stdio,11
Terminate,11
Kill,11
Metaclass,11
data_types,11
absolute_import,11
Coerce,11
perfect,11
Despite,11
squares,11
gauss,11
Multiply,11
allow_interspersed_args,11
truncates,11
ProxyType,11
Entries,11
asynchronously,11
getpwuid,11
digests,11
digest_size,11
repr1,11
repr_str,11
Codes,11
setnchannels,11
setsampwidth,11
setframerate,11
setnframes,11
utcnow,11
Sentinel,11
chunkname,11
Jack,11
IIS,11
shipped,11
Though,11
_unpack_uint16,11
mktime,11
ispackage,11
cp437,11
u2261,11
Imported,11
Interpret,11
WILL,11
telnet,11
transmission,11
PAD,11
CHARSET,11
PRAGMA,11
cooked,11
rawq,11
iacseq,11
untouched,11
Pseudo,11
bigendian,11
gzipped,11
Minimal,11
Shouldn,11
Seek,11
simulated,11
DONT_ACCEPT_BLANKLINE,11
save_stdout,11
test_path,11
get_doctest,11
gettrace,11
summing,11
raise_on_error,11
Trim,11
Spacing,11
__iand__,11
__ipow__,11
__ixor__,11
LZMA,11
LZMAError,11
integrity,11
SupportsFloat,11
TIMEOUT,11
_paramspec_tvars,11
_SpecialGenericAlias,11
AbstractAsyncContextManager,11
Unsigned,11
pickleable,11
getsockopt,11
Filters,11
REMAINDER,11
secret,11
LANG,11
eucJP,11
iso8859_6,11
iso8859_7,11
Thanks,11
bg_BG,11
az_AZ,11
euc,11
gbk,11
German,11
x0410,11
execfile,11
optarg,11
datetime_date,11
tzset,11
iso_year,11
mappingproxy,11
_from_iterable,11
associating,11
sre,11
BRANCH,11
CATEGORY,11
SUBPATTERN,11
_ready_nodes,11
pictures,11
translations,11
simpledialog,11
register_shape,11
toolkit,11
news,11
find_all,11
drawings,11
redrawn,11
picname,11
_resizemode,11
t11,11
a22,11
stampid,11
_screen,11
EXE,11
heapreplace,11
decreases,11
freed,11
story,11
NAMES,11
catches,11
fullbcount,11
viewed,11
pthread_sigmask,11
whichdb,11
ContentTooShortError,11
UnboundLocalError,11
MOVE,11
envelope,11
unselect,11
secs,11
b2a_base64,11
binhex,11
Notify,11
_put,11
read_lines,11
threadsafe,11
acos,11
Computer,11
Circular,11
shut,11
_io_refs,11
laddr,11
o7777,11
spent,11
setprofile,11
omitting,11
Traverse,11
finalbody,11
possible_quotes,11
overflowing,11
PycInvalidationMode,11
fPIC,11
prototypes,11
MACOSX_DEPLOYMENT_TARGET,11
group_pattern,11
u0342,11
bidirectional,11
Instruction,11
_Instruction,11
starts_line,11
_add_action,11
alternately,11
max_denominator,11
coprime,11
aix_platform,11
mbox,11
MHMessage,11
Records,11
add_sequence,11
message_from_string,11
lchmod,11
certainly,11
visiting,11
P_NOWAIT,11
Web,11
Greg,11
Others,11
winver,11
SunOS,11
num_fields,11
BOM_UTF16_LE,11
_scalars,11
TextWrapper,11
PREFIXES,11
makepath,11
_user,11
real_prefix,11
jython,11
universally,11
time_low,11
time_mid,11
time_hi_version,11
clock_seq,11
Virtual,11
launch,11
Certain,11
testrepr,11
helvetica,11
NUMBERS,11
EXPRESSIONS,11
monitor,11
kev,11
_abc_negative_cache,11
TCPServer,11
process_request,11
shutdown_request,11
main_thread,11
Acquire,11
Their,11
snippets,11
baseclass,11
get_config_h_filename,11
posix_home,11
Ascii85,11
stoplineno,11
collapsing,11
bump,11
untested,11
DIGITS,11
condname,11
SUPPRESS_HELP,11
Mainly,11
dispatched,11
begidx,11
_safe_print,11
__read,11
islnk,11
Reconstruct,11
dereference,11
somebody,11
_extract_member,11
tb2,11
goo,11
new_list,11
predicates,11
orig_install,11
ip_network,11
address_equal,11
Until,11
strictness,11
initial_value,11
untokenize,11
tokenization,11
crypto,11
post_mortem,11
newvalue,11
cmdlist,11
Disabling,11
do_continue,11
noted,11
orig_filename,11
extract_version,11
Compiling,11
zippath,11
copymode,11
infd,11
tarball,11
save_cwd,11
base64mime,11
SMTPServerDisconnected,11
SMTPResponseException,11
_print_debug,11
helo,11
Catalog,11
lgettext,11
lngettext,11
_output_charset,11
FrozenImporter,11
pkgname,11
stages,11
sdk,11
_traces,11
cache_tag,11
x2310,11
GERMAN,11
u0106,11
u0107,11
u0142,11
u017b,11
u017c,11
MARBUTA,11
DAL,11
THAL,11
REH,11
ZAIN,11
TAH,11
ZAH,11
u015e,11
u015f,11
u2116,11
u02d8,11
u02db,11
APPLE,11
cp932,11
BACK,11
utf_8_decode,11
item_separator,11
Notation,11
simplejson,11
exotic,11
utcoffsets,11
offset_0,11
offset_1,11
dst_diff,11
dst_offset,11
tzpaths,11
target_list,11
expression_list,11
Await,11
and_expr,11
singletons,11
Hint,11
Remaining,11
improperly,11
delegates,11
behaving,11
MySubclass,11
Dictionaries,11
shortcuts,11
policies,11
Upgrade,11
_mock_new_parent,11
currentClass,11
doClassCleanups,11
_testMethodName,11
assertIs,11
test_method,11
test_file,11
textual,11
endheaders,11
BadStatusLine,11
_tunnel_port,11
tunnel,11
Making,11
post_handshake_auth,11
DAYS,11
BNF,11
allowed_domains,11
reality,11
permissible,11
CookieError,11
Morsel,11
CONFIG_H_OK,11
spawning,11
out_string,11
new_suffix,11
remove_duplicates,11
define_macro,11
undefine_macro,11
set_include_dirs,11
set_library_dirs,11
SHARED_LIBRARY,11
Chop,11
DEFAULT_REALM,11
oops,11
sink,11
lib64,11
underneath,11
Basically,11
get_command_name,11
influences,11
skip_msg,11
clobber,11
add_password,11
declares,11
globbed,11
pre_install_script,11
nope,11
currentTime,11
newRolloverAt,11
retried,11
with_pip,11
upgrade_deps,11
bin_path,11
sudo,11
powershell,11
unquote_to_bytes,11
sip,11
_splitport,11
proxy_bypass,11
retrlen,11
ftpcache,11
realhost,11
robots,11
default_entry,11
useragent,11
DOCUMENT_NODE,11
getDOMImplementation,11
documentElement,11
acceptNode,11
notationName,11
firstEvent,11
startElement,11
NamedNodeMap,11
Ordering,11
addindent,11
SAXNotSupportedException,11
easiest,11
swap_attr,11
new_cwd,11
SHORT_TIMEOUT,11
test_os,11
pars,11
urllib_request,11
_stopped,11
unraisablehook,11
environment_changed,11
Phi,11
create_unicode_buffer,11
hostnames,11
script_filename,11
idle,11
object_to_patch,11
ResponseError,11
extra_kwargs,11
register_function,11
allow_dotted_names,11
omega,11
agrave,11
para,11
feet,11
rfloor,11
unprocessed,11
siz,11
url_scheme,11
rc1,11
hkey,11
namespace_path,11
_find_spec,11
str_path,11
cand,11
DistributionFinder,11
header_encode,11
all_mailboxes,11
obs_route,11
cte_header,11
wsp,11
want_encoding,11
encoded_value,11
continuation_ws,11
last_chunk,11
raw_data_manager,11
cte_type,11
From_,11
is_multipart,11
handle_defect,11
multibyte,11
_minor,11
atomends,11
SHORTEST,11
provisional,11
storable,11
parent_r,11
size_or_initializer,11
synchronized,11
_actual_context,11
c_short,11
c_double,11
recv_bytes,11
acknowledgement,11
Family,11
object_list,11
_rlock,11
_wlock,11
unserialize,11
decrease,11
_lengths,11
allocating,11
_chunksize,11
subpackage,11
debug_info,11
proxytype,11
Analogue,11
BasePattern,11
should_skip,11
old_text,11
nobackups,11
import_from,11
is_list,11
in_special_context,11
kid,11
TYPE_ANY,11
automaton,11
import_mod,11
cleaner,11
__metaclass__,11
Generating,11
extant,11
addarc,11
c_wchar_p,11
HDC,11
_get_running_loop,11
pause_reading,11
call_later,11
get_extra_info,11
log_lines,11
coro_name,11
_repr_running,11
REPL,11
_remove_writer,11
_get_event_loop,11
as_completed,11
_repr_info,11
_finalize,11
flake8,11
_returncode,11
_shutdown_lock,11
shutdown_lock,11
call_queue,11
_executor_manager_thread,11
Assertion,11
get_original_bases,11
_ExtensionsSpecialForm,11
paramspec,11
Movie,11
typechecker,11
KwArg,11
_distutils,11
BoundingBox,11
load_seek,11
i32be,11
Rows,11
procset,11
SIGNED_RATIONAL,11
MODES,11
half_token,11
dest_length,11
_FLAGS,11
StubHandler,11
StubImageFile,11
pil,11
delimiter_or_ws,11
progression,11
DCT,11
getbbox,11
Falling,11
rgb_mid,11
cropping,11
in_place,11
ImageTk,11
remaining_in_box,11
ftyp,11
rms,11
ifd_offset,11
err_code,11
paper,11
args_list,11
supplied_tags,11
atts,11
size_1d,11
BBox,11
HAMMING,11
point_transform,11
setup_module,11
alphacode,11
bbox_line,11
frame_transparency,11
animations,11
_frame_palette,11
expanded_im,11
PERCEPTUAL,11
output_mode,11
inMode,11
outMode,11
imagetype,11
Independence,11
handle_int,11
wheat,11
greyscale,11
PngInfo,11
IDAT,11
x2e,11
pytest_cmdline_main,11
pytest_exception_interact,11
pytest_collection_modifyitems,11
pytest_deselected,11
testscollected,11
pytest_runtest_makereport,11
pytest_runtest_call,11
PytestDeprecationWarning,11
OutcomeException,11
TracebackStyle,11
overly,11
getrepr,11
CollectError,11
Pytest,11
lsof,11
workerinput,11
setups,11
initialnames,11
create_terminal_writer,11
declare_namespace,11
test_function,11
_HiddenParam,11
_calls,11
_get_first_non_fixture_func,11
_call_with_optional_argument,11
onexc,11
parent_module_path,11
TResult,11
LogCaptureHandler,11
get_option_ini,11
MultiCapture,11
Higher,11
_numcollected,11
currentfspath,11
available_width,11
_get_reports_to_display,11
plugininfo,11
some_function,11
oldval,11
_namespace_packages,11
bash,11
_pluginmanager,11
makepyfile,11
expect_timeout,11
match_func,11
ReprEntry,11
override_ini,11
item_indent,11
get_terminal_width,11
east_asian_width,11
astnode,11
ConfigValue,11
force_tuple,11
explanations,11
left_value,11
axis_1,11
np_nat_fixture,11
index_with_missing,11
rand_series_with_duplicate_datetimeindex,11
compare_operators_no_eq_ne,11
all_numeric_accumulations,11
any_int_dtype,11
ALL_REAL_NUMPY_DTYPES,11
dia,11
indexer_si,11
pyarrow_numpy,11
reportUnusedImport,11
piecewise_polynomial,11
many_to_many,11
lreshape,11
Aggregate,11
col_func,11
_accessors,11
external_values,11
Caching,11
verify_is_copy,11
Unsorted,11
baabc,11
hippo,11
_is_view_after_cow_rules,11
Positions,11
Levels,11
Helsinki,11
lmask,11
Kolkata,11
nanany,11
nanall,11
replace_list,11
i8max,11
Int64HashTable,11
get_group_index_sorter,11
sorted_labels,11
reverse_indexer,11
nanargmax,11
Mutating,11
other_axes,11
scratch,11
to_xarray,11
kw_name,11
Tolerance,11
_reindex_with_indexers,11
reproducibility,11
info_axis,11
cat_dtype,11
aligning,11
_is_all_dates,11
nanprod,11
_inplace_method,11
infs,11
PandasDataFrameXchg,11
panda,11
reauth,11
StataWriterUTF8,11
transposing,11
Dogs,11
Pivot,11
mixture,11
invertible,11
yearly,11
_takeable,11
_setitem_single_column,11
value_col,11
np_find_common_type,11
_ensure_data,11
deprecate_option,11
Plotting,11
deregister_matplotlib_converters,11
factorize_from_iterable,11
concat_index,11
lens,11
removed_level,11
_drop_level_numbers,11
col1_a,11
col1_b,11
cat_data,11
right_unique,11
newdf,11
right_closed,11
negligible,11
convert_listlike,11
dt64_values,11
namety,11
na_positions,11
prev_vals,11
ABCCategoricalIndex,11
ExtensionType,11
to_pandas_dtype,11
checknull,11
dtype_type,11
klasses,11
Ops,11
_from_factorized,11
set_closed,11
left_arr,11
right_arr,11
rbase,11
dtz,11
na_code,11
masked_arrays,11
res_codes,11
sort_indices,11
_sparse_values,11
sp_indexer,11
arrow_array,11
n_cols,11
date32,11
time64,11
ENGINES,11
add_tmp,11
scope_level,11
PandasBuffer,11
resulted,11
_allow_copy,11
__dlpack_device__,11
DatetimeIndexOpsMixin,11
_mpl_repr,11
beforehand,11
_convert_can_do_setop,11
_union,11
artifact,11
_intersection,11
the_diff,11
tic,11
fixed_width,11
start_s,11
start_o,11
parsable,11
na_idx,11
Monkey,11
ismethods,11
quantities,11
Concatenation,11
libops,11
_default_hash_key,11
empty_groups,11
_reindex_output,11
other_ax,11
subframe,11
ExpandingGroupby,11
ExponentialMovingWindowGroupby,11
RollingGroupby,11
_deprecate_axis,11
_ascending_count,11
groupby_object,11
_com,11
weighted_avg,11
numba_args,11
func_kwargs,11
ymask,11
op_desc,11
_op_descriptions,11
_common_examples_algebra_SERIES,11
left_ea,11
right_ea,11
is_array,11
_downcast,11
EABackedBlock,11
nItems,11
blkno_l,11
axes_array,11
missing_arr,11
days_of_week,11
USMemorialDay,11
USThanksgivingDay,11
methodtype,11
DatabaseError,11
_frame2,11
PCG64,11
arr_int,11
arr_str,11
allow_obj,11
dt_index,11
arr_b,11
assert_cannot_add,11
zero_array,11
test_timedelta,11
resultb,11
box2,11
_vars,11
exp_col1,11
aggs,11
sales,11
col6,11
nparr,11
B_b,11
Madrid,11
df2_vals,11
left_empty,11
by_col,11
lu0197800237,11
df_b,11
abcabc,11
ndframe,11
h1D,11
ival_S,11
SubDatetime,11
_as_pd_timedelta,11
dt_time,11
naive_val,11
large_val,11
transform_assert_equal,11
test_invalid_dtype_backend,11
notna_f,11
kind1,11
test_object,11
abctype,11
TestWhere,11
nparray,11
res_rev,11
exp_cat,11
test_astype_str,11
testseries,11
_global_config,11
_get_current_locale,11
before_locale,11
lomq_sep_sat_4,11
_SUNDAY,11
dfi,11
orig_df,11
simple_frame,11
sdf,11
bool_data,11
df_int,11
cat_idx,11
lb_mask,11
ub_mask,11
NegInfinity,11
r_idx_nlevels,11
dtobj,11
date_range_frame,11
xax,11
df_parent,11
axes_list,11
col_arr,11
freq_sample,11
test_sort,11
test_repeat,11
TestGetIndexer,11
expected_sorted,11
T17,11
expected_rng,11
mixed_index,11
first_type,11
second_type,11
df_swap,11
a_b_c,11
nom,11
series_name,11
expected_category,11
libwriters,11
max_len_string_array,11
expected_count,11
parallelized,11
expected_label,11
test_coercion,11
eastern,11
data_for_twos,11
test_arith_frame_with_scalar,11
DATETIME_PYARROW_DTYPES,11
DateDtype,11
arr_nc,11
group_1,11
pairwise_other_frame,11
hamming,11
kaiser,11
_grouped_hist,11
rs1,11
ts_irregular,11
_common_kinds,11
pandas_dummy_backend,11
_check_data,11
get_minor_formatter,11
dict_colors,11
lag_plot,11
_has_externally_shared_axis,11
_index_start,11
_index_end,11
_index_factory,11
series_and_frame,11
simple_date_range_series,11
all_ts,11
mockfile,11
read_df,11
American,11
setText,11
FloatCol,11
Iris,11
DROP,11
mysql_pymysql_engine,11
table_exists,11
byte_,11
preserve_dtypes,11
objname,11
endhead,11
Continued,11
multicolumn_frame,11
term_width,11
_Timedelta64Formatter,11
CssExcelCell,11
patternType,11
f1f1f1,11
lrrl,11
dwrap,11
majority,11
highlight_null,11
highlight_quantile,11
doctype_html,11
left_css,11
Tooltips,11
hexed,11
as_object,11
author_name,11
town,11
convert_pandas_type_to_json_field,11
XMLSyntaxError,11
xml_types,11
Sheet2,11
data_only,11
kwarg_name,11
poop,11
adjust_expected,11
data_test_ix,11
all_parsers_all_precisions,11
STR_NA_VALUES,11
Cost,11
parser_and_data,11
usecols_dtype,11
f_sqrt,11
num_cols,11
_deprecated,11
quartile,11
create_subplots,11
_post_plot_logic,11
str_index,11
_get_unit,11
nmin,11
day_start,11
minor_locator,11
coeffs,11
xml_doc,11
roles,11
TYPE_MAP,11
orig_name,11
BaseBufferT,11
compression_method,11
_get_metadata_path,11
indexables,11
b_items,11
_has_aliases,11
ctx_columns,11
hidden_rows,11
recs_new,11
dot_row,11
Widths,11
_nest_lvl,11
CSSList,11
col_lengths,11
_element,11
a_i,11
validate_integer,11
convert_options,11
encountering,11
BaseExcelReader,11
cell_type,11
config_item_map_entry,11
datestr,11
vec1,11
colorizer_doc,11
StringEnd,11
closed_only,11
elliptical,11
infty,11
cmtt10,11
perthousand,11
guillemotright,11
guillemotleft,11
dieresis,11
c2x,11
c2y,11
intersecting,11
gtk4,11
exception_handler,11
_connect_picklable,11
npy,11
get_data_path,11
_elements,11
show_progress,11
delete_masked_points,11
text_labels_and_annotations,11
datestr2num,11
MUSECONDS_PER_DAY,11
show_offset,11
demi,11
dash_joinstyle,11
composite_image,11
titley,11
azel,11
findSystemFonts,11
usWeightClass,11
size1,11
_edge_default,11
get_verts,11
Letters,11
_patch_transform,11
_baseline,11
Annulus,11
head_left,11
RegularPolyCollection,11
barlinecols,11
ndivide,11
AnchoredText,11
HPacker,11
select_matching_signature,11
AuxTransformBox,11
aux_transform,11
copy_properties,11
dxy,11
remove_callback,11
_save_count,11
from_values,11
LinearLocator,11
_useMathText,11
Type1Font,11
_locate,11
FontInfo,11
sym1,11
sym2,11
_get_glyph,11
pclt,11
vpack,11
Vera,11
ParserState,11
vbox,11
Glue,11
get_current_underline_thickness,11
rule_width,11
overset,11
underset,11
subsuper,11
get_status,11
_active_colors,11
_state_modifier_keys,11
_handle_props,11
_extents_on_press,11
erelease,11
PolygonSelector,11
Lasso,11
baby,11
greenish,11
rose,11
coolwarm,11
window_none,11
use_clabeltext,11
_as_mpl_transform,11
tlinestyles,11
xunits,11
_button_pressed,11
lastx,11
lasty,11
pngfile,11
_parent_figure,11
_sketch,11
PGF,11
retstep,11
figaspect,11
_ReplDisplayHook,11
_REPL_DISPLAYHOOK,11
newbackend,11
backend_version,11
fignum_exists,11
mollweide,11
ax_dict,11
configure_subplots,11
figtext,11
manage_ticks,11
xdate,11
semilogy,11
fill_empty,11
align_xlabels,11
axc,11
xpositions,11
posx,11
posy,11
text_bbox,11
_iter_break_from_left_to_right,11
_linestyles,11
_face_is_mapped,11
asterisks,11
update_position,11
TICKLEFT,11
_get_tick,11
remove_overlapping_locs,11
get_tick_params,11
update_units,11
_make_getset_interval,11
pilImage,11
libpng,11
StartFontMetrics,11
_iter_collection_raw_paths,11
_forced_alpha,11
delete_parameter,11
_set_device_pixel_ratio,11
get_default_filename,11
PAN,11
Pxx,11
keep_alpha,11
mask_bad,11
variates,11
vert_exag,11
ranging,11
_invalidx,11
datavalues,11
rc_params_from_file,11
scaled_flows,11
tfmname,11
FigureCanvasTk,11
DISABLED,11
Gio,11
_FigureCanvasWxBase,11
_draw_pending,11
FigureManagerWx,11
Fit,11
wx_ids,11
subsetter,11
mouseEventCoords,11
_BackendQT,11
selectfont,11
pgfsys,11
_backend_pdf_ps,11
GraphicsContextPdf,11
check_gc,11
currentstream,11
fontdictObject,11
QT_API_ENV,11
selindex,11
refi_triangulation,11
_trifinder,11
renumbering,11
LinearTriInterpolator,11
_to_matrix_vectorized,11
_roll_vectorized,11
nelems,11
rank01,11
Roll,11
_yaxis_transform,11
_GeoTransform,11
expected_backend,11
daynum,11
UnitDblConverter,11
image_node,11
other_arg,11
_Params,11
mini_me,11
suppression,11
check_segments,11
set_xlim3d,11
set_ylim3d,11
maxInstructionDefs,11
caretSlopeRise,11
caretSlopeRun,11
path2_copy,11
scale_factor,11
masked_greater,11
set_lim,11
graphs,11
press_data,11
Radio,11
large_arc,11
analyser,11
get_navigate_mode,11
spec_c,11
count_tag,11
qt_core,11
_isolated_tk_test,11
return_kwargs,11
box_left,11
Phase,11
ArtistList,11
reversal,11
Documents,11
HalsteadVisitor,11
log_result,11
_to_dicts,11
cc_to_terminal,11
LOC,11
startLineNumber,11
endLineNumber,11
remediation_points,11
contrib,11
noformat,11
beginline,11
_check_tuple_of_lists_with_same_length,11
webdriver,11
arrow_size,11
start_point_color,11
_fore,11
_back,11
SetConsoleTextAttribute,11
num_written,11
mockATW32,11
skip_comments_and_array_ws,11
key_part,11
representer,11
YAMLError,11
best_width,11
e300,11
construct_object,11
add_multi_constructor,11
remove_possible_simple_key,11
yaml_path_resolvers,11
block_content,11
tag_handles,11
dest_file,11
cov_precision,11
LCOV,11
_consume_to_next_section,11
current_func,11
NoneMetadataError,11
is_direct,11
UnsupportedPythonVersion,11
FilesystemWheel,11
package_finder,11
_link_collector,11
candidate_prefs,11
link_evaluator,11
IndexContent,11
BarType,11
bar_type,11
initial_progress,11
metadata_path,11
subprocess_runner,11
prepare_metadata_for_build_editable,11
stdlib_pkgs,11
RequirementCommand,11
commands_dict,11
extra_ok_returncodes,11
created_by,11
package_wheel,11
is_installable_dir,11
config_holder,11
i686,11
show_time,11
show_path,11
extras_requested,11
find_matches,11
get_dependencies,11
rev_display,11
completion_type,11
trust_env,11
add_task,11
_socks_options,11
num_pools,11
LocationParseError,11
header_formatter,11
Brotli,11
cache_content,11
_body,11
_normalize_host,11
conn_kw,11
ssl_sock,11
inject_into_urllib3,11
_h2_stream,11
retry_after,11
accept_encoding,11
pyodide,11
ret_length,11
js_int_buffer,11
js_xhr,11
IteratorMapping,11
_save_states,11
distro_release_attr,11
uname_attr,11
distro_release_file,11
write_json,11
wincrypt,11
chain_flags,11
cache_etags,11
max_age,11
_get_glibc_version,11
UndefinedComparison,11
_32_BIT_INTERPRETER,11
ABIs,11
artistic,11
Ruby,11
shl,11
site_runtime_dir,11
_InstallerTypeT,11
plugin_env,11
sanitized,11
npath,11
_fileop,11
path_glob,11
charset_normalizer,11
to_key_val_list,11
RequestsCookieJar,11
diagflat,11
issubsctype,11
setbufsize,11
spitfire,11
myt,11
Presentation,11
bright_cyan,11
bright_green,11
abbreviating,11
rich_repr,11
PromptType,11
DefaultType,11
show_default,11
show_choices,11
is_jupyter,11
NO_CHANGE,11
emoji_variant,11
line_height,11
next_word,11
append_span,11
Spinner,11
text_format,11
text_props,11
_defaultAxesClass,11
zoomed_inset_axes,11
label_mode,11
cbar_location,11
host_axes_class_factory,11
_xrefindex,11
juggle_axes,11
vxs,11
vys,11
proj_type,11
Strides,11
linec,11
new_fixed_axis,11
FormatterDMS,11
number_fraction,11
xzero,11
command_line,11
NoDataError,11
report_contexts,11
PYBEHAVIOR,11
PYVERSION,11
coverage_init,11
TShouldStartContextFn,11
TTraceFn,11
exclude_list,11
panopticon,11
started_context,11
line_map,11
_has_arcs,11
elineno,11
trails,11
block_stack,11
prev_starts,11
_syntax_error,11
quote_type_string,11
MYPYC_NATIVE_INT_NAMES,11
ReadOnlyType,11
TrivialSyntheticTypeTranslator,11
tvar_name,11
visit_type_list,11
visit_placeholder_type,11
analyzed_types,11
act_len,11
fail_enum_call_arg,11
InspectError,11
get_package_properties,11
visit_pass_stmt,11
visit_type_alias,11
local_ctx,11
is_error_code_enabled,11
seen_instances,11
object_from_instance,11
UNBOUND_IMPORTED,11
LITERAL_YES,11
StrConv,11
alias_deps,11
is_type_check_only,11
PARAM_SPEC_KIND,11
TYPE_VAR_TUPLE_KIND,11
is_async_generator,11
NOT_ABSTRACT,11
ARG_KINDS,11
final_unset_in_class,11
from_module_getattr,11
allow_incompatible_override,11
meta_fallback_to_any,11
is_metaclass,11
get_member_expr_fullname,11
is_kw_arg,11
is_final_node,11
typeanal,11
track_incomplete_refs,11
new_arg_types,11
has_type_var_tuple,11
metaclass_expr,11
current_symbol_table,11
ExpressionChecker,11
fastparse,11
found_vars,11
formals,11
in_degree,11
conv_spec,11
class_sigs,11
base_args,11
has_recursive_types,11
imprecise,11
neg_op,11
template_args,11
template_arg,11
right_by_name,11
expand_types,11
sig_generators,11
all_items,11
always_true,11
always_false,11
is_global_scope,11
get_function_hook,11
no_deferral,11
p_result,11
selfarg,11
always_covariant,11
FancyFormatter,11
runtime_object,11
runtime_attr,11
anytype,11
btype,11
on_file,11
on_finish,11
memory_xml,11
IPCServer,11
cache_fine_grained,11
previous_modules,11
early_non_match,11
split_words,11
json_dumps,11
IS_VAR,11
right_item,11
conditional_types,11
try_expanding_sum_type_to_union,11
inferred_attribute_types,11
continue_frame,11
extract_callable_type,11
body_is_trivial,11
node_type_from_base,11
has_any_type,11
possible_iterable_type,11
parent_expr,11
default_items,11
named_tuple_info,11
MYPYPATH,11
explicit_package_bases,11
cache_map,11
AliasPrinter,11
full_module,11
is_blacklisted_path,11
underlying_type,11
is_literal_context,11
item_arg,11
slic,11
extra_vars,11
error_group,11
IPCMessage,11
BuildSourceSet,11
options_data,11
mod_data,11
stale_modules,11
ast_cache,11
SccResponseMessage,11
rdeps,11
ancestor_for,11
load_graph,11
class_and_function_stack,11
explicit_type_params,11
LITERAL_INT,11
fgmanager,11
flex_any,11
erase_id,11
record_precise_if_checked_scope,11
next_branch,11
record_definition,11
from_lines,11
snapshot1,11
snapshot_types,11
sort_messages_preserving_file_order,11
old_cwd,11
find_test_files,11
mypy_cmdline,11
lit_str1_inst,11
var_tuple,11
make_overload,11
DataFileCollector,11
comment_match,11
make_type_var,11
_get_decorator_bool_argument,11
NOTHING,11
SomeEnum,11
TPattern,11
TStrPath,11
hyperscan_error,11
_DIR_MARK_CG,11
expr_data,11
EDGE,11
M30,11
_cache_complete,11
_byweekday,11
_bynweekday,11
timeset,11
wdaymask,11
tzids,11
tzwinlocal,11
dstabbr,11
_std_abbr,11
dston,11
has_sep,11
get_unpatched,11
setup_requires,11
_read_field_from_msg,11
edit_config,11
ScriptWriter,11
CharsNotIn,11
makeHTMLTags,11
opAssoc,11
transformString,11
__parent,11
__accumNames,11
alphaword,11
maxloc,11
bodyChars,11
_escapeRegexRangeChars,11
IntFloat,11
sTypoAscender,11
GlobalSubrsIndex,11
subTable,11
disassembleInstructions,11
bitmapGlyphDataFormat,11
skipTables,11
removeOverlaps,11
cntrmask,11
commandsToProgram,11
new_op,11
decompiler,11
OtherBlues,11
setPos,11
compilerClass,11
SimpleConverter,11
allNames,11
nTables,11
ColorLibError,11
SimpleValue,11
LayerRecordArray,11
LayerRecordCount,11
round_start,11
classSet,11
ReverseChainSingleSubst,11
AlternateSubst,11
LigatureSubst,11
XCoordinate,11
YCoordinate,11
EntryAnchor,11
ExitAnchor,11
PairSetCount,11
windowsNames,11
AxisTag,11
statTable,11
axisVal,11
class2,11
T1Error,11
sumLists,11
allKeys,11
mergeLogic,11
fontIdx,11
oldgid,11
lsr,11
LangSysTag,11
langsys,11
AbstractConfig,11
UnsupportedGLIFFormat,11
readbytes,11
side1,11
side2,11
rangeGaspBehavior,11
handleClash1,11
destPath,11
newAttr,11
VarComponent,11
tsb,11
_getCoordinatesAndControls,11
axisIndices,11
verticalAdvanceWidth,11
recording1,11
sbix,11
tagList,11
sfntDirectorySize,11
nextTableOffset,11
fromBytecode,11
withSign,11
register_attr,11
storeDeltas,11
trackData,11
dumphex,11
auxData,11
numPoints,11
glyphPrograms,11
Strike,11
EblcIndexSubTable,11
extTables,11
DesignSize,11
SubstLookupRecords,11
ConditionCount,11
VarDataCount,11
hexStr,11
_reverseBytes,11
componentArray,11
eattrs,11
VarTransformMappingValues,11
CurrentInsertionAction,11
MarkedInsertionAction,11
classCount,11
critFeatures,11
oRuleMap,11
subtableFormat,11
currentLocation,11
flagXShort,11
flagYShort,11
nCoordinates,11
compressedXs,11
compressedYs,11
Diacritical,11
Musical,11
hasAscii,11
segmentMap,11
_glyphName,11
text_,11
ReverseContourPen,11
next_cubic,11
defcon,11
output_paths,11
sols,11
peeks,11
ValueAxisSubsetDescriptor,11
mutedGlyphNames,11
getFullUserLocation,11
SimpleDescriptor,11
ruleElement,11
axisMapping,11
r15,11
r26,11
filterContour,11
__currentPoint,11
stddevX,11
stddevY,11
pointsList,11
axtag,11
lookupflag_markFilterSet_,11
hhea_,11
includeDir,11
expect_tag_,11
Bhaiksuki,11
Osge,11
Tai_Tham,11
Pahawh_Hmong,11
prune_pre_subset,11
remapping,11
integertype,11
epsilonDigits,11
s1x,11
other_encoding,11
ftsr,11
instancing,11
master_1_idx,11
master_2_idx,11
pt0_next,11
pt1_next,11
internal_axis_supports,11
axisPoints,11
masterScalars,11
matching_cost,11
vhAdvanceDeltasAndSupports,11
vOrigDeltasAndSupports,11
nodeTypes,11
vOrigMapping,11
log_enabled,11
outGain,11
fvarTriple,11
fromCoord,11
array_utils,11
bitwise_count,11
format_float_scientific,11
ubyte,11
float96,11
unpackbits,11
use_hugepage,11
dtype_obj,11
_96Bit,11
_256Bit,11
reclist,11
newdtype,11
flatnotmasked_edges,11
get_masked_subclass,11
outshape,11
numarray,11
masked_inside,11
masked_outside,11
rdata,11
xflat,11
uint8data,11
MAXDIMS,11
summary_insert,11
exp_digits,11
flop,11
olderr,11
data_as,11
in1,11
_get_strided_loop,11
binwidth,11
outarray,11
cmat,11
get_buffer_info,11
minv,11
makegen,11
like_function,11
change_length,11
string_DT,11
expected_safety,11
size_inferred,11
y_base,11
_int_max,11
typeB,11
other_val,11
string_to_longdouble_inaccurate,11
float_t,11
a16,11
_test_redirected_print,11
csqrt,11
ncu_tests,11
fzero,11
ASub,11
is_short,11
file_or_dir,10
Trivial,10
last_traceback,10
exitmsg,10
enters,10
ImpImporter,10
resolve_name,10
drives,10
BytesWarning,10
_varsub,10
_varsubb,10
split_paths,10
_isdir,10
bytes_types,10
reproducing,10
UP_TO_NEWLINE,10
long1,10
interprets,10
POP_MARK,10
BINUNICODE,10
Newline,10
alternating,10
shrinking,10
hair,10
Emulate,10
iscode,10
getsourcefile,10
obj_dict,10
Asynchronous,10
resumes,10
walking,10
onwards,10
getargs,10
posonlyargs,10
_is_type,10
wrapped_sig,10
ERRORTOKEN,10
pos_count,10
_rmtree,10
Failing,10
AppData,10
PureProxy,10
Overview,10
delivery,10
decode_data,10
smtp_state,10
lc_arg,10
SMTPException,10
rewrites,10
bak,10
DecimalException,10
rejects,10
is_qnan,10
to_eng_string,10
copy_negate,10
_divide,10
ideal_exponent,10
greatest,10
insufficient,10
feasible,10
difficulty,10
same_quantum,10
indistinguishable,10
is_subnormal,10
dif,10
topad,10
carried,10
Verifies,10
disallows,10
minimumwidth,10
interpolations,10
getint,10
Recursion,10
tmp_value,10
svgz,10
pps,10
kwlist,10
Recalculate,10
SubprocessError,10
list2cmdline,10
lpAttributeList,10
sed,10
bs_buf,10
launching,10
_sigint_wait_secs,10
indefinitely,10
interrupt,10
launched,10
_missing_,10
accounted,10
Compiles,10
stdev,10
deviations,10
Compatible,10
ncalls,10
minc,10
hue,10
Naming,10
lifetime,10
associate,10
Reraise,10
collision,10
_sha3,10
recursive_repr,10
Sam,10
issuing,10
handle_close,10
getparams,10
ALAW,10
MAXYEAR,10
_ymd2ord,10
fff,10
_to_microseconds,10
first_weekday,10
yhi,10
ylo,10
us1,10
concerned,10
_aifc_params,10
RETR,10
_SSLSocket,10
retr,10
_create_stdlib_context,10
_frozen_importlib,10
_path_split,10
file_offset,10
u2320,10
u2321,10
negotiate,10
make_dataclass,10
beware,10
flds,10
tuple_factory,10
_i_opened_the_file,10
binary_file,10
Ending,10
warranty,10
DONT_ACCEPT_TRUE_FOR_1,10
nosigint,10
Redirect,10
Grab,10
want_lines,10
unified_diff,10
addTest,10
Verbose,10
getdefaultlocale,10
isub,10
length_hint,10
rshift,10
__length_hint__,10
__ifloordiv__,10
LZMACompressor,10
LZMADecompressor,10
_MODE_CLOSED,10
_MODE_WRITE,10
mode_code,10
_type_convert,10
allow_special_forms,10
typo,10
_value_and_type_iter,10
aims,10
__forward_module__,10
__metadata__,10
nsobj,10
Ditto,10
Typed,10
Bill,10
x100,10
ACE,10
refuse,10
commonName,10
load_default_certs,10
keylog_filename,10
load_cert_chain,10
revealed,10
dance,10
recvfrom,10
standard_b64encode,10
ignorable,10
plausible,10
ecol,10
nntplib,10
_getresp,10
international,10
pythonware,10
langname,10
iso8859_3,10
euc_jp,10
cp1255,10
fi_FI,10
he_IL,10
zh_TW,10
sr_YU,10
ru_RU,10
Vista,10
path_name,10
wordchars,10
meanings,10
FUNCTIONS,10
am_pm,10
to_convert,10
_regex_cache,10
data_string,10
_ag,10
Tell,10
SRE_FLAG_VERBOSE,10
npredecessors,10
successors,10
get_ready,10
freely,10
begin_fill,10
padx,10
_drawline,10
Redraw,10
maxvalue,10
_orient,10
_degreesPerAU,10
Pull,10
Puts,10
screens,10
tangent,10
t12,10
t21,10
a12,10
BackgroundBrowser,10
synthesize,10
remote_args,10
WAYLAND_DISPLAY,10
Kevin,10
_elem,10
proceeds,10
exc_context,10
fnmatchcase,10
recognizes,10
_safe_key,10
last_index,10
repr_string,10
get_close_matches,10
similarity,10
set_seq1,10
set_seq2,10
atags,10
btags,10
num_blanks_pending,10
found_diff,10
numlines,10
excname,10
DocXMLRPCServer,10
CGIHTTPRequestHandler,10
Rick,10
RFCs,10
interactions,10
message_set,10
slave,10
_csv,10
QUOTE_ALL,10
Completer,10
_hashopenssl,10
outputfilename,10
hqxdata,10
post_buffer,10
Variant,10
maintenance,10
CONTENT_TYPE,10
parse_qsl,10
__file,10
permanent,10
italics,10
shaping,10
interpreting,10
hacked,10
process_time,10
visit_,10
_optimize,10
c99,10
Wextra,10
Wstrict,10
fvisibility,10
Py_DEBUG,10
extensive,10
_CRLF,10
header_str,10
usenetrc,10
advertise,10
EDIT,10
cmp_op,10
lastline,10
action_header,10
_print_message,10
fromfile_prefix_chars,10
_operator_fallbacks,10
dircmp,10
IGNORE,10
dir2,10
FormatError,10
get_file,10
mtimes,10
blindly,10
next_pos,10
get_sequences,10
answered,10
_Sentinel,10
smod,10
opendir,10
pruned,10
encodekey,10
Env,10
P_WAIT,10
Ben,10
supported_platforms,10
Pack,10
vminfo,10
uname_result,10
simple_element,10
num_objects,10
_objects,10
tokenH,10
_flatten,10
drop_whitespace,10
_iglob,10
clock_seq_hi_variant,10
clock_seq_low,10
_OS_GETTERS,10
_isclass,10
docdata,10
BOOLEAN,10
SPECIALMETHODS,10
_strprefixes,10
bltinlink,10
stdlib_dir,10
selector_events,10
Kernel,10
auto_arg_index,10
deflate,10
Interpreter,10
BaseServer,10
ThreadingMixIn,10
imminent,10
_shutdown_locks,10
indeed,10
lookup_error,10
machines,10
data_encoding,10
posix_local,10
_variable_rx,10
installers,10
solaris,10
_PYTHON_HOST_PLATFORM,10
bitness,10
parse_makefile,10
currentbp,10
borrowed,10
Keeping,10
is_absolute,10
getwidth,10
callback_args,10
callback_kwargs,10
Perl,10
Populate,10
obey,10
do_,10
endidx,10
get_names,10
totwidth,10
persons,10
whom,10
furnished,10
NONINFRINGEMENT,10
CLAIM,10
DEALINGS,10
is_tarfile,10
HeaderError,10
hdrcharset,10
itn,10
cmp_to_key,10
rex,10
infrastructure,10
socket_map,10
Auto,10
PickleBuffer,10
FALSE,10
x80000000,10
inst_dict,10
IPv,10
summarized,10
supernet,10
addrs,10
_string_from_ip_int,10
_address_class,10
_scope_id,10
JFIF,10
defers,10
counterparts,10
input_chunk,10
need_eof,10
single_quoted,10
strstart,10
is_namespace,10
confirmation,10
sizeEndCentDir,10
decrypt,10
pos2,10
file_pyc,10
ignore_patterns,10
Hopefully,10
_is_immutable,10
tar_compression,10
compress_ext,10
archive_dir,10
RETURN_VALUE,10
ehlo,10
Resent,10
bcc,10
logdir,10
purge,10
equivalents,10
_localedirs,10
_current_domain,10
determine_parent,10
Peterson,10
HEX,10
_CODEBITS,10
universal2,10
xxxx,10
count_diff,10
Purely,10
cache_info,10
subcls,10
reloading,10
package_directory,10
get_buffer,10
unpack_item,10
x20a7,10
u05ea,10
u0179,10
u015a,10
u015b,10
u017a,10
u0143,10
u0144,10
TATWEEL,10
u2260,10
u2202,10
SUMMATION,10
u0391,10
u03a1,10
u02dd,10
u0110,10
u0111,10
BEL,10
CSI,10
SUB,10
cp949,10
Quinlan,10
brian,10
newline_indent,10
retrieving,10
m_expr,10
u_expr,10
enforces,10
illustrate,10
funcdef,10
irrefutable,10
mymodule,10
card,10
mutability,10
roundoff,10
constrain,10
improper,10
mississippi,10
Booleans,10
Writable,10
Pairs,10
Further,10
Ranges,10
pipX,10
stopTestRun,10
addExpectedFailure,10
addUnexpectedSuccess,10
_mock_delegate,10
await_args_list,10
_spec_class,10
this_spec,10
configuring,10
numerics,10
ret_val,10
to_cancel,10
previousModule,10
setUpModule,10
len2,10
list2,10
set2,10
expr1,10
Asserts,10
DeprecationWarnings,10
FAIL,10
_should_,10
will_close,10
ALWAYS,10
set_tunnel,10
header_names,10
chunking,10
get_header,10
domain_initial_dot,10
comment_url,10
poorly,10
normalised,10
Obsoletes,10
request_version,10
requestline,10
_headers_buffer,10
new_url,10
tail_part,10
smart,10
Entity,10
gateway,10
_provision_rx,10
CygwinCCompiler,10
mcygwin,10
dll_libraries,10
created_dirs,10
real_f,10
ztar,10
objc,10
ldflags_exe,10
lfoo,10
language_order,10
add_include_dir,10
instructed,10
libnames,10
recompiled,10
SHARED_OBJECT,10
incl,10
default_options,10
get_host_platform,10
_wordchars_re,10
_can_read_reg,10
EnumValue,10
MacroExpander,10
get_build_version,10
__arch,10
Win64,10
set_path_env_var,10
MDd,10
D_DEBUG,10
Pure,10
get_XXX,10
_set_command_options,10
get_contact,10
get_contact_email,10
src_option,10
lighter,10
mfid,10
assemblies,10
post_to_server,10
Well,10
end_boundary,10
link_objects,10
ext_path,10
swig_cmd,10
hexversion,10
rpm_base,10
binary_only,10
spec_path,10
source_rpm,10
vendor_hook,10
archive_root,10
HAS_USER_SITE,10
consumers,10
py_file,10
ext_outputs,10
pdir,10
module_base,10
build_module,10
bdist_msi,10
enforcing,10
APR,10
afile,10
machine_prop,10
user_prop,10
Progress1,10
Progress2,10
SpawnDialog,10
install_other_cond,10
dont_install_other_cond,10
sub_cmd,10
add_defaults,10
error_handler,10
child_loggers,10
_checkLevel,10
wire,10
set_content,10
raiseExceptions,10
organized,10
env_name,10
_ParseResultBase,10
OpenerDirector,10
auth_header,10
nonce_count,10
cnonce,10
getproxies_environment,10
internetSettings,10
_append_child,10
FILTER_ACCEPT,10
parseFile,10
ParseEscape,10
endPrefixMapping,10
endElement,10
getEvent,10
IncrementalParser,10
refChild,10
_id_cache,10
SAXException,10
ndata,10
inherently,10
_namespace_map,10
reusing,10
_doctype,10
el_tag,10
import_helper,10
reap_children,10
old_stderr,10
sensitivity,10
verbose3,10
_event_loop_policy,10
saved_values,10
test_runner,10
LONG_TIMEOUT,10
printlist,10
test_cwd,10
func_or_class,10
TESTFN_ASCII,10
_force_run,10
old_modes,10
_is_gui_available,10
name_of_module,10
with_pymalloc,10
Agrave,10
Aring,10
Atilde,10
Eacute,10
Egrave,10
Iacute,10
Igrave,10
Ntilde,10
Oacute,10
Ograve,10
Otilde,10
Psi,10
Uacute,10
Ugrave,10
Upsilon,10
Yacute,10
aacute,10
aring,10
atilde,10
egrave,10
iacute,10
igrave,10
ntilde,10
oacute,10
ograve,10
otilde,10
uacute,10
ugrave,10
uml,10
yacute,10
Vert,10
_BLOCKSIZE,10
_formatparam,10
_zip,10
bag,10
Inplace,10
SourceLoader,10
_call_with_frames_removed,10
bytes_data,10
module_repr,10
PathEntryFinder,10
_LazyModule,10
original_name,10
jaraco,10
PathDistribution,10
header_length,10
BAW,10
PHRASE_ENDS,10
quote_string,10
_validate_xtext,10
xtext,10
header_store_parse,10
sourcelines,10
gotonext,10
returnlist,10
brute,10
summer,10
register_after_fork,10
assert_spawning,10
get_spawning_popen,10
parent_w,10
parent_sentinel,10
_send,10
BaseProcess,10
set_spawning_popen,10
_ForkingPickler,10
ForkingPickler,10
c_uint,10
c_ulonglong,10
sub_debug,10
FILE_FLAG_OVERLAPPED,10
ERROR_IO_PENDING,10
ERROR_OPERATION_ABORTED,10
_sem,10
notempty,10
_taskqueue,10
_change_notifier,10
_outqueue,10
_serializer,10
_exposed_,10
_type_reprs,10
WildcardPattern,10
used_names,10
fix_name,10
write_unchanged_files,10
dir_name,10
reduce_tree,10
transition_table,10
current_ac_node,10
Fixes,10
extra_trailers,10
sys_import,10
pref,10
simple_node,10
__ctype_be__,10
__ctype_le__,10
ld_header,10
_pointer_type_cache,10
WinDLL,10
LibraryLoader,10
size_t,10
staggered,10
_check_ssl_socket,10
_sockets,10
TimerHandle,10
Pause,10
source_traceback,10
base_futures,10
_PENDING,10
_signal_handlers,10
add_child_handler,10
_read_ready,10
_maybe_pause_protocol,10
remove_child_handler,10
_server,10
get_event_loop,10
BaseProtocol,10
_getters,10
_putters,10
_app_protocol,10
_ensure_fd_no_transport,10
_register_with_iocp,10
Fills,10
_end_of_line,10
pylib,10
LiteralString,10
__final__,10
_doc,10
__protocol_attrs__,10
_strip_extras,10
__instance,10
advance_iterator,10
ensure_str,10
gs_binary,10
bounding_box,10
ImageSequence,10
x_resolution,10
TAGS,10
o32le,10
magic_number,10
qt_version,10
exclusive_fp,10
layerinfo,10
pages_ref,10
trailer_data,10
HEADERSIZE,10
WebP,10
_exclusive_fp,10
progressive,10
FontFile,10
font_bytes,10
outliers,10
rgb_white,10
colorspace,10
PyEncoder,10
_delta,10
number_of_bits,10
read_fields,10
tbox,10
Incremental,10
encoder_name,10
rgba_mask,10
_write_dispatch,10
F821,10
fmt_size,10
samples_per_pixel,10
bytes_written,10
DXT3,10
DXT5,10
pfflags,10
PcxImageFile,10
b32,10
last_row,10
avif,10
trns,10
trns_im,10
Modifies,10
GPSInfo,10
Interop,10
draw_rectangle,10
stroke_fill,10
color2,10
BLP1,10
color_code,10
CBDT,10
_frame_transparency,10
im_palette,10
base_im,10
x0400,10
input_mode,10
placeable,10
gradients,10
colorsys,10
navy,10
Disposal,10
v_str,10
__prepare_idat,10
__idat,10
info_chunk,10
depths,10
pytest_generate_tests,10
enable_assertion_pass_hook,10
_use_item_location,10
ConftestImportFailure,10
own_markers,10
MARK_GEN,10
truncate_locals,10
PytestConfigWarning,10
nop,10
cause_msg,10
hook_error,10
prev_hook,10
NotSetType,10
parsefactories,10
holderobj,10
fnmatch_ex,10
doctest_namespace,10
suspend_global_capture,10
dumping,10
pastebin,10
reprentries,10
TwistedVersion,10
max_sizes,10
content_all,10
sort_key,10
direntry,10
my_func,10
linelist,10
conda,10
collection_argument,10
argpath,10
rm_rf,10
ExceptionChainRepr,10
auto_indent_option,10
EMPTY_BUFFER,10
no_header,10
_show_progress_info,10
verbose_word,10
verbose_markup,10
ExcT_2,10
exception_type,10
is_baseexception,10
other_exceptions,10
PDB,10
retention,10
CLOSE_STDIN,10
modcol,10
tmpdir_factory,10
pathlist,10
input_values,10
example_path,10
Flexible,10
consecutively,10
NFC,10
linesofar,10
INI,10
ini_config,10
parg,10
pytest_mock,10
minver,10
relto,10
strrelpath,10
_reprcompare,10
fields_to_check,10
assertstate_key,10
_read_pyc,10
pop_format_context,10
NamedExpr,10
new_kwargs,10
Dtypes,10
DatetimeProperties,10
_create_series,10
complex_dtype,10
ALL_INT_NUMPY_DTYPES,10
pep440,10
TimedeltaConvertibleTypes,10
AggFuncTypeDict,10
ExcelWriterIfSheetExists,10
show_versions,10
is_date_array_normalized,10
is_subperiod,10
is_superperiod,10
_indexer,10
_agg_examples_doc,10
_groupby,10
target_message,10
reconstruct_func,10
_compat,10
get_callable_name,10
temp_setattr,10
agg_spec,10
maybe_cast_pointwise_result,10
validate_all_hashable,10
check_bool_indexer,10
check_dict_or_set_indexers,10
allow_mgr,10
original_dtype,10
_validate_dtype,10
get_slice,10
_convert_slice_indexer,10
setitem_inplace,10
Spearman,10
other_values,10
coercible,10
Reindexing,10
Choice,10
none_allowed,10
Retrieves,10
piecewise,10
ABCRangeIndex,10
Resulting,10
NoNewAttributesMixin,10
nanargmin,10
map_array,10
_construct_axes_dict,10
axis_index,10
level_,10
blk_func,10
maybe_make_list,10
nThis,10
orients,10
compressors,10
xsel,10
multicolumn_format,10
_take_with_is_copy,10
fast_xs,10
col_indexer,10
temp_celsius,10
windspeed,10
count_not_none,10
_can_fast_transpose,10
Batmobile,10
ranking,10
Fastpath,10
validate_stat_ddof_func,10
result_shape,10
datetimeindex,10
allow_2d,10
arrays_to_mgr,10
DataFrameXchg,10
bear,10
Parquet,10
Notebook,10
dispatching,10
operate_blockwise,10
x_values,10
filter_func,10
Reshape,10
take_split_path,10
ensure_float64,10
maybe_dispatch_ufunc_to_dunder_op,10
quantile_with_mask,10
_quantile,10
flip_order,10
validate_putmask,10
grand_margin,10
index_list,10
index_margin,10
objs_list,10
non_empties,10
_Unstacker,10
n_columns,10
index_levels,10
col2_a,10
col2_b,10
orig_left,10
orig_right,10
level_name,10
dictionary_encode,10
UnsignedInteger,10
__arrow_array__,10
typeof_impl,10
call_method,10
_from_values_or_dtype,10
pyarrow_array_to_numpy_and_mask,10
sub_type,10
DT64NS_DTYPE,10
TD64NS_DTYPE,10
my_type,10
Dim2CompatTests,10
array_to_timedelta64,10
maybe_box_datetimelike,10
ObjectStringArrayMixin,10
NDArrayBackedExtensionIndex,10
_putmask,10
MyExtensionArray,10
_groupby_op,10
storage_array,10
arrdata,10
num_chunks,10
dtype_cls,10
to_tuples,10
_validate_fill_value,10
tstamp,10
next_date,10
pa_version_under21p0,10
np_result,10
raw_cat,10
ngaps,10
loses,10
valid_vals,10
_unary_method,10
name_or_index,10
ListArray,10
TermValue,10
binary_ops,10
composition,10
op_class,10
preparser,10
objcounts,10
pandas_df,10
describe_null,10
NoBufferPresent,10
Semantically,10
_check_indexing_error,10
resolution_string,10
_dt_,10
is_datetime_array,10
_get_join_target,10
_formatter_func,10
_can_use_libjoin,10
value_list,10
_should_compare,10
_should_partial_index,10
bike,10
train,10
preserve_names,10
specialize,10
new_range,10
next_,10
period_index,10
NullFrequencyError,10
key_dtype,10
lop,10
_map_and_wrap,10
Splits,10
slice_replace,10
leopard,10
group_axis,10
boxplot_frame_groupby,10
first_not_none,10
slow_path,10
nidx,10
old_wt_factor,10
is_observations,10
mean_y,10
first_dtype,10
DataManager,10
block_values,10
oindex,10
Mixing,10
warn_on_upcast,10
orig_other,10
orig_value,10
interim,10
_known_consolidated,10
benchmark,10
USLaborDay,10
holiday_dates,10
BMS,10
meow,10
bark,10
PyperclipException,10
new_category,10
set_height,10
_structures,10
SubLocalType,10
LegacyCmpKey,10
is_devrelease,10
pre_l,10
post_n1,10
post_l,10
post_n2,10
dev_l,10
MT19937,10
testarval,10
empty_targfunc,10
_nan,10
test_value_counts,10
array_likes,10
left_right,10
variable_name,10
base_copy,10
get_finest_unit,10
left_right_dtypes,10
interval_constructor,10
switch_numexpr_min_elements,10
fix_now,10
obj_ser,10
expected_bins,10
test_stubs,10
a23,10
test3,10
table2,10
effective_dtype,10
df_left,10
df_right,10
merged2,10
exp_in,10
exp_out,10
Dups,10
expected_categories,10
df_1,10
GH14887,10
TestContains,10
type1,10
ts_input,10
NPY_FR_,10
result_pytz,10
test_all,10
aware_val,10
BUG,10
rec_limit,10
test_date,10
datetime_index,10
exp_size,10
frame_mi_data,10
takers,10
tdi2,10
nLength,10
BaseOpsUtil,10
ComparisonOps,10
spar_bool,10
yloc,10
ylen,10
test_memory_usage,10
test_isin,10
view1,10
exp_rev,10
_min,10
_max,10
expected_min,10
test_unique,10
cccc,10
test_astype_category,10
arrow_type,10
int_values,10
after_locale,10
apply_cases,10
get_year_end,10
test_values,10
_FRIDAY,10
_SATURDAY,10
base_date,10
Combined,10
local_func,10
test_inf,10
exchange_df,10
Kathmandu,10
_methods,10
ea_scalar,10
dr_tz,10
T10,10
dtype_b,10
rowlike,10
res5,10
frame_copy,10
Cols,10
skipna_alternative,10
skipna_wrapper,10
all_na,10
off1,10
df_nan,10
ser_starting,10
ser_ending,10
smoketest,10
tmpname,10
exp_dts,10
est,10
with_prefix,10
with_pct_suffix,10
non_int_round_dict,10
foo_series,10
result_left,10
result_right,10
ranks0,10
ranks1,10
dupe,10
c_idx_nlevels,10
input_dict,10
left_no_dup,10
a_1,10
test_ddof,10
exp_multi_row,10
fitness,10
gen_obj,10
dfl,10
sliced_df,10
idx_copy,10
unique_idx,10
default_dict,10
to_drop,10
series_a,10
second_name,10
Chained,10
test_union,10
TestGetLoc,10
period_rng,10
exp6,10
leaf_size,10
ivs,10
expected_subtype,10
left2,10
both_boundary,10
the_join,10
efg,10
foos,10
fifth,10
c_d_e,10
zzz,10
s_or_idx,10
df_filled,10
desc_result,10
data_values,10
package_id,10
apply_result,10
is_cat,10
n_groups,10
old_way,10
new_way,10
_exp_vals,10
idx_result,10
as_period,10
int_ts,10
brought,10
s_empty,10
interp_s,10
start_naive,10
pa_version_under20p0,10
test_arith_series_with_array,10
actual2,10
orig_data2,10
_check_unsupported,10
filled_val,10
series_scalar_exc,10
frame_scalar_exc,10
series_array_exc,10
res_op,10
exp_op,10
BaseReduceTests,10
series_xp,10
frame_xp,10
df1_result,10
df2_result,10
rolling_result,10
df1a,10
prev_i,10
expected_layout,10
_tick,10
min_anndef,10
maj_anndef,10
minors,10
color_args,10
old_label,10
_flatten_visible,10
_sharey,10
polyline,10
color_list,10
twinned,10
get_xscale,10
cubehelix,10
bokeh,10
rgcby,10
FFFF00,10
ax_min,10
ax_max,10
_series_name,10
dt_result,10
df_mult,10
feather_file,10
legacy_hdf,10
_equal,10
html_table,10
gh_13141_expected,10
sql_strings,10
executemany,10
IntDateOnlyCol,10
datetz,10
pymysql,10
postgresql_adbc_conn,10
sqlalchemy_connectable_iris,10
test_insert_conflict,10
PRIMARY,10
test_frame_roundtrip,10
gcs_buffer,10
PyArrowImpl,10
parsed_114,10
date_td,10
time1,10
str_dtype,10
data_column,10
store1,10
second_group,10
assert_resolves,10
backgrounds,10
endfoot,10
endlastfoot,10
Col4,10
filepath_or_buffer_id,10
has_vertically_truncated_repr,10
wider_repr,10
strrepr,10
reg_repr,10
fantasy,10
ctx1,10
d65f5f,10
Huge,10
q_right,10
set_table_attributes,10
template_html_table,10
template_html_style,10
row3,10
css_class,10
mi_styler_comp,10
template_latex,10
hide_index_names,10
hide_column_names,10
articleId,10
target_file,10
lines_json_df,10
TextField,10
ID001,10
Name001,10
long_input,10
obj_list,10
date_data,10
ice,10
xml_default_nmsp,10
df_style,10
cell1,10
s_cell,10
url_table,10
col_order,10
parse_spec,10
bad_line_func,10
ID_DEAL,10
assert_slice_ok,10
assert_reindex_indexer_is_ok,10
_mode_options,10
is_verbose,10
label_name,10
maybe_adjust_figure,10
layout_type,10
defaultfmt,10
label_flags,10
quarter_start,10
dynamic_mode,10
autofmt_xdate,10
freq_str,10
index_length,10
_HtmlFrameParser,10
_read_int64,10
_variable_labels,10
invalid_types,10
should_close,10
content_encoding,10
pandas_kind,10
is_multi_index,10
new_non_index_axes,10
existing_col,10
is_available,10
newData,10
determine_clipboard,10
save_to_buffer,10
tt_data,10
coloring,10
Styled,10
rotatebox,10
tr_row_num,10
max_cols_fitted,10
size_qualifier,10
space2,10
idx_lengths,10
display_val,10
format_eng,10
unnamed_cols,10
noconvert_columns,10
colset,10
font_name,10
control_row,10
ored,10
_get_row,10
default_encoding,10
_column_types,10
_scale_norm,10
demibold,10
BezierSegment,10
unit_regular_polygon,10
ordmasculine,10
guilsinglleft,10
exclamdown,10
endash,10
onehalf,10
guilsinglright,10
questiondown,10
ordfeminine,10
sterling,10
emdash,10
hungarumlaut,10
add_tool,10
ToolToggleBase,10
path_in,10
inside_circle,10
Composite,10
cilo,10
cihi,10
contiguous_regions,10
vpstats,10
nonstandard,10
ret_text,10
tdt,10
validate_floatlist,10
validate_fontsize,10
nargs_error,10
labellocation,10
handlelength,10
handleheight,10
addfont,10
fontpaths,10
get_angle,10
get_variant,10
score_weight,10
fontlist,10
is_transform_set,10
get_hatch_linewidth,10
get_path_effects,10
get_corners,10
ddy,10
transmute,10
in_f,10
tail_right,10
Scaling,10
set_mutation_scale,10
axesB,10
set_in_layout,10
_get_xy,10
marker_pad,10
xerr_size,10
yerr_size,10
BboxImage,10
yspans,10
draw_frame,10
_get_text_metrics_with_cache,10
get_bbox_to_anchor,10
pickable,10
set_picker,10
got_artist,10
flipy,10
xyt,10
embed_frames,10
new_frame_seq,10
_patch_type,10
padout,10
get_theta_direction,10
_sublabels,10
decade,10
minor_number,10
Simplify,10
UnderlinePosition,10
_xy,10
LogScale,10
extendlength,10
NotAny,10
_fontmap,10
_fallback_font,10
HCentered,10
designer,10
cur_g,10
cur_glue,10
boldsymbol,10
TransformedPatchPath,10
Widget,10
get_active,10
AxesWidget,10
_useblit,10
_checks,10
text_disp,10
_char_index_at,10
lineprops,10
_press,10
move_all,10
span_pairs,10
pad_inch,10
margin_bottom,10
get_topmost_subplotspec,10
relation,10
_localaxes,10
skip_non_rectangular_axes,10
FuncTransform,10
separable,10
cc_xys,10
idx_level_min,10
_mins,10
_maxs,10
backend_managers,10
SELECT_REGION,10
_views_positions,10
get_navigate,10
end_pan,10
_rasterizing,10
errfmt,10
colorbar_gridspec,10
stepsize,10
shape_vertices,10
_color_sequences,10
FigureImage,10
allnums,10
aitoff,10
hammer,10
delaxes,10
subplot2grid,10
ThetaFormatter,10
waitforbuttonpress,10
barsabove,10
cmin,10
locator_params,10
labeldistance,10
ticklabel_format,10
_root_figure,10
_suplabels,10
ssize,10
suplab,10
_axstack,10
get_label_position,10
_as_mpl_axes,10
child_axes,10
print_figure,10
linespacing,10
wrapped_lines,10
draw_tex,10
ay1,10
bx1,10
colormapped,10
switch_orientation,10
draw_gouraud_triangles,10
mscale,10
grid_color,10
_base_pad,10
set_pad,10
_translate_tick_params,10
_tick_position,10
tick_top,10
sRGB_sub,10
Integration,10
xyf_traj,10
_legend_title_box,10
get_extent,10
x_int,10
StrCategoryConverter,10
StartCharMetrics,10
CompositePart,10
aria,10
Npaths,10
text2path,10
get_forced_alpha,10
get_supported_filetypes_grouped,10
_bbox_inches_restore,10
zooms,10
lutsize,10
rmap,10
_spectral_helper,10
_REPR_PNG_SIZE,10
set_bad,10
set_extremes,10
combination_mode,10
bivariate,10
_vcenter,10
iret,10
_drawstyle,10
_markersize,10
_invalidy,10
recache,10
rcparam,10
fail_on_error,10
E402,10
dip,10
PsfontsMap,10
find_tex_file,10
_mul2012,10
char_info,10
winch,10
hinch,10
_mpl_buttons,10
_label_font,10
can_forward,10
_NavigationToolbar2GTK,10
event_state,10
wxpath,10
supports_binary,10
show_all,10
reorderTables,10
qt5,10
NavigationToolbar2QT,10
_generate_transform,10
in2,10
backend_qt,10
sty,10
flat_points,10
_effective_alphas,10
theirs,10
fontRevision,10
BoundsPen,10
lbrt,10
_backend_to_gui_framework,10
UniformTriRefiner,10
found_index,10
iapex,10
_neighbors,10
_interpolate_single_key,10
HCT,10
DOF_rot,10
deficient,10
transProjection,10
_xaxis_transform,10
fmt_xdata,10
baseline_dir,10
actual_path,10
newValues,10
imagedir,10
tensors,10
extra_positions,10
intp_stage,10
maxPoints,10
maxContours,10
maxComponentElements,10
Noto,10
gs2,10
r270,10
tn1,10
expected_data_lim,10
gsl,10
cbs,10
scm,10
HostAxes,10
ydata2,10
xmask,10
bar_container,10
_parse_scatter_color_args,10
yax,10
random_sample,10
dt_utc,10
padded_src,10
PLOT_LIST,10
PLOT_IDS,10
ys0,10
refiner,10
basn3p02,10
temp_style,10
limit_value,10
tforms_matrices,10
xlim_b,10
ylim_b,10
sig_zeros,10
pad_to_spectrum,10
pad_to_spectrum_real,10
freqs_density,10
clear_meth,10
tinypages,10
_right_title,10
eb_lines_style,10
doc_sub,10
_anchor,10
HalsteadReport,10
mi_config,10
to_dicts_mock,10
iter_files,10
ChunkCombinedCodeOffset,10
outer_offsets_or_none,10
typecheck,10
concat_points,10
chunk_offsets,10
thread_count,10
quad_as_tri_alpha,10
_grid_as_2d,10
write_and_convert,10
wAttributes,10
from_coord,10
FillConsoleOutputAttribute,10
GetConsoleMode,10
CONSOLE_SCREEN_BUFFER_INFO,10
mdef,10
RE_DATETIME,10
ILLEGAL_BASIC_STR_CHARS,10
BARE_KEY_CHARS,10
recursive_flags,10
get_or_create_nest,10
error_on_eof,10
ValueToken,10
Emitter,10
allow_single_quoted,10
allow_block,10
prepared_anchor,10
SequenceEndEvent,10
MappingEndEvent,10
construct_mapping,10
C99,10
chomping,10
coveragerc,10
_start_path,10
_ensure_topdir,10
helpdoc,10
_get_indent,10
ascii_only,10
output_lines,10
original_link,10
remote_version_str,10
get_platlib,10
get_purelib,10
gone_in,10
uploaded,10
url_without_fragment,10
req_name,10
WHEEL_EXTENSION,10
installed_version,10
LinkSource,10
cred,10
http_error_msg,10
range_start,10
get_metadata_distribution,10
pyproject_requires,10
install_req_from_editable,10
scripts_to_generate,10
wheel_zip,10
print_json,10
index_group,10
make_target_python,10
requirements_from_scripts,10
get_prog,10
prefix_path,10
_cache_dir,10
glibc_version_string,10
log_failed_cmd,10
get_url_rev_and_auth,10
get_revision,10
compatible_tags,10
cpython_tags,10
generic_tags,10
mac_platforms,10
get_indentation,10
show_level,10
DependencyGroupResolver,10
archive_path,10
with_requires,10
AbstractProvider,10
get_candidate_lookup,10
_equal_cache,10
_extras,10
ResolutionTooDeep,10
DirectedGraph,10
parent_req_name,10
InfoPath,10
repo_name,10
Subversion,10
cword,10
ConfigOptionParser,10
PoolKey,10
assert_same_host,10
remove_headers_on_redirect,10
request_method,10
BaseHTTPSConnection,10
urlopen_kw,10
pyOpenSSL,10
pool_timeout,10
ssl_wrap_socket,10
_has_connected_to_proxy,10
_encode_invalid_chars,10
zone_id,10
eventlet,10
_TimeoutError,10
_forwards,10
RequirementsConflicted,10
_call_hook,10
_build_backend,10
json_out,10
SecTrustRef,10
errcheck,10
filelock,10
ELFInvalid,10
on_exit,10
_parsed_groups,10
_resolve_cache,10
_normalize_extra_values,10
create_compatible_tags_selector,10
_validate_path_url,10
env_python_full_version,10
selected_packages_by_name,10
lock_file,10
RIGHT_PARENTHESIS,10
from_parts,10
_TrimmedRelease,10
pypug,10
_wildcard_split,10
_get_operator,10
wildcard_split,10
all_nonfinal,10
Tier,10
_canonical_specs,10
is_unsatisfiable,10
_cpython_abis,10
use_abi3,10
RFC822Message,10
_EMAIL_TO_RAW_MAPPING,10
dynamic_field,10
unparsed_key,10
afl,10
AFL,10
Artistic,10
cern,10
CERN,10
ecl,10
lppl,10
LPPL,10
MIPS,10
osl,10
OSL,10
erlang,10
LicenseRef,10
user_log_dir,10
user_documents_dir,10
user_downloads_dir,10
Downloads,10
user_pictures_dir,10
user_videos_dir,10
user_music_dir,10
TYPE_EXT,10
_reserve,10
packer,10
_PkgReqType,10
IResourceProvider,10
resource_listdir,10
vrp,10
eagers,10
__dep_map,10
nsp,10
DistlibException,10
_preds,10
lowlinks,10
incr,10
extract_cookies_to_jar,10
cert_loc,10
hash_utf8,10
cookiejar_from_dict,10
cookie_dict,10
open_paren,10
itokens,10
statetokens,10
Interpol,10
asmatrix,10
get_include,10
getbufsize,10
objective,10
_CACERT_PATH,10
inline_styles,10
HighlighterType,10
key_repr,10
from_rgb,10
set_cell_size,10
screen_size,10
_emoji_replace,10
example_table,10
SyntaxPosition,10
get_style_for_token,10
WindowsConsoleFeatures,10
get_windows_console_features,10
_record_buffer,10
char_width,10
style_stack,10
osc,10
max_offset,10
SyntaxTheme,10
newlines_offsets,10
ProgressType,10
finished_time,10
back_length,10
arrow_props,10
Scaled,10
BboxConnectorPatch,10
loc1b,10
loc2b,10
axes_kwargs,10
cbar_mode,10
viewlim_mode,10
SubplotHost,10
use_axes,10
adjust_dirs,10
_viewlim_mask,10
get_proj,10
Patch3DCollection,10
plot_trisurf,10
zsort,10
_all_points_on_plane,10
vecw,10
invM,10
set_proj_type,10
xymargin,10
equalxy,10
equalxz,10
equalyz,10
y2d,10
AxisLabel,10
get_helper,10
set_axisline_style,10
grid_helper_curvelinear,10
lon_values,10
lat_values,10
lon_lines,10
lat_lines,10
include_last,10
min_mark,10
lon_cycle,10
lat_cycle,10
PathAliases,10
TConfigValueIn,10
TConfigValueOut,10
tracer_class,10
no_disk,10
debugfn,10
translate_lines,10
translate_arcs,10
n_missing,10
contexts_by_lineno,10
main_mod,10
the_one,10
numbits_union,10
end_lines,10
max_name,10
max_n,10
covdata,10
_activity,10
tracename,10
file_be_gone,10
Hasher,10
IndexItem,10
html_filename,10
_dbs,10
_debug_dataio,10
_file_id,10
main_file,10
TAddArcFn,10
ops_stack,10
pkg_data,10
SemanticAnalyzerCoreInterface,10
defining_literal,10
allow_param_spec,10
is_incomplete_namespace,10
visit_callable_argument,10
visit_raw_expression_type,10
visit_ellipsis_type,10
fun_type,10
TYPE_ARG,10
seen_nodes,10
visit_temp_node,10
visit_or_pattern,10
visit_value_pattern,10
visit_singleton_pattern,10
visit_sequence_pattern,10
visit_mapping_pattern,10
visit_class_pattern,10
DEFAULT_SOURCE_OFFSET,10
filter_revealed_type,10
used_ignored_lines,10
add_error_info,10
join_type_list,10
NotParsed,10
raw_errors,10
is_cache_skeleton,10
is_package_init_file,10
is_awaitable_coroutine,10
is_conditional,10
right_unreachable,10
is_disjoint_base,10
Mro,10
set_recurse_into_functions,10
ast_serialize,10
SUGGESTED_TEST_FIXTURES,10
dataclasses_plugin,10
try_getting_str_literals_from_type,10
remove_dups,10
module_prefix,10
block_depth,10
missing_names,10
is_typeshed_stub_file,10
class_scope,10
dec_expr,10
import_id,10
source_id,10
existing_symbol,10
callee_expr,10
ArgumentInferContext,10
formal_names,10
IPCBase,10
check_all,10
new_deps,10
SignatureGenerator,10
getsyspath,10
strip_function_bodies,10
TUPLE_LIKE_INSTANCE_NAMES,10
get_member_flags,10
star_type,10
new_unpack,10
expand_self_type,10
default_sig,10
local_modules,10
is_function,10
can_be_true_default,10
TypeGuardedType,10
anys,10
fallback_name,10
preserve_type_var_ids,10
in_literal_context,10
aw_type,10
method_fullname,10
call_type,10
remove_optional,10
stub_object,10
orig_module,10
find_module_cache,10
truthiness,10
set_line_column_range,10
n_generators,10
if_unknown_truth_value,10
register_reporter,10
root_package,10
extra_plugins,10
new_files,10
use_color,10
orjson,10
applytype,10
IS_CLASS_OR_STATIC,10
strict_concatenate,10
left_item,10
reverse_op_methods,10
ConditionalTypeBinder,10
local_type_map,10
enclosing_class,10
disallow_untyped_defs,10
override_str,10
set_inferred_type,10
add_errors,10
conditional_types_to_typemaps,10
cur_module,10
ambiguous_expr_type,10
refining,10
existing_method,10
TKey,10
last_operator,10
debug_cache,10
ignore_missing_imports,10
in_assignment,10
c_modules,10
arg_type_str,10
TYPEDDICT_ITEM,10
possible_tds,10
STEP,10
value_types,10
subexpr_type,10
original_narrowed,10
is_invalid,10
incremental_group,10
IPC,10
by_pos,10
proper_types,10
num_reads,10
arg_str,10
worker_env,10
rechecked_modules,10
stat_or_none,10
not_ready,10
pri_max,10
split_commas,10
TypeConverter,10
incorrect_expr,10
no_errors,10
use_fixme,10
max_guesses,10
has_break,10
allow_jump,10
find_sources_in_dir,10
snapshot2,10
make_wildcard_trigger,10
file2,10
a_uninhabited,10
normalized_output,10
error_line,10
callable_default,10
ns_pkg_untyped,10
pkg_untyped,10
data_suite,10
_get_argument,10
class_kw_only,10
decorator_arguments,10
callee_node,10
actual_arg_names,10
exception_group_depth,10
_MOVE_COST,10
excgroup,10
return_files,10
root_full,10
base_regex,10
regex_bytes,10
_patterns,10
out_priority,10
_dtstart,10
DTSTART,10
RRULE,10
_handle_int_list,10
TZID,10
__instances,10
_start_delta,10
fuzzy_with_tokens,10
warning_class,10
license_file,10
local_index,10
_build_ext,10
so_ext,10
obj_deps,10
shadow_path,10
instdir,10
egg_dir,10
CaselessLiteral,10
debugActions,10
not_in_cache,10
minElements,10
e23,10
initCharsOrig,10
minLen,10
subRecCheckList,10
failOn,10
intExpr,10
MARKER_EXPR,10
VersionTypeVar,10
SequenceView,10
TFMException,10
E00,10
FontBuilder,10
Panose,10
minLeftSideBearing,10
minRightSideBearing,10
minTopSideBearing,10
minBottomSideBearing,10
yMaxExtent,10
cmapping,10
addMultilingualName,10
HarfBuzz,10
ignoreDecompileErrors,10
transformBuffer,10
recalc_timestamp,10
otspec,10
_hints,10
arrayTools,10
OTTableReader,10
dataLength,10
fdSelectIndex,10
argType,10
base_encoding,10
ExtendMode,10
ColorStop,10
VarColorLine,10
LayerRecord,10
OpenTypeLibError,10
markClassName,10
useClass0,10
subtable_type,10
BacktrackClassDef,10
LookAheadClassDef,10
Subst,10
glyphclass1,10
gc1,10
COMPRESSION_LEVEL,10
lookupBuilders,10
SecondGlyph,10
ValueCount,10
Ligatures,10
AxisNameID,10
AxisCount,10
mathKerns,10
getEffectiveFormat,10
subvalue,10
isEncrypted,10
Merger,10
synthLookup,10
mapFeatures,10
IUP,10
UnsupportedUFOFormat,10
genericTypeValidator,10
supported_versions,10
testGroups,10
MMK_R_CGroup,10
layercontents,10
groupsValidator,10
bogusFormatMessage,10
glyphList,10
fontLibValidator,10
maxFileNameLength,10
prefixLength,10
suffixLength,10
handleClash2,10
zipfs,10
fileCreator,10
res_name_or_index,10
_TTGlyphSet,10
setLocation,10
deprecateArgument,10
SFNTWriter,10
TTCollection,10
mort,10
getGlyphNameMany,10
metaData,10
metaLength,10
privLength,10
bboxStream,10
numberOfSideBearings,10
flavored,10
tCenterX,10
tCenterY,10
graphite,10
TrackData,10
NameRecordVisitor,10
smArabic,10
nValues,10
indextable,10
extra_indices,10
readUInt8,10
MorphType,10
BaseValues,10
SubstitutionCount,10
PeakCoord,10
RegionAxisCount,10
RegionCount,10
AdvHeightMap,10
minGI,10
subrange,10
numRecs,10
rowData,10
reverseBytes,10
secondByteLoc,10
nearestMultipleShortestRepr,10
converterClass,10
ProcessingOrder,10
perGlyphLookup,10
MarkIndex,10
CurrentIndex,10
skewX,10
FEA,10
nonLinear,10
oConstraints,10
docBytes,10
colorID,10
nPairs,10
pointInRect,10
secondPt,10
cuFlags,10
ul1,10
ul2,10
Jamo,10
Enclosed,10
Tagbanwa,10
Tifinagh,10
Sundanese,10
Lepcha,10
LookupBlock,10
dx_adjust_by,10
dy_adjust_by,10
mark_glyph_set,10
anchors_,10
new_points,10
curve_to_quadratic,10
makeGlyph,10
makeCoverage,10
RangeAxisSubsetDescriptor,10
vfUserRegion,10
AxisMappingDescriptor,10
makeInstanceFilename,10
inputLoc,10
outputLoc,10
xml_attrs,10
yValue,10
axisDescriptor,10
newMap,10
r14,10
r40,10
r52,10
FreeTypePen,10
DecomposingPen,10
current_pt,10
ContourFilterPen,10
recordings,10
MAX_F2DOT14,10
handleOverflowingTransforms,10
other_pen,10
StatisticsPen,10
varianceX,10
segment_type,10
start_pts,10
contourPoints,10
featureName,10
buildVarDevTable,10
lookupflag_,10
featureNames_ids_,10
designAxes,10
start_range,10
Hatran,10
Garay,10
Yezidi,10
Adlam,10
BFF,10
C00,10
Avst,10
Cari,10
Mymr,10
Phag,10
Khar,10
center_point,10
control2,10
glyphs_emptied,10
glyphs_requested,10
realGlyphs,10
tableTags,10
call_procedure,10
s2x,10
seg1,10
seg2,10
xmlSnippet,10
subrIndex,10
argi,10
dy4,10
dy5,10
nextpos,10
_directory,10
hint_type,10
_regionList,10
_varDataCaches,10
getDeltas,10
interpolateFromDeltasAndScalars,10
allSubstitutions,10
MutatorMerger,10
mergeTables,10
decomposedRecording,10
allEqualTo,10
num_masters,10
getAdvanceMetrics,10
colr_layer_reuse,10
pinnedLocation,10
dt_config,10
f2py,10
default_dtypes,10
loader_path,10
b_f8,10
b_i4_f8_f8,10
numiter,10
AR_U,10
AR_M,10
D_out,10
I_u1_low,10
I_u1_high_closed,10
I_u2_low,10
I_u2_high_closed,10
I_u4_low,10
I_u4_high_closed,10
I_u8_low,10
I_u8_high_closed,10
I_i1_low,10
I_i1_high_closed,10
I_i2_low,10
I_i2_high_closed,10
I_i4_low,10
I_i4_high_closed,10
I_i8_low,10
I_i8_high_closed,10
pooh,10
piglet,10
Christopher,10
nd2,10
grades,10
masked_all_like,10
_fromnxfunction,10
flatten_mask,10
flatten_structured_array,10
_DomainSafeDivide,10
MaskedIterator,10
hasobject,10
yma,10
num_dts,10
free_bytes,10
MSubArray,10
_make_extobj,10
_extobj_contextvar,10
numpystr,10
_none_or_positive_arg,10
input_subscripts,10
_array_converter,10
_block_setup,10
_ArrayMemoryError,10
verify_matching_signatures,10
out_args,10
cp0,10
cp1,10
cp2,10
Signed,10
processed_kinds,10
arrayList,10
IS_64BIT,10
_no_tracing,10
tiny1d,10
m_rect,10
argsorts,10
array_priority,10
n_reconstruct,10
nndarray,10
allow_pickle,10
decimal_sep_localization,10
tgt2,10
test_neighborhood_iterator,10
iface,10
infarr,10
keys_vals,10
np_s,10
np_u,10
below_one,10
real_var,10
simple_dtypes,10
to_Dt,10
tgtdiv,10
tgtrem,10
_check_value_error,10
AVX512F,10
_int_min,10
data_storen,10
all_sfx,10
ucs2_value,10
ua3,10
check_pickling,10
fpos64,10
strtold_l,10
SecretDataAllocatorFuncs,10
more_init,10
default_allocator,10
msgform,10
str_a,10
do_test,10
rrarrrrrrrrra,10
tissue,10
op_dtype,10
ftype2,10
bad_feature,10
rfftfreq,10
assert_no_gc_cycles,10
testmatch,10
bfmt,10
Peters,9
get_lineno,9
sharp,9
InteractiveConsole,9
showtraceback,9
familiar,9
_get_spec,9
importers,9
module_or_name,9
_showwarnmsg_impl,9
_filters_mutated,9
_OptionError,9
rbrace,9
getwindowsversion,9
rel_list,9
arise,9
APPENDS,9
NEWOBJ,9
flavors,9
wink,9
accidental,9
popping,9
encapsulates,9
examining,9
arrange,9
obj_locals,9
ismethoddescriptor,9
Member,9
co_freevars,9
modulesbyfile,9
hitting,9
Arrange,9
sigcls,9
cr_frame,9
visit_Attribute,9
BoundArguments,9
from_function,9
TMP_MAX,9
races,9
W_OK,9
O_TMPFILE,9
Restrict,9
smtputf8,9
extended_smtp,9
received_data,9
received_lines,9
mlist,9
subscribe,9
DivisionUndefined,9
localcontext,9
Division,9
trapped,9
hash_,9
Equal,9
unaltered,9
satisfying,9
_round_down,9
halfway,9
__floor__,9
__ceil__,9
_isinteger,9
modulus,9
newcontext,9
alters,9
_set_rounding,9
is_normal,9
is_signed,9
is_zero,9
next_minus,9
next_plus,9
indication,9
scaleb,9
intrinsic,9
expansions,9
Compiled,9
_impl,9
troff,9
ustar,9
wav,9
pbm,9
pgm,9
xbm,9
mp4,9
USAGE,9
byte_view,9
readall,9
getstatusoutput,9
STARTUPINFO,9
_optim_args_from_interpreter_flags,9
popenargs,9
posix_spawn,9
preexec_fn,9
_waitpid_lock,9
obj_repr,9
_remaining_time,9
ReadFile,9
WaitForSingleObject,9
hanging,9
thanks,9
_is_dunder,9
_member_names,9
_ignore_,9
_member_names_,9
_decompose,9
err1,9
rates,9
terrible,9
Covariance,9
agreement,9
estimation,9
rescaling,9
abuse,9
dotIndex,9
sort_stats,9
tottime,9
weakrefs,9
tcsetattr,9
sha384,9
blake2b,9
blake2,9
_sha512,9
_extension_registry,9
_inverted_registry,9
Redundant,9
violates,9
claim,9
getmarkers,9
getmark,9
readframes,9
_ensure_header_written,9
_patchheader,9
Malformed,9
gave,9
time_string,9
informational,9
attaching,9
consequence,9
LHS,9
intend,9
_comp,9
commlength,9
Steve,9
standardized,9
Protection,9
u2229,9
logout,9
connects,9
irawq,9
sbdataq,9
Interaction,9
_FIELD,9
_FIELD_INITVAR,9
_FIELDS,9
_recursive_repr,9
examined,9
self_tuple,9
a_module,9
a_name,9
is_frozen,9
deciding,9
essential,9
_crc,9
unconsumed_tail,9
REPORT_UDIFF,9
REPORT_CDIFF,9
ellipses,9
set_continue,9
shortDescription,9
European,9
formatmonthname,9
optdict,9
imul,9
lshift,9
Structural,9
typevar_types,9
_check_generic,9
_cleanups,9
recursive_guard,9
_Final,9
impose,9
__forward_evaluated__,9
__forward_value__,9
__covariant__,9
__contravariant__,9
__bound__,9
subparams,9
_is_runtime_protocol,9
_no_init_or_replace_init,9
_ProtocolMeta,9
optional_keys,9
facilities,9
MemoryBIO,9
SSLCertVerificationError,9
_dnsname_match,9
ipname,9
create_default_context,9
OP_NO_SSLv2,9
SNI,9
sendmsg,9
telling,9
per_file,9
registers,9
_longcmd,9
howmuch,9
LC_MESSAGES,9
Martin,9
fitting,9
Fourth,9
edited,9
iso8859_10,9
iso8859_14,9
iso8859_2,9
iso8859_4,9
iso8859_9,9
et_EE,9
de_DE,9
fr_FR,9
Chinese,9
x0404,9
x0409,9
Persian,9
Sami,9
Modern,9
main_name,9
shells,9
optstring,9
eliminates,9
stray,9
unconverted,9
suit,9
__marker,9
NOT_LITERAL,9
REPEAT,9
sre_constants,9
is_active,9
introducing,9
ScrolledCanvas,9
end_fill,9
setheading,9
undobuffersize,9
config_dict,9
cwidth,9
_drawpoly,9
polyitem,9
_RUNNING,9
cstr,9
Subsequently,9
erroneously,9
_rotate,9
_outlinewidth,9
_poly,9
_fillitem,9
t22,9
m11,9
tshape,9
Closes,9
pl2,9
remote_action,9
remote_action_newwin,9
w3m,9
grows,9
annoying,9
Knuth,9
simplifying,9
activestate,9
_order,9
_exit_callbacks,9
old_exc,9
Callbacks,9
Routines,9
_pprint_dict,9
HtmlDiff,9
tend,9
get_matching_blocks,9
get_opcodes,9
subsequences,9
purposefully,9
lines_to_write,9
next_href,9
SIG_DFL,9
fromfd,9
urlretrieve,9
FileDialog,9
untagged,9
authobject,9
authenticated,9
a2b_base64,9
Richard,9
openpty,9
STDIN_FILENO,9
thisobject,9
noprefix,9
FInfo,9
FieldStorage,9
transparently,9
last_line_lfend,9
strippedline,9
SERVER_NAME,9
BZ2Decompressor,9
entropy,9
Beta,9
getdefaulttimeout,9
has_ipv6,9
SocketIO,9
dictates,9
James,9
tightly,9
UAdd,9
CMP,9
mirrored,9
path_stats,9
MACHDEP,9
syslog,9
LD_LIBRARY_PATH,9
NNTPDataError,9
readermode,9
is_connected,9
xFFFE,9
u0308,9
Bytecode,9
lineno_width,9
offset_width,9
RawDescriptionHelpFormatter,9
args_string,9
indent_first,9
help_lines,9
set_defaults,9
type_func,9
foo_bar,9
shorten,9
__r,9
divisions,9
common_dirs,9
common_funny,9
MMDF,9
_sync_close,9
as_string,9
set_info,9
_ProxyFile,9
_mangle_from_,9
message_from_file,9
Shorthand,9
_line,9
a_list,9
intermediary,9
nondirs,9
SYSTEM,9
HTML5,9
OpenKeyEx,9
_java_getprop,9
ENV,9
Portable,9
CharacterDataHandler,9
BOM_UTF32_LE,9
_get_size,9
mentions,9
replace_whitespace,9
Correct,9
_isrecursive,9
_join,9
_listdir,9
sitecustomize,9
is_virtual_environment,9
SafeUUID,9
_uuid,9
getnode,9
normdir,9
_split_list,9
visiblename,9
ErrorDuringImport,9
arial,9
classlink,9
Simply,9
pydoc_data,9
ASSIGNMENT,9
urlhandler,9
_writers,9
get_cache_token,9
UDPServer,9
inappropriate,9
get_request,9
close_request,9
finish_request,9
bind_and_activate,9
_HAVE_THREAD_NATIVE_ID,9
ownership,9
awakened,9
ephemeral,9
_ident,9
encounters,9
dubious,9
default_timer,9
Resets,9
get_makefile_filename,9
py_version_nodot_plat,9
posix_user,9
config_h,9
regards,9
arm32,9
_bytes_from_decode_data,9
vast,9
_set_stopinfo,9
ENOTDIR,9
PureWindowsPath,9
is_reserved,9
lookbehindgroups,9
getwhile,9
BadOptionError,9
explaining,9
Std,9
Pretend,9
Typing,9
cmdloop,9
substantial,9
stn,9
nts,9
_Stream,9
x5d,9
data_filter,9
errorlevel,9
error_msgs,9
inode,9
TIME,9
total_tt,9
arg_list,9
stat_list,9
EPIPE,9
SLASH,9
__mp_main__,9
encode_long,9
lightweight,9
_ALL_ONES,9
Hex,9
IETF,9
xhtml,9
YYY,9
_BufferedIOMixin,9
_read_lock,9
Undo,9
lseek,9
reconfigure,9
_get_decoder,9
disagree,9
FREE,9
is_nested,9
__flags,9
is_imported,9
_complete_expression,9
ZIP_BZIP2,9
create_version,9
corrupted,9
_compress_type,9
_compress_left,9
fheader,9
archiving,9
Localize,9
smv,9
srcentry,9
real_dst,9
PATHEXT,9
SMTPNotSupportedError,9
ehlo_resp,9
docmd,9
toaddrs,9
etb,9
dlls,9
consts,9
NetrcParseError,9
decodestring,9
lineEnd,9
thisline,9
ROUNDED,9
osx_version,9
_cache_default_sysroot,9
clang,9
llvm,9
uninstalled,9
Customize,9
Statistic,9
total_nframe,9
compile_dir,9
exit_status,9
ConversionError,9
VAV,9
YOD,9
x0100,9
INCREMENT,9
u0386,9
u038a,9
u038c,9
u038e,9
u03c2,9
u0130,9
u011f,9
u0406,9
u0456,9
PHO,9
SET,9
x2026,9
NON,9
utf_16_be_decode,9
cp424,9
parse_string,9
Compact,9
ufeff,9
Unterminated,9
_load_timedelta,9
XOR,9
arranged,9
do_stuff,9
for_stmt,9
EXPRESSION,9
bypassed,9
decorating,9
orderings,9
presses,9
comp_for,9
spelled,9
Outer,9
rationale,9
Alphabetic,9
Arthur,9
apostrophes,9
caveats,9
reversible,9
default_pip,9
ENSUREPIP_OPTIONS,9
_moduleSetUpFailed,9
unexpectedSuccesses,9
startTestRun,9
addFailure,9
addSuccess,9
create_autospec,9
_is_list,9
_deleted,9
_delegating_property,9
_mock_wraps,9
_name_list,9
_first,9
from_type,9
IsolatedAsyncioTestCase,9
return_exceptions,9
_call_if_exists,9
_tests,9
TextTestRunner,9
_createClassOrModuleLevelException,9
_raiseFailure,9
list1,9
_testFunc,9
showAll,9
noisy,9
JUnit,9
LineTooLong,9
rfc3986,9
injection,9
getheader,9
tunneling,9
_tunnel,9
split_header_words,9
initial_dot,9
origin_req_host,9
_now,9
adict,9
Iterates,9
protocol_version,9
coded_value,9
Parsed,9
DistutilsClassError,9
conclude,9
tails,9
text_file,9
awkward,9
run_commands,9
Preprocess,9
coarse,9
Finalizes,9
RefactoringTool,9
VSInstallDir,9
Product,9
smarter,9
LIBPATH,9
guessing,9
qualifier,9
build_flags,9
get_python_lib,9
repeatable,9
Mary,9
_cfg_target,9
set_verbosity,9
handle_display_options,9
bool_opts,9
write_pkg_file,9
get_license,9
get_platforms,9
get_classifiers,9
get_requires,9
get_provides,9
get_obsoletes,9
Christian,9
Heimes,9
vc_dir,9
vswhere,9
x86_amd64,9
ext_map,9
targeting,9
fragile,9
assemblyIdentity,9
n_targets,9
HTTPBasicAuthHandler,9
hurt,9
check_extensions_list,9
build_extension,9
get_ext_filename,9
surprisingly,9
Jane,9
readme,9
unmangled_version,9
asc,9
expand_basedirs,9
expand_dirs,9
_expand_attrs,9
xpos,9
bdist_wheel,9
ProgressBar,9
format_command,9
read_template,9
got_it,9
maxBytes,9
exc_text,9
trivially,9
formatTime,9
rootnode,9
Frames,9
_warnings_showwarning,9
env_exe,9
script_path,9
upgraded,9
sqlite_master,9
sqlite_sequence,9
ParseResult,9
SplitResult,9
_coerce_args,9
attr2,9
handler_order,9
newheaders,9
user_passwd,9
Settings,9
EMPTY_PREFIX,9
ENUM,9
start_element_handler,9
_builder,9
_ns_contexts,9
startElementNS,9
processingInstruction,9
setContentHandler,9
_is_id,9
_get_length,9
attname,9
old2,9
idAttr,9
NoModificationAllowedErr,9
NotSupportedErr,9
toktype,9
byteStream,9
saveXML,9
_set_length,9
_pending_start_element,9
saxutils,9
_parsing,9
_interning,9
w3c,9
_escape_attrib,9
_ignored_depth,9
qname_text,9
FileTests,9
more_details,9
pairings,9
current_test_name,9
test_exceptions,9
test_types,9
FS_NONASCII,9
Leaving,9
pyflakes,9
previous_test,9
Stroke,9
ports,9
ticking,9
WarningsRecorder,9
Matcher,9
_align,9
shorthands,9
App,9
old_mode,9
formulas,9
methodresponse,9
_marks,9
add_result,9
method_info,9
Scaron,9
florin,9
lceil,9
rceil,9
scaron,9
uarr,9
joiner,9
lap,9
leftarrow,9
convert_charrefs,9
__starttag_text,9
_dirfile,9
_datfile,9
TRACE,9
filelike,9
BaseCGIHandler,9
pycache_prefix,9
b11,9
loader_state,9
_resolve_name,9
parent_name,9
contributing,9
PackageMetadata,9
SelectableGroups,9
ew_combine_allowed,9
endchars,9
get_fws,9
misplaced,9
Quoted,9
differentiate,9
appendto,9
stuck,9
_chunks,9
header_encoding,9
get_content,9
tss,9
slist,9
squeezing,9
fieldvalues,9
timeval,9
MIMEBase,9
SharedMemory,9
GetLastError,9
_alignment,9
get_executable,9
JoinableQueue,9
freeze_support,9
log_to_stderr,9
_tls,9
source_process,9
_forkserver,9
alive_r,9
main_module,9
_fds,9
AF_PIPE,9
Definitions,9
ERROR_NETNAME_DELETED,9
_len_to_seq,9
_processes,9
_check_running,9
change_notifier,9
task_handler,9
_success,9
_parent_pid,9
STARTED,9
_manager,9
_getvalue,9
set_child,9
bare_name,9
line_text,9
ListComp,9
find_binding,9
touch_import,9
dotted_as_names,9
import_as_name,9
George,9
build_pattern,9
Replaces,9
cls_node,9
expr_node,9
DFA,9
gettoken,9
async_def,9
FILETIME,9
s390x,9
libFOO,9
_flags_,9
py_object,9
IncompleteReadError,9
_DEFAULT_LIMIT,9
run_forever,9
_protocol_paused,9
_serving_forever_fut,9
_start_serving,9
_ready,9
func_repr,9
can_write_eof,9
_do_waitpid,9
_saved_sighandler,9
_task,9
seplen,9
_must_cancel,9
IocpProactor,9
_cancel_message,9
paired,9
_iocp,9
getresult,9
transferred,9
exc_class,9
_post_init,9
executor_reference,9
_max_workers,9
_work_queue,9
_broken,9
spin,9
add_cancelled,9
spend,9
vline,9
actual_len,9
annotation_key,9
add_note,9
CapsuleType,9
_recursive_guard,9
_add_doc,9
_add_module,9
Setuptools,9
pkg_path,9
VarArg,9
showpage,9
DeviceRGB,9
page_number,9
Photoshop,9
Pixels,9
custom_mimetype,9
im_data,9
_MAGIC,9
Jpeg2KImagePlugin,9
icc,9
mpentry,9
Primary,9
mpheader,9
accents,9
ttb,9
fontpath,9
ABD,9
viewers,9
show_file,9
blackpoint,9
whitepoint,9
rescaled,9
exif_image,9
data_offset,9
get_ifd,9
setimage,9
Consumer,9
COMPRESSIONS,9
SAMPLEFORMAT,9
n_d,9
_setitem,9
approximates,9
size_2d,9
size_3d,9
ogl,9
masked_value,9
pieslice,9
getrgb,9
l32,9
ImageFilter,9
ImageWin,9
preinit,9
alphacode_index,9
last_frame,9
frame_im,9
ABSOLUTE_COLORIMETRIC,9
Black,9
proofProfile,9
WMF,9
_long,9
mode_len,9
TGA,9
Dib,9
aquamarine,9
firebrick,9
lightgrey,9
Grayscale,9
_seq_num,9
k_str,9
hotspot,9
color_depth,9
x3a,9
pytest_collection,9
pytest_terminal_summary,9
ruff,9
HOOK_LEGACY_PATH_ARG,9
Metafunc,9
pytest_collect_file,9
collectonly,9
pytest_runtest_teardown,9
pytest_assertion_pass,9
reportinfo,9
truncate_args,9
last_test_count,9
report_status,9
get_real_func,9
name2fixturedefs,9
FixtureDefs,9
tblines,9
perform_collect,9
isinitpath,9
LOCATION,9
SubtestReport,9
from_current,9
sub_report,9
node_reporter,9
filter_traceback,9
strict_parametrization_ids,9
exconly,9
teardown_module,9
Duplicates,9
idval,9
strict_config,9
strict_markers,9
is_match,9
consider_lock_dead_if_created_before,9
Didn,9
terminalwriter,9
captureclass,9
disable_warnings,9
addopts,9
markup_word,9
prioritize,9
fail_reason,9
i_actual,9
syspathinsert,9
_from_json,9
inline_run,9
parseconfigure,9
errlines,9
test_something,9
wnick,9
reprfuncargs,9
White,9
Wide,9
getrawcode,9
_rawentry,9
Mostly,9
pathological,9
strargs,9
ini_options,9
inicfg,9
relroot,9
undeclared,9
verbosity_type,9
LPAREN,9
keyword_name,9
mark_list,9
right_value,9
Docstring,9
non_dict_mapping_subclass,9
STRING_DTYPES,9
FLOAT_NUMPY_DTYPES,9
float_ea_dtype,9
csc,9
revisionid,9
GITS,9
NUM,9
abbrev,9
postN,9
cubicspline,9
fwf,9
get_resolution,9
downsampling,9
Upsample,9
datapoints,9
TimeSeries,9
forwards,9
resides,9
keys_to_use,9
_get_agg_axis,9
listlikes,9
Validates,9
_chained_assignment_msg,9
_chained_assignment_warning_msg,9
validate_ascending,9
ensure_key_mapped,9
_check_setitem_copy,9
standardize_mapping,9
get_fill_func,9
Accessor,9
hist_series,9
_indexed_same,9
geo,9
register_series_accessor,9
xarr,9
new_y,9
bc_type,9
_datetimelike_compat,9
lshape,9
compress_group_index,9
is_int64_overflow_possible,9
nargminmax,9
value_counts_internal,9
maybe_prepare_scalar_for_op,9
ndarray_to_mgr,9
reindex_axis,9
_set_axis_name,9
_drop_labels_or_levels,9
appendable,9
render_kwargs,9
http_status,9
shark,9
get_numeric_data,9
week_starting,9
broadcast_axis,9
_align_series,9
forming,9
dtype_sum,9
maybe_infer_to_datetimelike,9
ABCNumpyExtensionArray,9
mrecords,9
NDArrayBackedExtensionBlock,9
common_type,9
employed,9
Naive,9
other_series,9
wings,9
hist_frame,9
boxplot_frame,9
alignable,9
_setitem_with_indexer,9
_validate_key,9
_getitem_axis,9
thru,9
enlarge,9
is_frame,9
factorize_array,9
na_sentinel,9
res_indexer,9
Sorted,9
_cython_table,9
is_instance_factory,9
multi_sparse,9
chop_threshold,9
dispatch_ufunc_with_out,9
dispatch_reduction_ufunc,9
_cum_func,9
row_idx,9
fill_wrap,9
nlocs,9
column_margin,9
comp_index,9
mask_all,9
_unstack,9
MultiIndexed,9
value_slice,9
data_to_encode,9
dummy_cols,9
_left_indicator,9
_right_indicator,9
take_right,9
_factorize_keys,9
left_join_indexer,9
to_rename,9
_supports_2d,9
get_window_bounds_doc,9
left_closed,9
groupby_indices,9
unpack_tuple_and_ellipses,9
UnitChoices,9
_convert_listlike,9
maybe_downcast_numeric,9
values_dtype,9
dt_array,9
lower_builtin,9
type_callable,9
arrty,9
create_struct_proxy,9
is_monotonic_increasing_bounds,9
comp_arr,9
is_max,9
abbrev_to_npy_unit,9
_tz,9
from_numpy_dtype,9
NUMPY_INT_TO_DTYPE,9
isnaobj,9
iufc,9
chunk_len,9
hourly,9
ABCTimedeltaIndex,9
is_scipy_sparse,9
castable,9
deduce,9
pandas_dtype_func,9
U21,9
find_result_type,9
pytimedelta,9
validate_min,9
validate_max,9
_datetimelike_methods,9
Kleene,9
format_object_summary,9
ExtensionScalarOpsMixin,9
weekofyear,9
InvalidComparison,9
allow_listlike,9
monotonicity,9
DateOffsets,9
rng_tz,9
closed_left,9
closed_right,9
interv_idx,9
BaseStringArrayMethods,9
_convert_int_result,9
res_list,9
string_arrow,9
out_mask,9
other_codes,9
n_categories,9
lookup_array,9
_candidate,9
pa_version_under14p1,9
null_placement,9
CMP_OPS_SYMS,9
arrays_and_dtypes,9
is_reversed,9
BaseExprVisitor,9
left_str,9
right_str,9
format_percentiles,9
box_native_indices,9
get_chunks,9
null_kind,9
NON_NULLABLE,9
USE_BYTEMASK,9
NATIVE,9
DatetimeTimedeltaMixin,9
_is_comparable_dtype,9
_parse_with_reso,9
seconds_series,9
line_break_each_value,9
include_name,9
_holds_integer,9
pself,9
level_order,9
join_array,9
nFreq,9
get_adjustment,9
level_numbers,9
int64_t,9
house,9
JITed,9
expected_args,9
DataSplitter,9
sort_idx,9
grper,9
_python_agg_general,9
grouped_reduce,9
_agg_general,9
groupby_self,9
BaseWindowGroupby,9
decay,9
_create_data,9
group_indices,9
roll_mean,9
pentagon,9
aligned_args,9
extend_blocks,9
_is_consolidated,9
from_blocks,9
tot_items,9
blk_locs,9
get_rule_month,9
pos_check,9
tnum,9
AttributeConflictWarning,9
PossiblePrecisionLoss,9
ValueLabelTypeMismatch,9
CategoricalConversionWarning,9
max_arg_count,9
validate_kwargs,9
validate_args_and_kwargs,9
new_sig,9
cell_width,9
_integer,9
f12,9
arr_bool,9
arr_date,9
arr_tdelta,9
numpy_array,9
share_memory,9
test_sort_values,9
test_items,9
single_block,9
df_view,9
Overwriting,9
test_delete,9
df_replaced,9
test_operators,9
vec_items,9
OCT,9
single_nat_dtype_datetime,9
other_box,9
abab,9
p1_d,9
p2_d,9
timedelta_NaT,9
expected_add,9
abd,9
feb2009,9
bool2,9
A_a,9
dummies_with_unassigned,9
dfs_for_indicator,9
key_0,9
df1_vals,9
cright,9
midx1,9
invalid_method,9
target_source,9
foo4,9
foo5,9
_check_join,9
sers,9
eee,9
ts3,9
ser_index,9
start_ts,9
end_ts,9
h_date,9
t_date,9
type2,9
get_locales,9
test_normalize,9
test_to_numpy,9
dt_date,9
dt_datetime,9
dt_datetime_us,9
rounder,9
test_invert,9
cmp_result,9
fixed_off,9
incur,9
tz_name,9
Dropping,9
ordered1,9
ordered2,9
result_fill_value,9
data2d,9
test_astype_object,9
dta2,9
as_nano,9
zarr,9
xloc,9
test_take_fill_value,9
interval_container,9
string_type,9
nan_arr,9
value_group,9
test_argsort,9
acb,9
cat4,9
_registered_options,9
annual,9
AUG,9
offset5,9
offset6,9
offset7,9
saturday,9
offset_nem_thu_aug_4,9
cls2,9
bday_egypt,9
expected_localize,9
_TUESDAY,9
PY312,9
arith1,9
result_view,9
Corner,9
refdf,9
intname,9
col_a,9
AABB,9
broadcasts,9
collike,9
NUM_ROWS,9
StringCol,9
idx_col,9
akey,9
zero_filled,9
board,9
sorted_dict,9
rnlvl,9
df_idx,9
sky,9
expected_first,9
expected_last,9
_check_cast,9
exp_ser,9
df_with_object_index,9
Strongly,9
some_name,9
tt2,9
exp_parts_cats_col,9
check_dtypes,9
df_dup_cols,9
res_row,9
indexer_class,9
permute,9
typechecking,9
cast_index,9
idx_view,9
div_err,9
populates,9
dti4,9
equal_contents,9
test_intersection,9
check_result,9
result_union,9
ii2,9
i_copy,9
check_freq_nonmonotonic,9
yfirst,9
result_tz,9
result_2,9
round_freq,9
neq,9
any_string_method,9
f_g_h,9
BAD_,9
fooooo,9
shrt,9
check_series_type,9
pair_different_warnings,9
Caused,9
get_allocated_khash_memory,9
exp_li,9
exp_ri,9
datetime2,9
field2,9
data_frame,9
Pony,9
ts_grouped,9
is_dt64,9
col_3,9
str_col,9
bug_var,9
g_exp,9
dfg,9
_ohlc,9
custom_df,9
df_with_cat_col,9
_call_and_check,9
error_type,9
string_series_,9
test_valid,9
data_constructor,9
values_for_np_reduce,9
snapping,9
rand_str,9
data_exp,9
end_naive,9
try_parse_dates,9
pointwise_result,9
test_arith_series_with_scalar,9
abcba,9
test_fillna_series,9
na_value_obj,9
full_indexer,9
cast_to,9
input_ilocs,9
expected_ilocs,9
group_2,9
df2a,9
arithmetic_numba_supported_operators,9
a_sum,9
expected_vals,9
cov_x_x,9
get_datevalue,9
get_finder,9
mark_right,9
orig_ax,9
expected_markers,9
spndx,9
y_max,9
gnuplot,9
plot_params,9
virginica,9
float_array,9
labels_position,9
FFFFFF,9
_index_name,9
pyreadstat,9
sav,9
error_class,9
created_handles,9
legacy_pickle,9
string_with_nan,9
round_trip_localpath,9
GCS,9
Metcalf,9
SQLAlchemyEngine,9
count_rows,9
view_name,9
sqlite_adbc_conn,9
get_sqlite_column_type,9
file_ext,9
FastParquetImpl,9
float_,9
long_,9
_typlist,9
to_infer,9
read_infer,9
boolv,9
dfq,9
pytables_hdf5_file,9
DataIndexableCol,9
caption_table,9
val0,9
has_horizontally_truncated_repr,9
test_sers,9
biggie_df_fixture,9
expected_without_index,9
CSS4_COLORS,9
get_template,9
html_style,9
top_css,9
row4,9
_get_level_lengths,9
mi_df,9
max_index,9
hidden_elements,9
assert_json_roundtrip_equal,9
USA,9
Scott,9
missing_metadata,9
User001,9
flat1,9
convert_json_field_to_pandas_type,9
index_nm,9
planet_df,9
anon,9
Placemark,9
elem2,9
blues,9
OFFICENS,9
get_sheet_by_index,9
r_idx_levels,9
Worksheet,9
read_frame,9
get_sheet_by_name,9
python_calamine,9
Sheet4,9
testmultiindex,9
should_byteswap,9
SAS7BDATReader,9
utf_value,9
numeric_decimal,9
conv_f,9
balanced,9
_msg_pyarrow_requires_names,9
test_env,9
num_offset,9
_as_array,9
assert_reindex_axis_is_ok,9
min_size,9
caught_warnings,9
first_diff,9
_set_option,9
pkey,9
qtpy,9
matlab,9
alignments,9
pos_args,9
label_kw,9
_make_plot,9
c_is_column,9
has_level_label,9
label_interval,9
color_values,9
_get_layout,9
is_last_row,9
valid_keys,9
color_tup,9
row_node,9
prev_text,9
prev_rowspan,9
x7e,9
sic,9
_convert_strl,9
DBAPI2,9
total_inserted,9
has_read_data,9
column_names_and_types,9
PRIMARY_SELECTION,9
set_clipboard,9
encoded_labels,9
prop2,9
Jinja,9
show_row_idx_names,9
write_tr,9
tr_col_num,9
terminal_height,9
font_names,9
gcolidx,9
header_element_visible,9
visible_row_count,9
latex_styles,9
str_columns,9
fmt_klass,9
_default_orient,9
obj_to_write,9
passed_names,9
col_na_values,9
col_na_fvalues,9
try_num_bool,9
floatify,9
first_row_bom,9
validate_freeze_panes,9
_style_cache,9
path_to_file,9
Views,9
ReaderBase,9
member_info,9
vec2,9
_sanitize_extrema,9
get_clim,9
_check_exclusionary_keywords,9
ultralight,9
unit_rectangle,9
quotedblright,9
dotlessi,9
dotaccent,9
asciitilde,9
bracketleft,9
asciicircum,9
ogonek,9
germandbls,9
quoteright,9
quoteleft,9
Lslash,9
quotedbl,9
quotedblleft,9
exclam,9
lslash,9
braceright,9
periodcentered,9
daggerdbl,9
plusminus,9
quotesingle,9
numbersign,9
bracketright,9
inside_closedpath,9
split_bezier_intersecting_with_closedpath,9
path_out,9
get_cos_sin,9
bezier2,9
open_file_cm,9
igood,9
bxp,9
_unpack_to_numpy,9
_make_class_factory,9
tdelta,9
_enums,9
validate_fontweight,9
stixsans,9
cycler_inst,9
labelweight,9
use_locale,9
fancybox,9
labelspacing,9
borderaxespad,9
max_open_warning,9
portrait,9
useafm,9
xelatex,9
pdflatex,9
hashsalt,9
fullscreen,9
set_family,9
get_stretch,9
weight1,9
define_aliases,9
_edgecolor,9
set_hatch_color,9
_set_gc_clip,9
set_snap,9
_x0,9
_y0,9
_theta1,9
scaleA,9
scaleB,9
zoomed,9
_posA_posB,9
handle_sizes,9
_get_packed_offsets,9
get_usetex,9
get_fontproperties,9
drag,9
pick_event,9
withStroke,9
frame_dir,9
_post_draw,9
new_timer,9
_save_seq,9
_bounds,9
reset_ticks,9
_format_maybe_minus_and_locale,9
abs_max,9
_edge,9
min_n_ticks,9
kwarg_error,9
SymmetricalLogTransform,9
ndiscard,9
make_axes,9
extendrect,9
_cbar,9
_extend_lower,9
dividers,9
_inside,9
_extend_patches,9
set_navigate,9
Backcompat,9
get_metrics,9
_get_info,9
cached_font,9
load_char,9
StixFonts,9
downward,9
STIXFontConstants,9
Vbox,9
ldelim,9
rdelim,9
operatorname,9
parse_all,9
toolfig,9
_SelectorWidget,9
on_key_release,9
_corner_order,9
refx,9
_draw_polygon,9
ax_bbox_list,9
margin_right,9
ss_to_subplots,9
gridspecs,9
pastel,9
dusty,9
ocean,9
set_verticalalignment,9
cbpad,9
SubplotParams,9
_segmentdata,9
limit_range_for_scale,9
path_cpls,9
HAND,9
home_views,9
motion,9
ToolHelpBase,9
dvips,9
font_family,9
halt,9
_mouseover_set,9
get_fully_transformed_path,9
get_transformed_path_and_affine,9
_set_alpha_for_array,9
shape_codes,9
AxLine,9
wxagg,9
backend_mod,9
FigureClass,9
isinteractive,9
set_tight_layout,9
unshare,9
handed,9
get_frame_on,9
ginput,9
matshow,9
nbagg,9
broken_barh,9
cohere,9
complementary,9
plotnonfinite,9
barbcolor,9
text_obj,9
remaining_axis,9
get_figwidth,9
get_figheight,9
Bounding,9
return_new_glyphs_only,9
glyph_name_or_index,9
set_rotation_mode,9
AffineDeltaTransform,9
interval_contains,9
mcolorizer,9
set_pickradius,9
_unstale_viewLim,9
Steps,9
get_segments,9
get_positions,9
Gouraud,9
get_masked_triangles,9
Backends,9
grid_alpha,9
_apply_tickdir,9
_apply_params,9
tick_kw,9
isDefault_majloc,9
kw_,9
_set_lim,9
set_label_text,9
stotal,9
get_markerfacecolor,9
numrows,9
numcols,9
y_int,9
f11,9
XHeight,9
StdHW,9
StdVW,9
CharMetrics,9
set_frame,9
_marker_function,9
markerfacecoloralt,9
mpaths,9
_iter_collection,9
cycle_or_default,9
_cliprect,9
_single,9
rsock,9
get_window_title,9
_get_uniform_gridstate,9
x_state,9
y_state,9
BivarColormapFromImage,9
_n_regions,9
arr_max,9
shaded,9
xconv,9
subslice,9
auto_set_font_size,9
pdftops,9
XDG_CONFIG_HOME,9
_deprecated_ignore_map,9
_connectors,9
xy_data,9
shoulder,9
urpath,9
precondition,9
get_tk_widget,9
_event_mpl_coords,9
_destroying,9
_gtk_ids,9
_GOBJECT_GE_3_47,9
mod_table,9
_backend_tk,9
NavigationToolbar2Wx,9
_isDrawn,9
WebAggApplication,9
EventMask,9
cidg,9
QIcon,9
FigureManagerQT,9
_subplot_dialog,9
setValue,9
clippath_trans,9
path_codes,9
thetext,9
Cairo,9
PdfFile,9
widened,9
concat_matrix,9
_character_tracker,9
beginStream,9
pdfname,9
fontdescObject,9
colordim,9
points_min,9
sfnts,9
underlinePosition,9
underlineThickness,9
_log_if_debug_on,9
trf,9
paper_height,9
actionscript,9
formlayout,9
TrapezoidMapTriFinder,9
triinterpolator,9
Delaunay,9
refi_x,9
_unit_x,9
_unit_y,9
return_keys,9
ipt,9
_tris_pts,9
eccentricities,9
d2z,9
x_sq,9
y_sq,9
z_sq,9
f_dof,9
_longitude_cap,9
use_rmin,9
_use_rmin,9
user_angle,9
theta_offset,9
use_sticky_edges,9
set_rlim,9
format_sig,9
fmt_ydata,9
needs_ghostscript,9
UnitDblFormatter,9
code_path,9
all_exists,9
code_piece,9
assert_approx_equal,9
x_target,9
y1_target,9
updater,9
qt_api,9
TF_BUILD,9
Azure,9
reruns,9
simplified_path,9
animate,9
Glyphs,9
maxFunctionDefs,9
maxStackElements,9
collinear,9
Boo,9
parasite_axes,9
get_autoscale_on,9
ycenter,9
ln1,9
miles,9
window_len,9
move_data,9
xyclosed,9
cut_star1,9
cut_star2,9
triang0,9
DUMMY_SETTINGS,9
y_ranges,9
ax_t_twin,9
ax_b_twin,9
pad_to_density_real,9
t_specgram,9
fsp_c,9
ycontrol1,9
s_val,9
sub_fig,9
CCNS,9
DCNS,9
sum_i,9
fx2,9
xminor,9
yminor,9
check_ticklabel_visible,9
mock_show,9
box_right,9
kwcolor,9
bin_range,9
perp_lines,9
ambiguous_fmt_datakey,9
SCORE,9
ast_node,9
LLOC,9
harv_mock,9
mi_cfg,9
stdout_mock,9
cell_target,9
code_dtype,9
check_code_array,9
allow_empty_lists,9
ChunkCombinedOffsetOffset,9
LineReturn_ChunkCombinedNan,9
split_at,9
y_chunk_size,9
x_chunk_size,9
list_of_codes,9
Bokeh,9
show_frame,9
call_win32,9
just_fix_windows_console,9
STDERR,9
_GetConsoleScreenBufferInfo,9
replace_by,9
pycharm,9
non_tty,9
nested_dict,9
KeyToken,9
FullLoader,9
DocumentStartEvent,9
SequenceStartEvent,9
MappingStartEvent,9
StreamEndEvent,9
flow_indicators,9
MarkedYAMLError,9
problem_mark,9
yaml_representers,9
yaml_multi_representers,9
represented_objects,9
item_key,9
yaml_constructors,9
yaml_multi_constructors,9
check_node,9
yaml_implicit_resolvers,9
exact_paths,9
flow_sequence_entry,9
cov_total,9
_consume_fields,9
MetadataInconsistent,9
InstallationSubprocessError,9
SITE,9
UpgradePrompt,9
call_subprocess,9
trusted_hosts,9
_finder,9
_wheel_cache,9
lazy_wheel,9
legacy_resolver,9
unpacked_source_directory,9
select_backend,9
is_hash_allowed,9
trust_internet,9
resume_retries,9
backports,9
backoff_factor,9
Keyring,9
FileCache,9
AbstractDistribution,9
get_requires_for_build_editable,9
hide_url,9
download_path,9
iter_installed_distributions,9
user_only,9
get_build_tracker,9
_build_package_finder,9
get_pip_version,9
with_cleanup,9
PipOption,9
resolver_variant,9
target_item_dir,9
COMP_CWORD,9
tempdir_registry,9
SpinnerInterface,9
unset_environ,9
sdist_directory,9
normalized_dist_location,9
ReqFileLines,9
uninstalled_pathset,9
_AVAILABLE_SCHEMES,9
osx_framework_library,9
BaseCandidate,9
providers,9
max_rounds,9
parsed_requirement,9
BasePath,9
repo_url,9
main_context,9
BarColumn,9
default_values,9
LocationValueError,9
connection_from_url,9
connection_from_host,9
drain_conn,9
UnrewindableBodyError,9
format_multipart_header_param,9
default_socket_options,9
_decompress,9
_TYPE_PEER_CERT_RET_DICT,9
wait_for_read,9
resolve_cert_reqs,9
httplib_response,9
target_supports_http2,9
ALPN_PROTOCOLS,9
make_headers,9
_cache_values,9
end_stream,9
urllib3_connection,9
int_buffer,9
_fetcher,9
x409,9
IDNABidiError,9
_backwards,9
BackendUnavailable,9
_original_SSLContext,9
CFIndex,9
hIntermediateCertStore,9
DictCache,9
__email__,9
e_fmt,9
requirement_string,9
_get_musl_version,9
marker_var,9
VARIABLE,9
EF_ARM_ABI_FLOAT_HARD,9
riscv64,9
glibc_max_list,9
glibc_major,9
min_minor,9
build_part,9
file_stem,9
UndefinedEnvironmentName,9
_evaluate_markers,9
_compare_equal,9
with_debug,9
Py_GIL_DISABLED,9
unicode_size,9
_py_interpreter_range,9
fat32,9
__title__,9
videos,9
music,9
Music,9
user_desktop_dir,9
T201,9
EX_CONSTRUCT,9
moduleOrReq,9
as_requirement,9
__resource_manager,9
script_bytes,9
ResourceFinder,9
_body_position,9
_content_consumed,9
merge_setting,9
urllib3_version,9
find_plugin_lexers,9
ansicolors,9
FORMATTERS,9
_TokenType,9
get_lexer_by_name,9
onequarter,9
threequarters,9
PythonTracebackLexer,9
alltrue,9
issubclass_,9
sometrue,9
csound,9
literate,9
ragel,9
_formatter_cache,9
_CACERT_CTX,9
ControlCode,9
StyleSyntaxError,9
RichRenderable,9
_traverse,9
move_cursor_backward,9
DEFAULT_TERMINAL_THEME,9
blend_rgb,9
top_space,9
items_table,9
EmojiVariant,9
_style_map,9
_renderable,9
last_instruction,9
_color_system,9
frame_info,9
plain_text,9
open_tag,9
cell_length,9
json_data,9
sanitized_text,9
processed_code,9
adjust_line_length,9
show_speed,9
spinner_name,9
auto_repr,9
AnchoredSizeBar,9
artist_list,9
mpl_axes,9
axes_row,9
_colorbar_size,9
asb,9
xy_viewLim,9
_depthshade,9
zfront,9
zback,9
_vertical_axis,9
labeldeltas,9
xy_dataLim,9
shareview,9
set_zbound,9
extend3d,9
ticksize,9
_offset_radius,9
get_tick_transform,9
lat_n,9
lon_n,9
lon_minmax,9
lat_minmax,9
line_mutation_scale,9
yzero,9
expected_factor,9
cover_pylib,9
abs_file,9
DefaultValue,9
TConfigurable,9
data_filename,9
excluded_lines,9
n_missing_branches,9
add_regions,9
code_regions,9
outside_lines,9
TSourceTokenLines,9
source_token_lines,9
reason_no_sysmon,9
TTraceData,9
TConfigSectionOut,9
numbits1,9
numbits2,9
sort_option,9
concur_id_func,9
line_data,9
LOG,9
DISABLE,9
human_sorted,9
hasher,9
files_to_combine,9
short_annotations,9
FileData,9
_has_lines,9
dataop,9
nexts,9
xclass,9
MISSING_FALLBACK,9
TypeQuery,9
callable_with_ellipsis,9
alias_type_params_names,9
instantiate_type_alias,9
fix_instance,9
from_unimported_type,9
seq_item,9
ndb,9
erased_vars,9
erasure,9
IMPORT,9
IterationDependentErrors,9
IterationErrorWatcher,9
ignore_prefix,9
only_once_messages,9
set_import_context,9
error_tuples,9
shadow_file,9
MypyError,9
t_item,9
s_unpacked,9
principled,9
read_float_bare,9
local_definitions,9
has_self_or_cls_argument,9
max_pos,9
is_abstract_var,9
explicit_self_type,9
removed_base_type_exprs,9
removed_statements,9
unanalyzed,9
invalid_recursive_alias,9
inferred_iterator_type,9
method_types,9
reveal_locals,9
value_expr,9
_mro_refs,9
runtime_protocol,9
_is_recursive,9
stored_info,9
name_prefix,9
constant_fold_expr,9
infer_condition_value,9
infer_reachability_of_if_statement,9
get_type_vars,9
OVERLOAD_NAMES,9
global_decls,9
add_type_alias_deps,9
can_defer,9
reprocess,9
metaclass_name,9
find_duplicate,9
base_id,9
is_self_member_ref,9
flatten_lvalues,9
tv_arg,9
lvs,9
symbol_table,9
check_untyped_defs,9
strongly_connected_components,9
m_dict,9
actual_items,9
TypeTraverserVisitor,9
_negative_subtype_caches,9
proto_deps,9
subcache,9
build_signature,9
fail_typeddict_arg,9
native_parser,9
preserve_asts,9
right_star,9
new_cs,9
freshen_all_functions_type_vars,9
optional_posargs,9
required_names,9
Relevant,9
infer_c_method_args,9
reexport,9
generate_class_stub,9
IdMapper,9
LiteralValue,9
can_be_false_default,9
right_item_type,9
is_unannotated_any,9
_find_hook,9
freeze_all_type_vars,9
deleted_as_rvalue,9
find_occurrences,9
getattr_type,9
analyze_ref_expr,9
assigned_readonly_keys,9
object_desc,9
runtime_all_as_set,9
key_name,9
stub_target,9
runtime_origin,9
compute_search_paths,9
_dummy_fallback,9
elif_stmt,9
needs_lxml,9
Daemon,9
explicit_export_types,9
direct_imports,9
refresh_file,9
n_errors,9
type_is_iterable,9
lookup_typeinfo,9
add_any_attribute_to_type,9
replace_object_state,9
r_name,9
check_func_item,9
get_generator_return_type,9
type_override,9
name_expr,9
ref_type,9
allow_empty_bodies,9
check_lvalue,9
star_lv,9
pattern_map,9
unsound_partition,9
simplified_operator_list,9
narrowable_indices,9
is_target_for_value_narrowing,9
custom_eq_indices,9
from_equality,9
EqualityValueInfo,9
add_field,9
_per_module_cache,9
code_str,9
runtime_all,9
get_qualified_name,9
min_arg_count,9
UseReverse,9
skip_idx,9
check_arg,9
callee_arg_kinds,9
misc_group,9
quickstart,9
code_group,9
MetadataStore,9
files2,9
num_shards,9
all_attrs,9
write_json_value,9
connect_threads,9
plugin_dir,9
parallel_states,9
early_errors,9
cached_options,9
root_source,9
APPROVED_STUBS_NOT_INSTALLED,9
dep_id,9
fresh_msg,9
expand_path,9
config_types,9
new_sections,9
as_block,9
refine_type,9
process_node,9
near_misses,9
_file_data,9
add_attribute_dependency,9
previous_targets_with_errors,9
test_data_prefix,9
BytesEnum,9
def_alias_1,9
assert_expand,9
type_a,9
lit_str2,9
gv2i,9
UpdateFile,9
_item_fail,9
cache1,9
maxw,9
add_attribute_to_class,9
adder,9
replace_sig,9
output_types,9
_BaseExceptionGroupSelf,9
bchar,9
assert_unreachable,9
__pat,9
sort_ids,9
_byweekno,9
dset,9
rlist,9
ritem,9
tzkey,9
tzname_in_python2,9
_dst_abbr,9
hasdst,9
tzoffsetto,9
skipped_tokens,9
skipped_idxs,9
_needs_hiding,9
dist_info_directory,9
find_packages,9
dist_data,9
multi_version,9
grammars,9
DEFAULT_WHITE_CHARS,9
callPreparse,9
optElements,9
maxMismatches,9
initChars,9
reString,9
escQuote,9
_PositionToken,9
CIRCLE,9
burlap,9
attrName,9
curCol,9
diff2,9
format_h,9
always_iterable,9
len_iter,9
fontmake,9
charnum,9
_kerning,9
TTGlyphPen,9
nameStrings,9
usWinAscent,9
usWinDescent,9
cmap_classes,9
ulUnicodeRange3,9
sTypoDescender,9
sTypoLineGap,9
ulCodePageRange1,9
ulCodePageRange2,9
_initTableWithValues,9
unicodeValue,9
subTables,9
buildVarRegionList,9
buildVarData,9
defaultVertOriginY,9
usNumSigs,9
clipBoxes,9
axis_def,9
decompilation,9
buildDefaults,9
specializer,9
convertCFF2ToCFF,9
loggingGroup,9
hlineto,9
vlineto,9
vstem,9
_everyN,9
_categorizeVector,9
missingdict,9
convertCFFToCFF2,9
callsubr,9
charStringsAreIndexed,9
charStringsIndex,9
op_hintmask,9
remove_hints,9
unionRect,9
intRect,9
hdrSize,9
packCard16,9
postpath,9
prepath,9
diff_arg,9
CREATE_DEFAULT,9
convByName,9
CompositeMode,9
layerRecords,9
baseRec,9
table_C_P_A_L_,9
_flatten_layers,9
valueRecordFormatDict,9
getAlternateGlyphs,9
AFDKO,9
LigatureSubstBuilder,9
MultipleSubstBuilder,9
SingleSubstBuilder,9
glyphclass2,9
gc2,9
curValue,9
deviceX,9
deviceY,9
XDeviceTable,9
YDeviceTable,9
LigatureAnchor,9
classID,9
PairValueCount,9
valueRecord,9
multilingual,9
DesignAxisRecord,9
italicsCorrections,9
topAccentAttachments,9
MathKernInfoRecords,9
new_subtables,9
RangeRecord,9
LWFN,9
Res,9
eexec_dict,9
_reverseGlyphOrder,9
newfont,9
normalizeFormatVersion,9
OSFS,9
_reverseContents,9
_getPlist,9
_writePlist,9
pointType,9
_elementStack,9
prevPointTypes,9
glyphToFirstGroup,9
readData,9
FileExpected,9
removePath,9
newValue,9
TransformPointPen,9
_setCoordinates,9
AxisIndicesList,9
leftSideX,9
T_S_I_V_,9
_tableCache,9
ttLibVersion,9
tableWriter,9
TSI1,9
TSIC,9
Silf,9
bsln,9
standardGlyphOrder,9
metaOffset,9
privOffset,9
overlapSimpleBitmap,9
transform_tables,9
max2,9
parallel_list,9
Graphite,9
batched,9
translateX,9
translateY,9
setSupports,9
instanceSize,9
nTracks,9
entryData,9
newVariations,9
sharedPoints,9
HHH,9
unistr,9
windowsName,9
macName,9
Canadian,9
emojicolors,9
attribIds,9
indentwhite,9
metricName,9
colorRecords,9
nContours,9
curLoc,9
RepackerState,9
readUShortArray,9
offset_pos,9
PosLookupRecords,9
FeatureVariationCount,9
VarRegionAxis,9
EntryFormat,9
LsbMap,9
RsbMap,9
TsbMap,9
BsbMap,9
VOrgMap,9
metamorphosis,9
Flags32,9
firstByte,9
startCharCode,9
lastCharCode,9
bitmapGlyphDict,9
featureParamTypes,9
reader_copy,9
LigComponents,9
entryIndex,9
numLookups,9
entrySize,9
longWords,9
_itemClass,9
eid,9
oldLen,9
newLen,9
numPasses,9
gid_size,9
dataOffsetSize,9
skip_root,9
flagRepeat,9
xIndex,9
yIndex,9
Phonetic,9
Phoenician,9
Radicals,9
Ancient,9
Alphanumeric,9
Lydian,9
originOffsetX,9
originOffsetY,9
sbixStrikeHeaderFormatSize,9
glyphDataOffsets,9
_lookups,9
adv_adjust_by,9
adjust_pair,9
coverages_1,9
coverages_2,9
adjust_single,9
coverage_to,9
MarkClassDefinition,9
output_font,9
delta_3,9
cubic_farthest_fit_inside,9
RuleCount,9
discreteAxes,9
vfDoc,9
rulesProcessingLast,9
muteInfo,9
opsz,9
OTSpec,9
locElement,9
conditionElement,9
dimensionElement,9
masterElement,9
FilterPen,9
OpenContourError,9
r17,9
r20,9
r25,9
r28,9
r29,9
r30,9
r33,9
r35,9
r38,9
r39,9
r45,9
r47,9
currentPath,9
decomposeNested,9
solveQuadratic,9
ExplicitClosingLinePen,9
sumNodes,9
pointToString,9
_lastCommand,9
_lastX,9
_lastY,9
LocationTuple,9
add_to_variation_store,9
model_cache,9
axis_mappings,9
valuerecord1,9
valuerecord2,9
cv_parameters_ids_,9
vhea_,9
fontTable,9
feature_name,9
designAxis,9
lexers_,9
symbol_tables_,9
chainContext,9
expect_any_number_,9
limit_range,9
Bamum,9
Javanese,9
Hieroglyphs,9
Sogdian,9
Brahmi,9
Sharada,9
Nandinagari,9
Marchen,9
Miao,9
SignWriting,9
Toto,9
A00,9
D7F,9
D80,9
DBF,9
Aghb,9
Armn,9
Tang,9
New_Tai_Lue,9
Nyiakeng_Puachue_Hmong,9
Vith,9
Diak,9
achar,9
may_have_non_1to1,9
rssCount,9
collect_features,9
__options,9
ps_string,9
newstr,9
dicttype,9
_resources,9
numRes,9
s1y,9
bitIndex,9
t1OperandEncoding,9
hintCount,9
sawMoveTo,9
rMoveTo,9
dx4,9
dx5,9
dx6,9
dy6,9
ResourceReadOnly,9
raw_info,9
m_index,9
setModel,9
regionMap,9
featureRemap,9
mutator,9
MVAR_ENTRIES,9
overweight,9
panel_width,9
CONTOUR_ORDER,9
KINK,9
UNDERWEIGHT,9
OVERWEIGHT,9
normalized_master_locs,9
axis3D,9
byte_lengths,9
top_dicts,9
pt_coords,9
mergeLists,9
deleteVariations,9
COLRVariationMerger,9
phantomIndex,9
_PointSegment,9
_DeltaSegment,9
ri1,9
metricsTag,9
slants,9
shouldKeep,9
pinnedAxes,9
distancePositive,9
tupleVarData,9
_umath_tests,9
DTypePromotionError,9
__cpu_baseline__,9
FORTRAN,9
cbrt,9
vecmat,9
broadcast_shapes,9
TypeTup,9
AR_LIKE_U,9
AR_i8,9
seed_seq,9
D_arr_0p9,9
D_arr_like_0p9,9
S_out,9
array_scalar,9
_16Bit,9
_80Bit,9
msk,9
nfields,9
newfieldname,9
masked_a,9
ufunc_fills,9
primitive_dtype,9
_arraymethod,9
__singleton,9
fail_if_equal,9
ma1,9
ma2,9
mXvar0,9
_machar,9
MachArLike,9
get_handler_version,9
max_iterN,9
_get_extobj_dict,9
recurser,9
_legacy,9
naive_cost,9
tmp_operands,9
buffersizes,9
max_int64,9
deletechars,9
_block_dispatcher,9
_UFuncNoLoopError,9
include_align,9
max_alignment,9
startindex,9
delay_bufalloc,9
int_types,9
CommaDecimalPointLocale,9
_zeros,9
kth_dtype,9
ebf,9
make_obj,9
arr_method,9
_wh,9
_wh_partial,9
pyscalar,9
xf64,9
float_a,9
fpeerr,9
ft_max,9
realloc,9
_generate_int32_data,9
check_like_function,9
get_data_variation,9
arr1_o,9
_gen_alignment_data,9
numpy_val,9
get_kwarg,9
MyThing,9
MyNoArrayFunctionArray,9
ASIMD,9
vdata_c,9
buffer_length,9
Info2,9
native_file,9
dt_sub,9
typeA,9
pass_barrier,9
sx16,9
bx16,9
sy16,9
by16,9
set_old_policy,9
prologue,9
check_complex_value,9
infi,9
_check_multi_index,9
indexed_arr,9
NEG_INVALID_ERR,9
LTONE_INVALID_ERR,9
contig_in,9
a_sub,9
ABACADA,9
check_may_share_memory_exact,9
same_steps,9
get_out_axis_size,9
utf8_bytes,9
use_out,9
it_copy,9
_fftn_dispatcher,9
shift_dim_both,9
clear_and_catch_warnings,9
jiffies,9
check_equal,8
undone,8
Stuff,8
__excepthook__,8
formatwarning,8
_showwarning,8
p_drive,8
Being,8
lexically,8
eliminating,8
heart,8
faithfully,8
__safe_for_unpickling__,8
uint1,8
bytes1,8
survive,8
read_long1,8
pytuple,8
pyset,8
LONG_BINPUT,8
OBJ,8
__getinitargs__,8
errormsg,8
markmsg,8
istraceback,8
isframe,8
gi_running,8
GeneratorType,8
co_kwonlyargcount,8
getabsfile,8
decrement,8
CO_VARARGS,8
formatannotation,8
formatvarargs,8
formatvarkw,8
num_pos,8
dict_attr,8
class_dict,8
visit_Name,8
_get_signature_of,8
Unwrap,8
_ParameterKind,8
_return_annotation,8
vulnerable,8
supports_follow_symlinks,8
_allocate_lock,8
O_BINARY,8
TEMP,8
setuid,8
Mailman,8
_decode_data,8
getfqdn,8
__line,8
RSET,8
VRFY,8
localspec,8
remotespec,8
isfirstline,8
_backupfilename,8
EncodingWarning,8
_readline,8
Keeps,8
Price,8
Hettinger,8
FloatOperation,8
ROUND_HALF_UP,8
ROUND_CEILING,8
ArithmeticError,8
_fix_nan,8
ceiling,8
self_is_nan,8
other_is_nan,8
agrees,8
outlined,8
Remainder,8
violated,8
inequalities,8
limiting,8
logical_invert,8
max_mag,8
min_mag,8
boring,8
Closest,8
log_d,8
hash_info,8
InterpolationSyntaxError,8
_KEYCRE,8
sect,8
fpname,8
pack_into,8
inited,8
suff,8
pkcs7,8
wShowWindow,8
restore_signals,8
extra_groups,8
redirecting,8
open_osfhandle,8
waited,8
orig_timeout,8
attribute_list,8
unqualified,8
comspec,8
ProcessLookupError,8
sabotage,8
original_names,8
member_value,8
compiler_flag,8
fmean,8
median_grouped,8
traffic,8
ybar,8
agnostic,8
st_ino,8
st_dev,8
print_stats,8
cumtime,8
hls_to_rgb,8
rgb_to_hsv,8
hsv_to_rgb,8
saturation,8
_alive,8
_iterating,8
_dirty,8
sha3_256,8
__get_builtin_constructor,8
decorating_function,8
maxother,8
AUDIO_UNKNOWN_SIZE,8
_write_u32,8
_data_size,8
zreplace,8
newformat,8
time_comps,8
secondsfrac,8
isoweekday,8
us3,8
utcfromtimestamp,8
localtm,8
_strptime,8
algebra,8
Finite,8
_ssnd_chunk,8
_adpcmstate,8
ulaw,8
alaw,8
retrlines,8
all_errors,8
PASS,8
voidresp,8
facts,8
ftps,8
targeted,8
Dir,8
flushes,8
hash_based,8
source_size,8
Idle,8
BINARY,8
queued,8
option_callback,8
fill_rawq,8
Markers,8
_create_fn,8
other_tuple,8
obscure,8
penalty,8
_set_new_attribute,8
collects,8
WAVE,8
wave,8
FMT,8
timefunc,8
_get_sep,8
initial_slashes,8
new_comps,8
Major,8
picture,8
PS2,8
Safely,8
_checker,8
Reporting,8
Finished,8
clear_globs,8
buildbots,8
slate,8
DocTestCase,8
formatweekday,8
EPOCH,8
_operator,8
_closefp,8
decomp,8
ByteString,8
legitimate,8
Plain,8
lexicographic,8
_LiteralGenericAlias,8
_eval_type,8
_Immutable,8
annotating,8
s_args,8
include_extras,8
_strip_annotations,8
_NamedTuple,8
SSL_ERROR_WANT_READ,8
CERT_OPTIONAL,8
PROTOCOL_SSLv23,8
VerifyMode,8
inet_aton,8
_ASN1Object,8
SERVER_AUTH,8
ALPN,8
protos,8
OP_NO_SSLv3,8
selected_alpn_protocol,8
recvmsg,8
connect_ex,8
globaltrace,8
localtrace,8
Michael,8
ditto,8
_get_module_details,8
randbelow,8
resumed,8
HAVE_SSL,8
_getline,8
_group,8
percents,8
Currency,8
LANGUAGE,8
iso8859_16,8
iso8859_5,8
iso8859_8,8
iso2022_jp,8
th_TH,8
iso88592,8
sr_cs,8
ptcp154,8
english,8
big5hkscs,8
x0436,8
x0401,8
x0423,8
x0445,8
Simplified,8
x0413,8
Africa,8
x0425,8
x0438,8
x0437,8
x0407,8
x0447,8
x0439,8
x0421,8
Syllabics,8
x0411,8
x0457,8
x0412,8
x0440,8
x0454,8
x0426,8
x0427,8
x0414,8
x0448,8
x0415,8
x0416,8
x0446,8
x0418,8
x0417,8
x0419,8
x0432,8
x0424,8
x0441,8
x0428,8
x0449,8
x0444,8
x0451,8
x0442,8
x0422,8
x0420,8
x0443,8
x0434,8
x0435,8
__lines,8
f_weekday,8
a_weekday,8
f_month,8
a_month,8
programmer,8
week_of_year,8
iso_week,8
century,8
ambiguities,8
dict_items,8
aclose,8
Supporting,8
CALL,8
SRE_FLAG_ASCII,8
resolved_bases,8
overwrite_doc,8
cr_code,8
speeding,8
predecessor,8
n2i,8
inform,8
movements,8
penup,8
borderwidth,8
pady,8
cget,8
_createpoly,8
_dot,8
Starts,8
cumulate,8
_colormode,8
cmode,8
TNavigator,8
_angleOrient,8
_fullcircle,8
_goto,8
_stretchfactor,8
analogously,8
m22,8
a11,8
Manages,8
toDelete,8
considerably,8
newdocstr,8
GenericBrowser,8
BaseBrowser,8
remote_action_newtab,8
KDE,8
GNOME,8
gnome,8
osapipe,8
opened_files,8
returnitem,8
Volume,8
rightpos,8
suppressing,8
finalizing,8
cm_exit,8
LIFO,8
pending_raise,8
understands,8
SndHeaders,8
testall,8
underscore_numbers,8
_recursion,8
currentThread,8
set_seqs,8
bcde,8
hundreds,8
entirety,8
pump,8
peach,8
Flat,8
ore,8
best_ratio,8
eqi,8
num_blanks_to_yield,8
_split_line,8
fromdata,8
todata,8
_wraps,8
gdbm,8
BaseHTTPServer,8
NAME_MAPPING,8
ifilterfalse,8
quote_plus,8
unquote_plus,8
UnicodeWarning,8
WindowsError,8
_elementtree,8
SimpleDialog,8
SimpleHTTPRequestHandler,8
suggests,8
CLOSE,8
COPY,8
STARTTLS,8
_command,8
dat2,8
subtracted,8
orggre,8
guna,8
rfds,8
restval,8
sniff,8
columnTypes,8
Namespaces,8
_DID_DATA,8
_ignore_deprecation_warning,8
close_data,8
Escaped,8
releasing,8
not_empty,8
grow,8
FIFO,8
parse_header,8
_env,8
_sqrt,8
gauss_next,8
exchange,8
corrected,8
EWOULDBLOCK,8
signaled,8
raddr,8
set_inheritable,8
ancdata,8
scope_id,8
IPPROTO_IPV6,8
x00020000,8
rit,8
node_or_string,8
Caution,8
USub,8
copy_location,8
Outputs,8
isprintable,8
is_constant,8
PyCompileError,8
ARFLAGS,8
BINDIR,8
lexpat,8
makesetup,8
_abc,8
MULTIARCH,8
Resources,8
gdb,8
ARTICLE,8
getcapabilities,8
NNTPError,8
NNTPReplyError,8
XOVER,8
tripping,8
HEADERS,8
raw_line,8
u03ac,8
u03ae,8
u03ce,8
x2116,8
i_n,8
omits,8
Jump,8
name_list,8
hasfree,8
__rlshift__,8
__rrshift__,8
ZERO_OR_MORE,8
_format_text,8
args_str,8
_subparsers,8
RCS,8
left_list,8
right_list,8
clocks,8
set_subdir,8
_next_key,8
_file_length,8
_lock_file,8
_unlock_file,8
_mboxMMDFMessage,8
print_stack,8
walk_tb,8
extracted_list,8
_format_final_exc_line,8
filename_suffix,8
chained_msg,8
chained_exc,8
theoretically,8
Modifying,8
last_exc,8
Markup,8
SVN,8
win32_ver,8
libc_ver,8
Strictly,8
platform_version,8
osinfo,8
buildno,8
_sys_version,8
_encode_base64,8
_escape,8
_indent_level,8
write_array,8
BOM_UTF32_BE,8
ball,8
Collapse,8
has_magic,8
glob_in_dir,8
inspected,8
_sitebuiltins,8
getusersitepackages,8
Disabled,8
joinuser,8
sitepackages,8
libedit,8
first_local_mac,8
multicast,8
ExtensionFileLoader,8
ee77aa,8
spill,8
imclass,8
emacs,8
COMPLEX,8
CALLS,8
bltin,8
more_xrefs,8
HTTPServer,8
server_activate,8
Accordingly,8
_string,8
ABCDEF,8
used_args,8
abstractproperty,8
_abc_registry,8
_abc_negative_cache_version,8
ForkingMixIn,8
Kenneth,8
allow_reuse_address,8
finishing,8
IPPROTO_TCP,8
TCP_NODELAY,8
emulating,8
_is_owned,8
_limbo,8
Native,8
time_taken,8
StreamReaderWriter,8
iterencode,8
_findvar1_rx,8
_findvar2_rx,8
chicken,8
inc_dir,8
AMD64,8
rel_re,8
foldspaces,8
wrapcol,8
Shelf,8
botframe,8
deleteMe,8
get_stack,8
frame_lineno,8
st_uid,8
_select_from,8
_from_parsed_parts,8
_from_parts,8
other_path,8
pitrou,8
TYPE_FLAGS,8
Optik,8
Redistributions,8
short_first,8
expand_default,8
check_value,8
onecmd,8
sublicense,8
REGTYPE,8
CHRTYPE,8
BLKTYPE,8
blockwise,8
dbuf,8
FilterError,8
o755,8
isreg,8
supplement,8
OPEN_METH,8
stmd,8
hardlink,8
upperdirs,8
filtername,8
sort_tuple,8
new_callers,8
ECONNRESET,8
LPAR,8
RPAR,8
LBRACE,8
RBRACE,8
finalize_unix,8
no_pyver,8
_inject_headers,8
ip_address,8
_BaseAddress,8
_BaseNetwork,8
_report_invalid_netmask,8
prefixlen_str,8
_netmask_cache,8
Addresses,8
addr_str,8
registry_,8
parts_hi,8
Odd,8
_readmodule,8
_pyio,8
size_index,8
new_position,8
_closefd,8
_decoded_chars_used,8
next_input,8
_set_decoded_chars,8
chars_decoded,8
lone,8
cookie_re,8
blank_re,8
StringPrefix,8
_get_normal_name,8
line_string,8
needcont,8
endprog,8
comment_token,8
_wait_for_mainpyfile,8
do_debug,8
sizeEndCentDir64,8
_compresslevel,8
_unconsumed,8
MSB,8
_zipfile,8
_comment,8
force_zip64,8
forgot,8
centDirCount,8
_ancestry,8
_next,8
MSC,8
_GiveupOnFastCopy,8
filename2,8
setxattr,8
ignore_dangling_symlinks,8
dstname,8
_basename,8
terminal_size,8
CS_PATH,8
pathext,8
jabs_op,8
encode_base64,8
recipient,8
addrstring,8
parseaddr,8
displayname,8
does_esmtp,8
verb,8
gaierror,8
recip,8
header_prefix,8
TEMPLATE,8
integrated,8
pgettext,8
npgettext,8
mofile,8
starimports,8
entryname,8
odata,8
sticking,8
SINK,8
ARCHFLAGS,8
macrelease,8
_format_size,8
allocations,8
StatisticDiff,8
traceback_limit,8
trace_filter,8
trace_traceback,8
PREV,8
doubly,8
oldkey,8
trade,8
cache_token,8
_decimal,8
load_,8
SHIN,8
u0101,8
u0113,8
u012b,8
u014d,8
u0122,8
u0100,8
u012a,8
u0116,8
u012e,8
u0172,8
u016a,8
u0117,8
u012f,8
u0173,8
u016b,8
u014c,8
u0136,8
u0137,8
u013b,8
u013c,8
u0146,8
u0112,8
u0145,8
u2211,8
u25ca,8
u2015,8
u0388,8
u0395,8
cp1254,8
u011e,8
STRAIGHT,8
ToUnicode,8
u0102,8
u0103,8
koi8,8
cp1257,8
u0404,8
u0407,8
u0454,8
u0457,8
OSC,8
utf_32_be_decode,8
cp500,8
_codecs_cn,8
utf_16_le_decode,8
x0669,8
x0640,8
cp869,8
SUIT,8
cp1253,8
cp1250,8
tmin,8
HORN,8
_iterencode,8
_make_iterencode,8
parse_array,8
scan_once,8
raw_decode,8
_strong_cache,8
num_trans,8
_trans_utc,8
occasionally,8
dst_abbr,8
time_type,8
swaps,8
Coroutines,8
Customizing,8
multiplicative,8
additive,8
printf,8
not_test,8
Decorators,8
mathematically,8
Collections,8
with_item,8
Mismatch,8
Wildcard,8
postpone,8
significand,8
answers,8
xid_continue,8
titlecase,8
migration,8
readability,8
collide,8
Raising,8
Containers,8
customizing,8
specialization,8
alist,8
apt,8
Fedora,8
Bootstrap,8
_stderr_buffer,8
_original_stdout,8
startTest,8
InvalidSpecError,8
FunctionTypes,8
skipfirst,8
assert_has_calls,8
method_calls,8
expected_string,8
any_order,8
TEST_PREFIX,8
_exit_stack,8
Inside,8
_original,8
__sizeof__,8
other_name,8
is_type,8
_DebugResult,8
__unittest_skip__,8
trac,8
_top_level_dir,8
sortUsing,8
exc_name,8
longMessage,8
_SubTest,8
do_something,8
catchbreak,8
testLoader,8
_interrupt_handler,8
signalled,8
host_enc,8
curl,8
CHAR,8
rfc2109,8
Cookie2,8
boolean_attrs,8
formatdate,8
displaypath,8
collapsed_path,8
dir_sep,8
strval,8
Switching,8
proceeding,8
split_provision,8
mypkg,8
cygwinccompiler,8
unixccompiler,8
msc_pos,8
gcc_version,8
libfoo,8
Mingw32,8
preprocess_options,8
ldflags_exe_debug,8
_bcpp,8
suspect,8
DISTUTILS_DEBUG,8
glob_to_re,8
ditch,8
parse_command_line,8
language_map,8
add_library,8
add_library_dir,8
Typecheck,8
augment,8
mustard,8
link_shared_object,8
pretty_printer,8
attention,8
_get_rc_file,8
_read_pypi_response,8
collapse_join,8
_environ_checked,8
_squote_re,8
_dquote_re,8
script_fd,8
rfc822_escape,8
Perry,8
read_keys,8
load_macros,8
normalize_and_reduce_paths,8
__product,8
get_msvc_paths,8
sue,8
get_python_inc,8
python_dir,8
longopt_pat,8
short2long,8
set_negative_aliases,8
OptionDummy,8
opt_names,8
_ensure_list,8
command_packages,8
redundantly,8
user_file,8
print_commands,8
klass_name,8
has_headers,8
tester,8
src_cmd,8
exec_msg,8
ldflags_debug,8
EMBED,8
VS_BASE,8
Wow6432Node,8
NET_BASE,8
newList,8
toolsdir,8
manifest_file,8
_copy_file_contents,8
check_options,8
has_config,8
nContent,8
oldmode,8
newmode,8
o555,8
swig_cpp,8
new_lib,8
user_lib,8
target_ext,8
check_library_list,8
source_only,8
build_requires,8
force_arch,8
spec_dir,8
def_build,8
bytecode_files,8
include_bytecode,8
check_package,8
check_module,8
find_package_modules,8
install_script_key,8
machine_action,8
user_action,8
exe_action,8
target_dir_prop,8
exe_prop,8
PreInstall,8
modeless,8
WhichUsers,8
DlgFontBold8,8
costing,8
ActionData,8
FEATURE_SELECTED,8
ALLUSERS,8
Uninstall,8
show_formats,8
READMES,8
template_exists,8
_add_defaults_optional,8
_add_defaults_data_files,8
make_release_tree,8
reST,8
disable_existing,8
valid_ident,8
configure_custom,8
extMatch,8
dstNow,8
use_socktype,8
win32evtlog,8
msecs,8
PercentStyle,8
usesTime,8
hostinfo,8
splituser,8
HTTPRedirectHandler,8
addclosehook,8
AbstractBasicAuthHandler,8
r_scheme,8
is_authenticated,8
Digest,8
Bah,8
agents,8
closehook,8
Expat,8
XMLNS_NAMESPACE,8
_no_type,8
isId,8
end_element_handler,8
CommentHandler,8
cdata_sections,8
whitespace_in_element_content,8
DOCUMENT_FRAGMENT_NODE,8
namespace_declarations,8
PullDOM,8
startPrefixMapping,8
_child_node_types,8
_ownerElement,8
actualEncoding,8
create_entity_ref_nodes,8
resolveEntity,8
Haven,8
getPublicId,8
_namespaces,8
supplies,8
_serialize_xml,8
troubleshooting,8
_ns_stack,8
FatalIncludeError,8
get_attribute,8
temp_cwd,8
change_cwd,8
random_seed,8
use_mp,8
TestFailed,8
USE_XML,8
repcount,8
urllib_parse,8
_reset_cache,8
digital,8
_tmp,8
test_error,8
OpenProcess,8
Big,8
real_val,8
meanempty,8
SafeTransport,8
getparser,8
getData,8
logRequests,8
nabla,8
otimes,8
sup1,8
zed,8
Cap,8
hbar,8
ncy,8
Zcaron,8
zcaron,8
SimpleHandler,8
headers_sent,8
simplifies,8
witch,8
ExecutionLoader,8
loader_class,8
cache_path,8
FileLoader,8
ResourceLoader,8
TraversableResources,8
as_file,8
bound_method,8
Sectioned,8
extra1,8
extra2,8
HeaderDefect,8
non_printables,8
SPECIALS,8
AddressList,8
ListSeparator,8
vtext,8
branching,8
remaining_space,8
last_word,8
get_handlers,8
get_params,8
Compat32,8
surrogateescaped,8
_sanitize,8
mar,8
Daylight,8
changeset,8
zeroth,8
_msgstack,8
fed,8
_make_methods,8
_wait_semaphore,8
_USE_POSIX,8
shared_memory,8
_allocated_offsets,8
_resource_tracker,8
_Popen,8
c_ushort,8
memset,8
Reduction,8
_exit_function,8
_forkserver_address,8
_forkserver_alive_fd,8
_forkserver_pid,8
get_preparation_data,8
_recv_bytes,8
_got_empty_message,8
openmode,8
_notempty,8
ThreadPool,8
maxtasks,8
wrap_exception,8
AuthenticationString,8
sandbox,8
Rebuild,8
segment_names,8
Destroy,8
release_segment,8
shared_memory_context,8
sms,8
maxint,8
iterative,8
run_order,8
cannot_convert,8
load_grammar,8
compile_node,8
fixer_pkg,8
LParen,8
RParen,8
inner_args,8
node2,8
MinNode,8
usages,8
new_N,8
vfpdef,8
FixImports,8
bare_with_attr,8
mod_member,8
ns2,8
newstate,8
packaged,8
startsymbol,8
DFAState,8
Taken,8
Pointer,8
affinity,8
distinguishing,8
buftype,8
CFUNCTYPE,8
pythonapi,8
c_size_t,8
_endian,8
StreamReaderProtocol,8
feed_eof,8
trsock,8
addrinfo,8
get_protocol,8
is_reading,8
TransportSocket,8
_default_executor,8
remove_done_callback,8
run_in_executor,8
_app_transport,8
allow_broadcast,8
coro_repr,8
_FINISHED,8
_asyncio,8
repl_future,8
AbstractChildWatcher,8
get_child_watcher,8
client_connected_cb,8
winner_index,8
running_tasks,8
_loop_reading,8
buffer_updated,8
_loop_writing,8
current_task,8
_done_callback,8
PipeHandle,8
putter,8
_UNWRAPPED,8
_process_write_backlog,8
__log_traceback,8
dest_loop,8
_WorkItem,8
add_exception,8
Evaluates,8
call_item,8
_executor_manager_thread_wakeup,8
_result_queue,8
_system_limited,8
initscr,8
textbox,8
notably,8
__non_callable_proto_members__,8
FORWARDREF,8
original_init_subclass,8
_collect_parameters,8
PY2,8
with_metaclass,8
heptapod,8
_distutils_hack,8
show_bug,8
bytes_mv,8
NAA,8
getmodebands,8
BitsPerComponent,8
next_object_id,8
register_save_all,8
TagInfo,8
TAGS_V2_GROUPS,8
populating,8
MakerNote,8
getmodebase,8
qimage,8
o16b,8
olefile,8
existing_entries,8
allowed_chars,8
xref_section_offset,8
Images,8
icclist,8
MARKER,8
load_read,8
decoderconfig,8
_imagingft,8
International,8
armn,8
WAIT,8
imagemagick,8
preprocessing,8
colorize,8
Pixel,8
bleed,8
SupportsRead,8
_previously_seen_pixels,8
run_length,8
imgnumber,8
filename_ext,8
SIMPLE,8
NumpyArray,8
load_end,8
sum2,8
ERRORS,8
_frame_pos,8
Dimension,8
BmpImageFile,8
DibImageFile,8
xy0,8
closepath,8
errorBUF,8
STRIPOFFSETS,8
Overload,8
fillorder,8
extra_tuple,8
offsetOfNewPage,8
iimm,8
idx_out,8
VOLUME,8
pitch,8
getbands,8
bitorder,8
first_col,8
TAR,8
yyyy,8
FLOYDSTEINBERG,8
PpmImagePlugin,8
requested_schema,8
encoder_args,8
scale_x,8
scale_y,8
open_fp,8
ImageTransformHandler,8
p_d,8
full_x,8
color0,8
Accumulate,8
_read_header,8
_get_bbox,8
width_difference,8
GifImageFile,8
im_out,8
color_table_size,8
intents,8
marginal,8
colorTemp,8
EITHER,8
colormaptype,8
October,8
rgb_floats,8
ff0000,8
seagreen,8
tomato,8
carries,8
palette_length,8
im_mode,8
comp_method,8
fdAT,8
XPM,8
Tcl,8
altering,8
catch_warnings_for_item,8
PytestRemovedIn9Warning,8
pytest_runtestloop,8
pytest_make_collect_report,8
pytest_ignore_collect,8
pytest_pycollect_makeitem,8
torn,8
teardowns,8
pytest_report_teststatus,8
TEST_OUTCOME,8
mismatching,8
listchain,8
repr_failure,8
user_properties,8
CallSpec2,8
ParamArgKey,8
items_by_argkey,8
funcitem,8
_register_fixture,8
fixture_def,8
node_or_obj,8
wrap_session,8
subtest_errors,8
exception_info,8
message_data,8
number_of_elements,8
_approx_scalar,8
reimplement,8
approx_side_as_map,8
xml_key,8
xunit1,8
testreport,8
AssertionRewritingHook,8
_param_mark,8
testfunction,8
nose,8
callobj,8
originalname,8
setup_class,8
Calculated,8
scope_,8
arg_directness,8
artificial,8
from_config,8
_ensure_unconfigure,8
matchnode,8
make_numbered_dir,8
lock_timeout,8
touching,8
dlist,8
needed_collectors,8
log_format,8
orig_level,8
log_file_handler,8
Measure,8
FDCapture,8
CaptureResult,8
wcswidth,8
reportchars,8
VERBOSITY_TEST_CASES,8
hasmarkup,8
_color_for_type,8
UP031,8
_report_status,8
kwparam,8
_nested,8
Notset,8
filescompleter,8
_to_json,8
getbasetemp,8
parseconfig,8
InvocationParams,8
get_config,8
ReprEntryNative,8
PrintHelp,8
_inidict,8
defensive,8
astcache,8
ignored_config_files,8
bar1,8
_configured,8
pytest_,8
pythonpath,8
fspath_value,8
as_cwd,8
maxnum,8
eno,8
not_expr,8
FILE_NAME,8
RPAREN,8
value_token,8
Markable,8
AssertionState,8
seen_lines,8
walrus,8
assertstate,8
BYTES_DTYPES,8
SIGNED_INT_NUMPY_DTYPES,8
UNSIGNED_INT_NUMPY_DTYPES,8
SIGNED_INT_EA_DTYPES,8
any_real_nullable_dtype,8
refnames,8
parentdir_prefix,8
git_describe,8
commits,8
IntStrT,8
NumpyIndexT,8
ColspaceArgType,8
Manager2D,8
JSONEngine,8
XMLParsers,8
Offsets,8
nattype,8
timegrouper,8
upsampled,8
Scipy,8
timesteps,8
Downsample,8
Mean,8
_GroupByMixin,8
resampler,8
get_cython_func,8
misspelled,8
ax_values,8
edges_dti,8
nat_count,8
freq_value,8
origin_timestamp,8
ABCNDFrame,8
_set_names,8
GroupByApply,8
generate_numba_apply_func,8
result_values,8
relabelling,8
lambda_0,8
optional_reindex,8
__pandas_priority__,8
Corresponding,8
error_name,8
any_none,8
_set_values,8
meaningless,8
repr_params,8
quetzal,8
Kendall,8
Faster,8
Montserrat,8
_info_axis_name,8
Conform,8
rdiv,8
iufcb,8
_dir_additions,8
Cubic,8
fw_limit,8
non_nans,8
non_nan_idx,8
groupsort_indexer,8
_freeze,8
consolidating,8
speedups,8
Going,8
validate_inclusive,8
_repr_latex_,8
ExcelFormatter,8
force_ascii,8
MySQL,8
Dimensions,8
validate_take,8
Putting,8
Safari,8
IE10,8
reindexers,8
whale,8
_can_hold_identifiers_and_holds_name,8
pad_or_backfill,8
Operate,8
dest_list,8
Alfred,8
_align_frame,8
_logical_func,8
nansem,8
_USE_BOTTLENECK,8
_maybe_get_mask,8
intervalindex,8
Sanitize,8
to_arrays,8
dataframe_protocol,8
select_columns_by_name,8
_is_homogeneous_type,8
oauthlib,8
google_auth_oauthlib,8
fill_missing_names,8
_from_arrays,8
StrL,8
new_arr,8
temp_c,8
shifted_dataframes,8
sale,8
take_smaller,8
demonstrates,8
new_column,8
correlations,8
old_ax,8
_to_dict_of_blocks,8
length_of_indexer,8
_iLocIndexer,8
_is_scalar_access,8
new_ix,8
Unalignable,8
ABCTimedeltaArray,8
_reconstruct_data,8
sizer,8
map_infer_mask,8
any_not_none,8
legal_values,8
sparsified,8
test_ufunc,8
_mixins,8
extract_bool_array,8
accumulations,8
get_objs_combined_axis,8
_passed_categorical,8
marginal_result_set,8
get_unanimous_names,8
df6,8
full_shape,8
cnames,8
rcodes,8
variables_slice,8
Unordered,8
_ensure_matching_resos,8
Overlapping,8
check_setitem_lengths,8
maybe_convert_indices,8
DateParseError,8
first_non_null,8
should_cache,8
arg_array,8
numba_data,8
serialize_object,8
is_grouped_kernel,8
unification,8
ea_compat_axis,8
alt_dtype,8
hash_tuples,8
is_time,8
isna_all,8
ExtensionDtypeT,8
_is_dtype,8
do_round,8
upcasts,8
maybe_upcast_numeric_to_64bit,8
_from_scalars,8
dtype_if_all_nat,8
test_replace,8
_maybe_mask_results,8
validate_periods,8
_dtype_cls,8
from_buffers,8
compose,8
Implementer,8
implementers,8
npmask,8
cast_blocklist,8
_create_comparison_method,8
unique_deltas,8
_period_dispatch,8
from_ordinals,8
_validate_listlike,8
autodetect,8
o_mask,8
other_i8,8
_is_dates_only,8
default_dtype,8
_str_contains,8
_str_match,8
_str_get_dummies,8
_local_timestamps,8
is_utc,8
awareness,8
pa_version_under17p0,8
ExtensionIndex,8
ncat,8
sep_len,8
_sparse_index,8
sp_vals,8
sparsified_values,8
ax_labels,8
version_type,8
skip_nulls,8
pyarrow_meth,8
result_max,8
parsed_expr,8
ensure_decoded,8
tname,8
Hold,8
BOOL_OPS_SYMS,8
_can_use_numexpr,8
col_dtype,8
CATEGORICAL,8
buffer_to_ndarray,8
describe_categorical,8
as_ctypes_type,8
USE_SENTINEL,8
dtype_to_arrow_c_fmt,8
concepts,8
_engine_type,8
_raise_scalar_data_error,8
rewrite_exception,8
_new_Index,8
ExtensionEngine,8
_reset_identity,8
idx_cls,8
is_justify,8
_format_flat,8
_maybe_cast_listlike_indexer,8
_get_indexer,8
_validate_indexer,8
end_s,8
end_o,8
goat,8
abb,8
_get_level_indexer,8
ilevels,8
need_sort,8
elephant,8
regex_pat,8
Bee,8
res_dtype,8
_get_splitter,8
sorted_ids,8
to_groupby,8
ucodes,8
_get_data_to_aggregate,8
_wrap_aggregated_output,8
_cython_transform,8
doesnt_exist,8
tuna,8
catfish,8
goldfish,8
zsqrt,8
_validate_numeric_only,8
_apply_pairwise,8
roll_var,8
Assertions,8
is_slice_like,8
_AlreadyWarned,8
is_consolidated,8
to_keep,8
_maybe_copy,8
submask,8
orig_cond,8
orig_new,8
NumericBlock,8
_iset_split_block,8
unfit_idxr,8
next_monday,8
get_calendar,8
USMartinLutherKingJr,8
CustomBusinessMonthBegin,8
CustomBusinessMonthEnd,8
PossibleDataLossError,8
BoolishT,8
old_arg_value,8
hcells,8
_local_version_separators,8
dropwhile,8
_only_,8
arr_float_nan,8
actual_variance,8
samples_test,8
test_reindex,8
cats2,8
expected_false,8
exp_false,8
result_unique,8
olduse,8
test_get,8
rhs_orig,8
other_np,8
Variants,8
npdev,8
maybe_produces_warning,8
ex_levels,8
result_bins,8
test_multiindex,8
float1,8
margins_col,8
s_series,8
unique_groups,8
series_of_dtype,8
dt4,8
NotADataFrame,8
entity_id,8
test5,8
a_y,8
test_identical,8
cleft,8
df_2,8
BATS,8
mpv,8
by_col1,8
by_col2,8
dr1,8
on_vector,8
nl0000301109,8
log_return,8
left_names,8
output_cols,8
joined_key2,8
joined_both,8
rrr,8
frame1,8
mi1_list,8
test_dtypes,8
exp_idx2,8
test_append,8
freq_msg,8
test_hash,8
MICROSECONDLY,8
b_date,8
d_date,8
ts_from_method,8
mis,8
base_dt,8
T08,8
test_roundtrip,8
offset_overflow,8
ex_stamps,8
ts_ns,8
ts_ns_tz,8
result_dateutil,8
result_pd,8
e12,8
delta_0d,8
dts_with_oob,8
dt_string,8
epoch_1960,8
multiple_elts,8
e308,8
abc_pairs,8
expected_fill_value,8
df_duplabels,8
msg_err,8
level_names,8
not_implemented,8
test_array_interface,8
result_nocopy1,8
result_nocopy2,8
TestAstype,8
new_closed,8
arr_name,8
provisionalcompleter,8
ABABC,8
cucumber,8
sp1,8
sn2,8
asserting,8
key_class,8
pandasmethname,8
pandasmeth,8
pos_result,8
bool_values,8
test_api,8
wurld,8
ISMUSL,8
last_thurs,8
ex1,8
ex2,8
lhs_index_types,8
invalid_target,8
str_data,8
allow_na_ops,8
datetime_series_short,8
create_data,8
ea_dtype,8
get1,8
CustomDataFrame,8
my_metadata,8
smaller_frame,8
__i,8
check_dates,8
off2,8
unlexsorted,8
df_bool,8
sdict,8
columns_names,8
order_id,8
last_deprecated_msg,8
new_first,8
ts_local,8
mi_expected,8
fizz1,8
buzz2,8
over_spec_msg,8
non_int_round_Series,8
lexsorted_mi,8
res1l,8
res1r,8
res2l,8
res2r,8
expected_r,8
result_l,8
result_r,8
rs_c,8
obj_df,8
_return_result_expected,8
create_cols,8
rs_freq,8
rs_periods,8
daily_ts,8
box1,8
thing1,8
right_no_dup,8
get_cat_values,8
as_cat,8
b_1,8
a_2,8
Segfaults,8
____,8
Agree,8
Disagree,8
ex_vals,8
set_value,8
indexer_obj,8
exp_single_cats_value,8
_indexers,8
filtered_obj,8
sliced_series,8
nd3,8
_assert_insert_conversion,8
_run_test,8
_assert_fillna_conversion,8
col_data,8
right_loc,8
query_df,8
index_cols,8
vtype,8
idx_name,8
bool_index,8
array_d,8
tdi1,8
test_get_loc,8
other3,8
idx7,8
exp7,8
use_numpy,8
expected_kwargs,8
interval_cls,8
i_view,8
step2,8
index_without_na,8
oob2,8
rng_a,8
rng_b,8
expected_i8,8
expected_months,8
Sydney,8
T11,8
np_long,8
aaaaaaaaa,8
buz,8
expected_tuples,8
start_idx,8
end_idx,8
rename_dict,8
jidx,8
Blah,8
no_multi_index,8
has_match_index,8
no_match_index,8
cherry,8
dtype_caller,8
actual_length,8
depr_func,8
klass1,8
klass2,8
my_size,8
preallocated_table,8
expect_filler,8
groupby_with_truncated_bingrouper,8
dt_list,8
get_stats,8
gbc,8
cat_columns,8
fns,8
agg_result,8
groupby_col,8
expected_gb,8
g_df,8
g_s,8
gb_target,8
mango,8
index_frame,8
height_sqr_min,8
height_max,8
weight_max,8
grp_col_dict,8
T02,8
arg_op,8
input_class,8
warn_cls,8
freq_result,8
cat_series_unused_category,8
filled2,8
default_map,8
original_list,8
numSlice,8
freq1,8
isoparser,8
du_parse,8
_supports_accumulation,8
test_reduce_frame,8
test_EA_types,8
csv_output,8
_cast_pointwise_result,8
pa_expected,8
actual3,8
test_fillna_frame,8
test_fillna_copy_frame,8
BaseDtypeTests,8
_check_divmod_op,8
ldates,8
expected_div,8
expected_mod,8
BaseNumericReduceTests,8
BaseBooleanReduceTests,8
in_frame,8
unzipped,8
trunc_series,8
frm,8
trunc_frame,8
test_center,8
shifter,8
series_rs,8
frame_rs,8
Nan,8
s2a,8
df1_expected,8
df2_expected,8
static_comp,8
win_types_special,8
e33,8
mpl_units,8
frqncy,8
kind2,8
result_labels,8
time2num,8
tz_ts,8
Density,8
y_min,8
indic,8
test_fontsize,8
f77b4,8
range_padding,8
result_titles,8
expected_ticks,8
leg_title,8
magma,8
normal_grouped,8
dt_grouped,8
resample_freq,8
to_freq,8
mi_exp,8
moto,8
spss,8
_expand_user,8
mmap_file,8
bad_encoding,8
cleared_fs,8
R_l0_g0,8
R_l0_g1,8
from_filename,8
asd,8
SQLiteDatabase,8
create_and_load_iris_view,8
IntColWithNull,8
exec_driver_sql,8
postgresql_connectable,8
s_buf,8
test_frame2,8
test_frame4,8
test_chunksize,8
test_type,8
db_uri,8
ix_cols,8
SCHEMA,8
test_schema_other,8
tquery,8
sql_select,8
pa_version_under18p0,8
use_threads,8
partitioning,8
partition_on,8
stata6_117,8
_ensure_open,8
_varlist,8
roundtripping,8
expected_dt,8
BASE_MISSING_VALUES,8
df_est,8
existing_value,8
make_index,8
expected_frames,8
propindexes,8
detect_console_encoding,8
CSSResolver,8
Sizes,8
foooo,8
n99,8
mcols,8
expected_with_index,8
nef,8
hhh,8
dataresource,8
FONT,8
fff7fb,8
df_mix,8
nullify,8
_parse_latex_header_span,8
html1,8
row0_col0,8
table_uuid,8
hide_columns_,8
style1,8
style2,8
df_mixed,8
tz_range,8
mode_,8
Dade,8
Broward,8
Beach,8
record_prefix,8
new_d,8
string_input,8
decoded_input,8
wrapped_input,8
E40,8
terrestrial,8
gas,8
non_existent,8
handle_obj,8
df_lxml,8
df_etree,8
_OpenpyxlWriter,8
FF00,8
_write_cells,8
register_writer,8
c_idx_levels,8
test_c,8
_supported_extensions,8
odt,8
local_table,8
platform_info,8
dt_as_dt,8
parser_defaults,8
nfoo,8
encoded_data,8
num_tasks,8
s_block,8
create_block,8
check_series_setitem,8
compress_method,8
_nlv,8
density_kwds,8
hist_kwds,8
axvlines_kwds,8
IQR,8
boxplots,8
set_ticks_props,8
_get_colors,8
_iter_data,8
color_by_categorical,8
wedges,8
get_locator,8
MAXTICKS,8
min_spacing,8
maj_spacing,8
ppy,8
ax6,8
Exceeded,8
is_first_col,8
shared_axes,8
flier,8
_LxmlFrameParser,8
curr_parser,8
next_remainder,8
parse_dates_safe,8
_nobs,8
force_strl,8
gso_table,8
Refine,8
to_pandas_kwargs,8
is_wrapped,8
fsspec_mode,8
_v_pathname,8
GenericFixed,8
kind_attr,8
empty_array,8
_indexables,8
klipper,8
AppKit,8
StylerRenderer,8
prerequisite,8
inferno,8
image_prefix,8
Shading,8
show_col_idx_names,8
is_truncated,8
inner_lvl,8
parity,8
_fill_non_empty_info,8
color_string,8
BaseFormatter,8
dxs,8
table_attr,8
column_headers,8
header_element,8
display_funcs_,8
last_label,8
_escape_latex,8
to_parse,8
fmt_columns,8
_format_strings,8
_implicit_index,8
cols_needed,8
cvals,8
have_mi_columns,8
_next_line,8
_workbook_class,8
_WorkbookT,8
xport1,8
line3,8
column_names_raw,8
_lcp,8
deferring,8
Autoscale,8
BiCone,8
Polar,8
_should_simplify,8
remove_nans,8
_iter_connected_components,8
contains_points,8
eta2,8
vertex_offset,8
x5b,8
x5e,8
Thorn,8
udieresis,8
LockDraw,8
Disconnect,8
get_normal_points,8
bezier_point_at_t,8
ctl_points,8
_ExceptionInfo,8
display_is_valid,8
_pairs,8
drink,8
strip_math,8
Hunter,8
set_a,8
set_b,8
seqlist,8
Variations,8
ls_mapper,8
pts_to_prestep,8
_check_and_log_subprocess,8
contributes,8
pageup,8
pagedown,8
mixin_class,8
_auto_format_str,8
MinuteLocator,8
YearLocator,8
SEC_PER_DAY,8
dend,8
labelling,8
intervald,8
ValidateInStrings,8
validate_font_properties,8
mpl2014,8
titlesize,8
titleweight,8
xmargin,8
handletextpad,8
columnspacing,8
use14corefonts,8
weight_dict,8
get_fontname,8
_from_any,8
weight2,8
get_cachedir,8
get_picker,8
_set_edgecolor,8
_set_facecolor,8
renderers,8
get_center,8
_dx,8
_dy,8
length_includes_head,8
head_starts_at_zero,8
CirclePolygon,8
_angle,8
_theta2,8
table_formatstr,8
sawtooth,8
saw_vertices,8
head_dist,8
tail_left,8
_mutation_aspect,8
set_positions,8
_check_xy,8
legend_guide,8
set_markersize,8
ydata_marker,8
capline_left,8
capline_right,8
get_linestyles,8
PaddedBox,8
update_positions,8
loc_in_canvas,8
_update_gc,8
_gc,8
_rho,8
get_clip_rectangle,8
withTickedStroke,8
cycled,8
h264,8
is_saving,8
padin,8
get_theta_offset,8
linear_spine,8
fix_minus,8
set_useMathText,8
screen_xy,8
is_x_decade,8
sign_string,8
is_latex,8
_nbins,8
SymmetricalLogScale,8
ciphertext,8
count_token,8
index_token,8
nbytes_token,8
name_token,8
len0,8
quotesinglbase,8
quotedblbase,8
drawedges,8
extendlen,8
_extend_upper,8
rasterize,8
_minorlocator,8
mappables,8
_set_view,8
_colorbars,8
_subplot_spec,8
Type1,8
VectorParse,8
RasterParse,8
iceberg,8
Mono,8
font_mapping,8
FontConstantsBase,8
ComputerModernFontConstants,8
_update_metrics,8
material,8
char_class,8
_MathStyle,8
_make_space,8
vgap,8
shift_down,8
on_clicked,8
track_color,8
_value_in_bounds,8
_background,8
_canvas_infos,8
refmax,8
move_vertex,8
subplot_params,8
suplabel,8
get_fig_manager,8
get_all_fig_managers,8
rust,8
sage,8
brownish,8
copper,8
inv_trans_fig,8
restore_bbox,8
ColormapRegistry,8
Scales,8
autumn,8
winter,8
is_button,8
is_key,8
linecontour,8
labelwidth,8
screen_xys,8
logscale,8
color_sequence,8
levels_arg,8
find_nearest_contour,8
RubberbandBase,8
key_press_handler,8
full_screen_toggle,8
chancery,8
courier,8
rmfamily,8
draw_wrapper,8
_gid,8
relim,8
leadingspace,8
adjust_compatible,8
PlaceHolderLayoutEngine,8
invalids,8
rcParamsOrig,8
Barbs,8
rename_parameter,8
_gci,8
gtk3agg,8
new_figure_manager_given_figure,8
start_event_loop,8
rcdefaults,8
set_frame_on,8
rgrids,8
thetagrids,8
acorr,8
xranges,8
pctdistance,8
rotatelabels,8
xextent,8
labelsep,8
_dpi_at_last_init,8
set_UVC,8
flagcolor,8
magnitudes,8
poly_verts,8
_align_label_groups,8
pkw,8
persists,8
_layout_engine,8
new_layout_engine,8
WebAgg,8
backend_pdf,8
newsize,8
get_descent,8
glyph_info,8
verts1,8
ypositions,8
set_bbox,8
clean_line,8
_artist,8
tr2,8
Affine,8
tpoints,8
x_points,8
y_points,8
_antialiaseds,8
unscaled,8
_facecolors,8
sin_angle,8
cos_angle,8
draw_quad_mesh,8
PolyQuadMesh,8
labelfontfamily,8
grid_linestyle,8
grid_linewidth,8
_has_alpha_channel,8
_get_text1_transform,8
TICKDOWN,8
TICKUP,8
TICKRIGHT,8
Ticker,8
_tick_class,8
set_converter,8
observers,8
axis_date,8
trajectories,8
timestep,8
isaxes,8
clipped_bbox,8
PcolorImage,8
EncodingScheme,8
CapHeight,8
isord,8
dash_list,8
_timer_set_interval,8
default_filetype,8
_timer_cls,8
_toolmanager_toolbar_class,8
_pan_info,8
toggle_toolitem,8
_cmaps,8
complex_spectrum,8
detrending,8
detrend_func,8
spectrogram,8
resultY,8
x_i,8
adata,8
new_lut,8
t_vmin,8
ipos,8
XDG,8
_rc_params_in_file,8
_arc,8
ARC_VERTICES,8
llpath,8
postamble,8
maxy_pure,8
_tkagg,8
_event_loop_id,8
path_regular,8
selectcolor,8
can_backward,8
get_current_event,8
on_draw_event,8
FORMAT_ARGB32,8
_is_drawing,8
wxPython,8
TheClipboard,8
backend_webagg_core,8
NavigationToolbar2WebAgg,8
trak,8
_isdeleted,8
QWidget,8
_draw_rect_callback,8
spinboxes,8
cliprect,8
angle_rad,8
pgfusepath,8
png_path,8
is_string_like,8
QuadPoints,8
Rect,8
get_glyph_name,8
Annots,8
oldx,8
oldy,8
fill_preserve,8
_setup_pyqt5plus,8
num_glyphs,8
paper_width,8
paper_option,8
widgetlist,8
formwidget,8
_app,8
_triinterpolate,8
TriRefiner,8
refi_y,8
delaunay,8
scale_factors,8
tri_pts,8
compressed_x,8
compressed_y,8
_DOF_estimator_geom,8
Gauss,8
H_rot,8
d2V,8
delta_inv,8
M_res,8
block_indices,8
_set_lim_and_transforms,8
get_data_ratio,8
_center_longitude,8
_center_latitude,8
_apply_theta_transforms,8
_realViewLim,8
_originViewLim,8
_pan_start,8
_classic_test_patch,8
orig_expected_path,8
_has_tex_package,8
Act,8
spl,8
old_doc,8
reload_library,8
rc_dict,8
anchored_box,8
cid1,8
excp,8
Xnew,8
cls_level,8
FakeUnit,8
rcpath,8
param_dict,8
rc_path,8
_get_testable_interactive_backends,8
bbox_im,8
axts,8
get_num_glyphs,8
magicNumber,8
maxStorage,8
maxSizeOfInstructions,8
ySubscriptYOffset,8
ySuperscriptYOffset,8
advanceWidthMax,8
path1_copy,8
UnsnappedMarkerStyle,8
bbox_from_ext,8
norm_auto_corr,8
shownotches,8
data_1,8
axobj,8
NFFT_freqs,8
y_freqs,8
NFFT_noise,8
y_noise,8
Frogs,8
set_xmargin,8
axin1,8
res_xlim,8
res_ylim,8
color_boxes,8
date_first,8
date_last,8
set_autoscale_on,8
SYD,8
CS3,8
nearest_contour,8
expected_nearest,8
x_size,8
y_size,8
exterior,8
check_selector,8
fids,8
corners_rot,8
rect_test,8
tri_points,8
min_radius,8
refi_triang,8
Z_ranges,8
iscomplex,8
NFFT_specgram,8
nover_specgram,8
pad_to_specgram,8
multidim_data,8
SomeObject,8
sf1,8
axd,8
str_pattern,8
shift_val,8
size_i,8
build_sphinx_html,8
html_contents,8
custom_handler,8
lc1,8
lc2,8
test_set_params,8
expected_low_ticks,8
temp_lf,8
exp_outputs,8
_exp_output,8
copied_cmap,8
norm_instance,8
a_shape,8
label_outer,8
_make_axes_method,8
thetam,8
astropy,8
datashape_message,8
ny2,8
ind_dir,8
boffset,8
stickies,8
_adjustable,8
labels_align,8
line_trf,8
STYLES,8
cc_rank,8
from_code,8
calculated_length,8
as_md,8
_is_python_file,8
SIMPLE_BLOCKS,8
analyzes,8
point_dtype,8
FillReturn_ChunkCombinedCodeOffset,8
FillReturn_ChunkCombinedOffsetOffset,8
codes_from_offsets_and_points,8
chunk_outer_offsets,8
points_nan,8
chunk_points,8
convert_lines,8
Opacity,8
line_color,8
paramstring,8
wrapped_stdout,8
wrapped_stderr,8
_SetConsoleTextAttribute,8
_SetConsoleCursorPosition,8
_FillConsoleOutputAttribute,8
_GetConsoleMode,8
mockStream,8
Taneli,8
Hukkinen,8
ASCII_CTRL,8
_pending_flags,8
last_key,8
skip_until,8
parse_key,8
abs_key_parent,8
cont_key,8
hex_len,8
datetime_match,8
localtime_match,8
number_match,8
BlockEndToken,8
FlowEntryToken,8
block_indicators,8
context_mark,8
TokenClass,8
add_path_resolver,8
flow_collection,8
flow_mapping_entry,8
display_covered,8
topdir,8
napoleon_use_rtype,8
modify_iter,8
noindex,8
napoleon_use_param,8
parse_type,8
prefer_type,8
_descs,8
use_admonition,8
rubric,8
_FileDownload,8
allow_blank,8
HashMismatch,8
bytes_received,8
check_externally_managed,8
last_check,8
upgrade_prompt,8
install_requirements,8
subdirectory_fragment,8
build_system,8
check_requires_python,8
BestCandidateResult,8
_target_python,8
egg_fragment,8
CandidateEvaluator,8
all_candidates,8
CandidatesFromPage,8
_candidates_from_page,8
HTTPBasicAuth,8
register_hook,8
logged_url,8
SeparateBodyBaseCache,8
set_body,8
direct_url_from_link,8
already_downloaded_path,8
is_existing_dir,8
metadata_dist,8
WHEEL,8
req_file,8
_EditableInfo,8
line_req,8
current_umask,8
src_record_path,8
console_scripts,8
is_valid_pylock_path,8
no_deps,8
latest_version,8
root_path,8
target_temp_dir,8
iter_all_distributions,8
SessionCommandMixin,8
auto_confirm,8
compatibility_tags,8
_tempdir_registry,8
process_namespace,8
Solution,8
subversion,8
build_backend,8
wheel_version,8
android_platforms,8
ios_platforms,8
common_prefix,8
NullHighlighter,8
join_continuation,8
get_bin_prefix,8
locked_link,8
locked_version,8
existing_dist,8
url_no_extras,8
file_storage_domain,8
_USE_SYSCONFIG,8
Homebrew,8
iter_provided_extras,8
user_requested,8
prefers_installed,8
CandidateLookup,8
locked_ireq,8
Dependencies,8
fetch_new,8
is_commit_id_equal,8
RHEL,8
general_group,8
Certificate,8
TimeRemainingColumn,8
RequestMethods,8
httpbin,8
TimeoutStateError,8
header_value,8
_TYPE_FIELDS,8
encode_multipart_formdata,8
ContentDecoder,8
_new_conn,8
Setter,8
sock_and_verified,8
_h2_conn,8
backoff_jitter,8
respect_retry_after_header,8
retry_after_max,8
std3_rules,8
_ssl_io_loop,8
socks_version,8
rdns,8
WebAssembly,8
current_buffer,8
intranges_contain,8
allow_multiline,8
indent_str,8
_appends,8
ResolverException,8
_optimistic_backjumping_ratio,8
ubuntu,8
prebuilt_whl,8
_original_super_SSLContext,8
_configure_context,8
cert_bytes,8
cert_chain,8
CFTypeRef,8
SecTrustResultType,8
SecTrustEvaluateWithError,8
CFConst,8
ssl_extra_cert_chain_policy_para,8
current_age,8
BaseHeuristic,8
EIClass,8
EIData,8
EMachine,8
_p_idx,8
_include_graph_ancestors,8
resolved_group,8
raw_group,8
_FromMappingProtocol,8
legacy_hash,8
strip_user_password,8
_parse_requirement,8
_PylockRequiredKeyError,8
typed_item,8
_validate_hashes,8
DEFAULT_RULES,8
_restore_value,8
MarkerVar,8
LEFT_BRACKET,8
enclosing_tokens,8
SPECIFIER,8
BOOLOP,8
marker_op,8
cached_hash,8
post_rank,8
dev_rank,8
EvaluateContext,8
platform_release,8
sys_platform,8
normalized_extra,8
_validate_spec,8
AFTER_POSTS,8
_VersionOrBoundary,8
_to_ranges,8
version_specifier,8
lower_ver,8
_get_wildcard_split,8
_numeric_prefix_len,8
finals,8
arbitrary_strings,8
numeric_len,8
_get_ranges,8
use_abi3t,8
cp310,8
ios_platform_template,8
_generic_platforms,8
tag_ranks,8
open_position,8
RFC822Policy,8
requires_dist,8
provides_dist,8
obsoletes_dist,8
requires_external,8
description_content_type,8
provides_extra,8
import_namespaces,8
_RAW_TO_EMAIL_MAPPING,8
_VALID_METADATA_VERSIONS,8
apsl,8
APSL,8
pkgconf,8
igo,8
IGO,8
cddl,8
docbook,8
DocBook,8
bison,8
RFN,8
OGL,8
SHL,8
Desktop,8
homebrew_prefix,8
OutOfData,8
EX_SKIP,8
_MSGPACK_HEADERS,8
unicode_errors,8
_consume,8
remain_bytes,8
_packaging_version,8
_ModuleLike,8
resource_string,8
entry_keys,8
full_env,8
tmpnam,8
_succs,8
archive_filename,8
check_domain,8
get_auth_from_url,8
num_401_calls,8
new_fields,8
old_parsed,8
close_paren,8
mcs,8
stripnl,8
istate,8
hsplit,8
row_stack,8
show_config,8
vander,8
BARE,8
blueprint,8
dotnet,8
protobuf,8
Ragel,8
_pattern_cache,8
_fn_matches,8
_load_lexers,8
custom_namespace,8
Boxes,8
title_align,8
subtitle_align,8
child_width,8
pick_bool,8
pretty_text,8
ColorParseError,8
InvalidResponse,8
response_type,8
transparent_background,8
right_to_left,8
caption_justify,8
tb_data,8
grouped_exceptions,8
update_dimensions,8
_highlighter,8
char_height,8
re_highlight,8
start_line_no,8
omit_repeated_times,8
last_segment,8
row_style,8
_alt_screen,8
ipy_widget,8
_live_render,8
Splitter,8
AnchoredDirectionArrows,8
size_vertical,8
tight_bb,8
axes_bb,8
BboxConnector,8
loc1a,8
loc2a,8
axes_column,8
parasite_axes_class_factory,8
_yrefindex,8
append_size,8
_sort_zpos,8
segments3d,8
_vzs,8
axis3d,8
tickdirs_base,8
sharez,8
computed_zorder,8
_zmargin,8
scalez,8
button_pressed,8
_Quaternion,8
has_stride,8
fcolors,8
rii,8
cii,8
zerr,8
thisz,8
TickLabels,8
_ref_angle,8
trf_xy,8
dxx1,8
dyy1,8
_extremes,8
grid_lines,8
get_grid_helper,8
sec_mark,8
CTRACER_FILE,8
as_module,8
NotPython,8
NoDebugging,8
_no_disk,8
relative_files,8
check_include,8
file_mapper,8
_coverage_enabled,8
process_startup,8
mba,8
AnalysisNarrower,8
pc_covered,8
create_function,8
narrowed_analysis,8
LabelledDebug,8
dynamic_source_filename,8
path0,8
fpyc,8
sysmon,8
GlobMatcher,8
_decorator,8
TTraceFileData,8
TShouldTraceFn,8
trace_arcs,8
lock_data,8
unlock_data,8
Plug,8
data_lock,8
cur_file_name,8
real_return,8
long_annotations,8
rootname,8
_file_map,8
_current_context_id,8
ids_array,8
soft_key_lines,8
delete_file,8
follow_jumps,8
start_at,8
jump_target,8
_missing_arc_fragments,8
all_vars,8
source_paths,8
rel_name,8
TYPE_FORM,8
AnalyzeTypeContext,8
types_utils,8
global_scope,8
TypeAnalyser,8
aliases_used,8
analysing,8
nesting_level,8
allow_ellipsis,8
disallow_any_generics,8
get_omitted_any,8
typeddict,8
Suggestion,8
sub_item_name,8
maybe_ret,8
seen_unpack,8
var_node,8
allow_binding,8
MsgCallback,8
set_any_tvars,8
Variadic,8
semanal_typeargs,8
add_symbol_skip_local,8
basic_new_typeinfo,8
ARG_TYPE,8
_watchers,8
read_source,8
is_typeshed,8
t_prefix,8
t_middle,8
t_suffix,8
mid_joined,8
t_name,8
strconv,8
is_explicit_override,8
is_suppressed_import,8
is_special_form,8
is_optional,8
is_intersection,8
unnamed_function,8
SCOPE_COMPREHENSION,8
nonlocal_decls,8
enter_class,8
get_class_decorator_hook,8
METACLASS,8
add_unknown_imported_symbol,8
current_function,8
name_not_defined,8
memberexpr,8
nextsym,8
type_visitor,8
implicit_names,8
ipc,8
c_typ,8
visit_func,8
SubtypeKind,8
_subtype_caches,8
infer_polymorphic,8
Sig,8
STATE_ARGUMENT_LIST,8
STATE_ARGUMENT_TYPE,8
infer_prop_type_from_docstring,8
_known_modules_cache,8
skip_function_bodies,8
traverse_type_list,8
argmap,8
extra_tvars,8
with_normalized_var_args,8
cactual_ps,8
a_unpacked,8
try_synthesizing_arg_from_vararg,8
argument_by_name,8
freshen_function_type_vars,8
KWARGS,8
expanded_tuple,8
get_property_type,8
_Missing,8
strip_or_import,8
add_import,8
mark_block_unreachable,8
unfollowed,8
var_arg_index,8
slice_items,8
is_enum_literal,8
handle_recursive,8
get_method_hook,8
erase_to_bound,8
handle_cannot_determine_type,8
analyze_class_attribute_access,8
setattr_meth,8
transform_callee_type,8
op_method,8
config_parser,8
unrepresentable,8
stub_entry,8
t_size,8
should_error,8
value_t,8
dec_type,8
runtime_name,8
LIST_INT,8
current_else,8
has_asname,8
read_pattern,8
has_ann,8
str_expr,8
last_unconditional_func_def,8
last_if_stmt_overload_name,8
num_any,8
TYPE_EMPTY,8
TYPE_PRECISE,8
allow_sources,8
previous_sources,8
update_sources,8
color_output,8
iterable_item_type,8
contracted,8
with_additional_msg,8
_visit_type_list,8
time_ref,8
json_loads,8
console_entry,8
_subtype_kind,8
is_compat_return,8
PRECISE_TUPLE_TYPES,8
fixup_partial_type,8
active_typeinfo,8
pass_num,8
allow_constructor_cache,8
impl_type,8
check_simple_assignment,8
forward_name,8
temp2,8
always_allow_covariant,8
original_class_or_static,8
is_writable_attribute,8
call_expr,8
sub_lvalue_type,8
need_annotation_for_var,8
merged_type,8
exit_ret_type,8
narrow_type_from_binder,8
short_name,8
lookup_type_or_none,8
should_coerce_literals,8
type_expr,8
last_group,8
in_scope,8
current_hashes,8
equality_value_info,8
newtype_class_info,8
make_argument,8
OUTPUT_CHOICES,8
base_fullname,8
_visit_unsupported_expr,8
processing_dataclass,8
get_str_default_of_node,8
send_name,8
add_decorator,8
fields_arg,8
annotate_as_incomplete,8
CALL_ARG,8
pretty_callable,8
add_class_or_static_decorator,8
is_module,8
infer_function_type_arguments,8
try_getting_literal,8
need_refresh,8
erased_ctx,8
inferred_result,8
use_reverse,8
additional_args,8
node_as_type,8
after_run,8
imports_group,8
lint_group,8
duplicate_name,8
get_instance_fallback,8
JsonValue,8
cache_enabled,8
done_sccs,8
transitive_deps_cache,8
FAKE_ROOT_MODULE,8
merge_dependencies,8
SuppressionReason,8
_type_checker,8
save_import_context,8
sorted_components,8
order_ascc,8
dep_scc,8
scc_result,8
strs_to_join,8
all_arg_types,8
arg_pos,8
BranchStatement,8
start_branch_statement,8
end_branch_statement,8
process_definition,8
type_assignments,8
declaration_type,8
tuple_items,8
mypypath,8
stringify_type,8
compare_symbol_table_snapshots,8
snapshot_optional_type,8
is_class_body,8
remaining_modules,8
old_symbols,8
writescache,8
write_config,8
remove_color_code,8
__mangle_good,8
int_enc,8
def_alias_2,8
type_any,8
g2a,8
assert_union_result,8
DeleteFile,8
only_when,8
matching_version,8
args2,8
bad_fixed,8
zar,8
render_diff_range,8
a_var,8
pkg_typed_w_stubs,8
_get_decorator_optional_bool_argument,8
auto_attribs_default,8
own_attrs,8
func_decorator,8
parent_typ,8
_get_bool_arg,8
field_args,8
default_arg,8
perf_stats_file,8
__message,8
new_exceptions,8
_is_iterable,8
first_path,8
second_path,8
node_rel,8
node_stat,8
_backend,8
_DIR_MARK_OPT,8
expr_dat,8
RE2_OPTIONS,8
no_reverse,8
seg_count,8
override_regex,8
out_regex,8
need_slash,8
rruleset,8
yearday,8
tset,8
genlist,8
_isdst,8
ttinfo_list,8
ttinfo_std,8
NYC,8
stdabbr,8
sunday,8
tzoffsetfrom,8
str_in,8
charstack,8
_resultbase,8
century_specified,8
final_dst,8
dependency_links,8
current_cpu,8
target_cpu,8
ucrtver,8
fetch_build_egg,8
src_root,8
scan_url,8
implementation_lower,8
__bootstrap__,8
build_directory,8
ok_file,8
old_entry,8
launcher_fn,8
single_version_externally_managed,8
LineEnd,8
TokenConverter,8
_MAX_INT,8
whiteChars,8
preParse,8
tokensStart,8
retTokens,8
scanString,8
validateTrace,8
ATCATCGAATGGA,8
excludeChars,8
bodyCharsOrig,8
notChars,8
tmploc,8
resname,8
parseTree,8
_ipv6_part,8
_ELFFileHeader,8
found_prereleases,8
_require_version_compare,8
left_split,8
right_split,8
powerset,8
_get_by_index,8
limit_seconds,8
regs,8
UV2AGL,8
E80,8
T2CharStringPen,8
reserved0,8
ulUnicodeRange1,8
ulUnicodeRange2,8
sxHeight,8
sCapHeight,8
usLowerOpticalPointSize,8
usUpperOpticalPointSize,8
FDArrayIndex,8
buildVarStore,8
VarStoreData,8
vorg,8
signatureRecords,8
addFeatureVariations,8
TTGlyph,8
outputDir,8
optimizeFontSpeed,8
topDictData,8
ROS,8
programToCommands,8
hhcurveto,8
vhcurveto,8
specializeCommands,8
args1,8
varstore,8
op_callsubr,8
has_hint,8
needsDecompilation,8
buildConverters,8
fdRanges,8
arghandler,8
ignoredNames,8
post_pathname,8
pre_pathname,8
tags1,8
FILE1,8
FILE2,8
include_list,8
callbackTable,8
callbackKey,8
C_O_L_R_,8
_n_a_m_e,8
BaseGlyphRecord,8
BaseGlyphRecordArray,8
ubound,8
ExtensionLookupType,8
classSets,8
SubRuleSet,8
ChainPosRuleSet,8
Mark2Coverage,8
builder_classes,8
curr_builder,8
PairPosBuilder,8
glyphPairs,8
otValueRecord,8
buildSinglePos,8
buildAnchor,8
BaseCount,8
LigatureCount,8
classDef1,8
ValueRecords,8
linkedValue,8
AxisValueRecords,8
axisValueRecords,8
extendedShapes,8
vertGlyphVariants,8
vertGlyphAssembly,8
ItalicsCorrection,8
MathKern,8
VertGlyphCoverage,8
VertGlyphConstruction,8
HorizGlyphCoverage,8
HorizGlyphConstruction,8
class1,8
all_class1,8
dohex,8
EEXECINTERNALEND,8
numSubTables,8
megaOrder,8
HANGUL,8
FILLER,8
MONGOLIAN,8
ContextHelper,8
ExtensionSubst,8
markFilteringSetMap,8
BaseFormatVersion,8
glyphLibValidator,8
osfs,8
_shouldClose,8
_existingFileNames,8
drawPointsFunc,8
interpretted,8
formatVersionMajor,8
formatVersionMinor,8
onCurve,8
startElementHandler,8
convertUFO1OrUFO2KerningToUFO3Kerning,8
testKerning,8
glyphToSecondGroup,8
sliceLength,8
rootDirs,8
removeEmptyParents,8
existingLayerName,8
newLayerName,8
ufo_path,8
TTVisitor,8
hvarTable,8
FilterRangeMinValue,8
FilterRangeMaxValue,8
horizontalAdvanceWidth,8
leftSideBearing,8
topSideBearing,8
ttGlyphSet,8
E_B_D_T_,8
LTSH,8
ankr,8
bgcl,8
table__g_l_y_f,8
lcar,8
opbd,8
_TTGlyphMapping,8
GlyphComponent,8
sfntDirectoryFormat,8
checksumadjustment,8
bboxBitmap,8
unpackBase128,8
getBytecode,8
hasLsbArray,8
hasLeftSideBearingArray,8
headerTable,8
lsbArray,8
leftSideBearingArray,8
iterSubTables,8
Affine2x3,8
sloped,8
write_noindent,8
additionalMetrics,8
dataPos,8
runHeader,8
numAxes,8
maxsetting,8
makeName,8
Aboriginal,8
indexmap,8
numAttribs,8
numElements,8
recordSize,8
ppems,8
nextTextOffset,8
extraPrograms,8
metricObj,8
writeMetrics,8
itemIndex,8
HB_FT,8
readValue,8
internedTables,8
virtual_edges,8
writeUInt8,8
getRecordSize,8
PosLookupRecord,8
SubstLookupRecord,8
x00010003,8
JstfGSUBModList,8
StartCoord,8
EndCoord,8
MappingCount,8
SparseVarRegionAxis,8
SparseVarRegionList,8
STXHeader,8
ClipRecord,8
LOffset24To,8
AxisValueMap,8
MappingEntries,8
numVarSelectorRecords,8
entryList,8
glyphGrouping,8
glyphDict,8
curName,8
firstByteLoc,8
fi2ve,8
AATAction,8
istuple,8
GlyphClasses,8
Transitions,8
PerGlyphLookups,8
nBits,8
optimizeSpeed,8
LOOKUP_DEBUG_INFO_KEY,8
skewY,8
SetMark,8
GlyphIndexDelta,8
ligSets,8
extSubTable,8
numClass,8
content_string,8
pMap,8
passConstraints,8
startStates,8
SVGDocument,8
calcQuadraticBounds,8
bestTuple,8
remove_hinting,8
nextOnCurve,8
staticAttributes,8
OS2_format_0,8
Balinese,8
Runic,8
Tagalog,8
Buginese,8
Ugaritic,8
Osmanya,8
Saurashtra,8
Rejang,8
vOrigin,8
avarMapping,8
varIdxMap,8
referenceGlyphName,8
GlyphClassName,8
coverages_enter,8
coverages_exit,8
process_base,8
line_,8
line_start_,8
text_length_,8
doc_,8
glyph_errors,8
curves_to_quadratic,8
fonts_to_quadratic,8
curve_type,8
setup_suffix,8
qu2cu,8
baseData,8
ChainCoverage,8
ChainContextData,8
SetChainContextData,8
ChainRuleData,8
ChainSetRuleData,8
designRegion,8
map_backward,8
muteKerning,8
styleMapFamilyNames,8
groupDescription,8
mappingObject,8
mappingElement,8
localisedFamilyNameElement,8
dimName,8
sourceDescriptor,8
_TestPen,8
calcCubicBounds,8
MomentsPen,8
r22,8
r23,8
r31,8
r34,8
r36,8
r37,8
r41,8
r43,8
r49,8
r50,8
r64,8
roundTolerance,8
BasePointToSegmentPen,8
movePt,8
DecomposingPointPen,8
testPoint,8
outgoingGoingUp,8
_isClosed,8
xform,8
decomposeSuperBezierSegment,8
firstType,8
firstPts,8
sub_points,8
useExtension,8
cvParameters,8
named_lookups_,8
axisValueRecord,8
valuesDict,8
size_feature,8
pairPosContext,8
varscalar,8
GLYPHCLASS,8
glyphNames_,8
base_script_list,8
expect_float_,8
Samaritan,8
Mandaic,8
Nabataean,8
Manichaean,8
Avestan,8
C7F,8
C80,8
DFF,8
Lydi,8
Mani,8
Sylo,8
Limb,8
sweep,8
control1,8
adx,8
retain_gids,8
glyph_order,8
klist,8
recurse_lookups,8
_remap_index_map,8
glyphRecords,8
elidedNameID,8
ps_array,8
ps_dict,8
ps_real,8
handle_object,8
custom_formats,8
approximateCubicArcLength,8
splitLine,8
_line_t_of_pt,8
s2y,8
xx2,8
yx2,8
yy2,8
subFile,8
nibbles,8
isOperator,8
tuplei,8
dxd,8
dyd,8
flexing,8
totype,8
_TAG_,8
stack_top,8
newRegions,8
processLast,8
stroke_color,8
start_arrow_length,8
panel_height,8
show_page_number,8
current_glyph_problems,8
master_indices,8
WRONG_START_POINT,8
PerContourOrComponentPen,8
perContourPen2,8
deltaWeights,8
newUpper,8
interpolateFromValuesAndScalars,8
new_matrices,8
singlePos,8
layerReuseCache,8
greenVectors,8
d0_prev,8
d1_prev,8
allData,8
master_path,8
vfs_to_build,8
logMin,8
outNormalized,8
designspaceSnippet,8
NormalizedAxisTripleAndDistances,8
subFamilyName,8
typoSubFamilyName,8
distanceNegative,8
allCommands,8
tupleVarStore,8
itemCounts,8
_pytesttester,8
cpuinfo,8
longfloat,8
genfromtxt,8
default_device,8
_getintp_ctype,8
field_data,8
asbytes,8
OUTPUT_MYPY,8
AR_i4,8
SEED_NONE,8
SeedSequence,8
multinomial,8
multivariate_normal,8
_DType_co,8
ndescr,8
mdescr,8
MAError,8
fnc,8
doc_note,8
indlist,8
outarr,8
xnotmask,8
narray,8
fromflex,8
is_mask,8
masked_greater_equal,8
masked_less_equal,8
MaskedArrayFutureWarning,8
critical_value,8
_DomainedBinaryOperation,8
shrink_mask,8
maskiter,8
marr,8
some_dtype,8
_delegate_binop,8
Infs,8
valmask,8
assert_not_equal,8
mbase_last,8
c_shp,8
xlist,8
indices_,8
numpy_f,8
ma_f,8
data1d,8
_float_to_float,8
_float_to_str,8
_register_type,8
nexp,8
c_einsum,8
ufunc_name,8
enddates,8
_add_newdoc_ufunc,8
maxprec_equal,8
float_kind,8
edge_items,8
next_width,8
finite_vals,8
_flop_count,8
_compute_size_by_dict,8
isets,8
known_contractions,8
GEMM,8
ellipse_count,8
einsum_str,8
b2a,8
unit_i,8
n_units,8
finalize_array_function_like,8
implementation_spec,8
dispatcher_spec,8
_arr,8
PEP3118,8
no_broadcast,8
addop,8
timsort,8
V10,8
_std,8
testassign,8
ntp6,8
np7,8
nNNNI,8
wrong_shape,8
x_str,8
Vec,8
tgt12,8
tgt21,8
suboffsets,8
Pyston,8
ctypes_ptr,8
my_arr,8
xc64,8
xf128,8
float_equiv,8
strA,8
styp,8
orig_linewidth,8
rational_dt,8
a13,8
binary_operators_for_scalars,8
deprecated_types,8
neg_1,8
output_dtype,8
call_ufunc,8
shape1,8
shape2,8
innerwt,8
col_vec_array,8
row_vec_array,8
neg_zero,8
OverrideSub,8
override_sub,8
no_override_sub,8
numpy_ref,8
like_args,8
StringConverterTestCase,8
_to_unsigned,8
_pinfinity,8
_ninfinity,8
vrdata,8
normalize_descr,8
lim2,8
input_,8
a_2d,8
highest_sfx,8
CustomException,8
totalsize,8
mytype,8
__array_namespace__,8
nonan_f16,8
bad_index,8
npy_intp,8
n_elem,8
iNaN,8
rres,8
s_fancy,8
ellipsis_pos,8
orig_slice,8
_glibc_older_than,8
lsize,8
div_lst,8
logxf,8
logyf,8
logzf,8
ncontig,8
dint,8
with_wrap,8
very_large,8
Reykjavik,8
e10000,8
s_short,8
arr_sorted,8
unicode_array,8
ures,8
vcb,8
AVX512CD,8
floupa,8
link_extra,8
_load_time,8
exception_class,8
longest_run_of_spaces,7
Easy,7
thisguy,7
InteractiveInterpreter,7
reraised,7
ModuleInfo,7
getmodulename,7
C_EXTENSION,7
PKG_DIRECTORY,7
zope,7
subsystem,7
originated,7
getatime,7
_check_arg_types,7
volumes,7
COMMAND,7
bytestream,7
akin,7
read_uint1,7
read_uint8,7
stripquotes,7
Embedded,7
LONG1,7
pyint,7
pyunicode,7
BINFLOAT,7
onward,7
TUPLE1,7
DICT,7
LONG_BINGET,7
MEMOIZE,7
EXT1,7
PERSID,7
Whatever,7
file_write,7
numtopop,7
getclasstree,7
getargvalues,7
GetSetDescriptorType,7
f_trace,7
co_cellvars,7
Follows,7
visit_AsyncFunctionDef,7
checkcache,7
getsourcelines,7
CO_VARKEYWORDS,7
ArgSpec,7
follow_wrapper_chains,7
frameinfo,7
klass_result,7
new_param,7
last_positional_only,7
visit_BinOp,7
posonly_left,7
factory_method,7
from_callable,7
_RandomNameSequence,7
ignore_cleanup_errors,7
smtpd,7
get_addr_spec,7
asynchat,7
__server,7
found_terminator,7
keylen,7
deliver,7
TBD,7
SMTPRecipientsRefused,7
filelineno,7
isstdin,7
directed,7
_filelineno,7
O_TRUNC,7
setcontext,7
ROUND_UP,7
derives,7
self_adjusted,7
resultsign,7
emax,7
_decimal_lshift_exact,7
respects,7
self_nan,7
other_nan,7
_islogical,7
torot,7
ease,7
Often,7
divide_int,7
ulp,7
offered,7
zeropad,7
getboolean,7
InterpolationError,7
sectdict,7
_struct,7
guess_extension,7
determination,7
EnumKey,7
HKEY_CLASSES_ROOT,7
aac,7
cmu,7
xpm,7
rawblock,7
getoutput,7
SelectSelector,7
ignore_environment,7
accumulates,7
acquiring,7
_devnull,7
_get_devnull,7
CreatePipe,7
GetCurrentProcess,7
Retain,7
GetExitCodeProcess,7
errpipe_read,7
__new_member__,7
reassign,7
last_values,7
Enums,7
FeatureName,7
x1000000,7
x200,7
Geometric,7
harmonic_mean,7
Median,7
Statistics,7
Likely,7
betavariate,7
blog,7
joint,7
jointly,7
subentry,7
output_file_path,7
brightness,7
ReferenceType,7
_func_ref,7
getuser,7
tcgetattr,7
datas,7
dklen,7
_repr_iterable,7
maxiter,7
trail,7
_extension_cache,7
Unregister,7
Rushing,7
initiate_send,7
num_sent,7
AUDIO_FILE_ENCODING_MULAW_8,7
_read_u32,7
Initialization,7
Demo,7
_DAYS_BEFORE_MONTH,7
pasting,7
daysecondsfrac,7
week1monday,7
max_fold_seconds,7
dstr,7
time_components,7
reasoning,7
himant,7
lomant,7
x7FFF,7
_ssnd_seek_needed,7
G722,7
Goodbye,7
PASV,7
ntransfercmd,7
transfercmd,7
SPAM,7
nlst,7
Quit,7
recommends,7
END_CENTRAL_DIR_SIZE,7
_LoaderBasics,7
_path_stat,7
_get_module_path,7
header_position,7
u2310,7
dont_inherit,7
guido,7
cnri,7
Begin,7
read_very_lazy,7
doubling,7
_asdict_inner,7
_astuple_inner,7
_data_seek_needed,7
_data_chunk,7
RIFF,7
myfileobj,7
MAX_WBITS,7
delayfunc,7
restarted,7
constructions,7
ELOOP,7
FAIL_FAST,7
DebugRunner,7
Debugging,7
script_from_examples,7
OPTIONFLAGS_BY_NAME,7
_normalize_module,7
prompts,7
exclude_empty,7
_recurse,7
Pythons,7
_name2ft,7
totalf,7
cruft,7
_unittest_reportflags,7
tear,7
courtesy,7
formatweek,7
formatyear,7
XHTML,7
Strict,7
Bitwise,7
Generalized,7
__ilshift__,7
__imod__,7
equivalently,7
AsyncContextManager,7
_UnionGenericAlias,7
_getitem,7
introspected,7
_BaseGenericAlias,7
_CallableGenericAlias,7
gvars,7
_get_protocol_attrs,7
_allow_reckless_class_checks,7
minded,7
designated,7
superclasses,7
__required_keys__,7
__optional_keys__,7
__total__,7
OPENSSL_VERSION,7
_SSLMethod,7
MAXIMUM_SUPPORTED,7
_TLSContentType,7
set_alpn_protocols,7
cb_type,7
presume,7
programmatically,7
Spam,7
Eggs,7
lnotab,7
findlinestarts,7
sline,7
_caller_cache,7
Okay,7
hexlify,7
urlsafe_b64encode,7
ESR,7
suck,7
suffer,7
_debugging,7
_putline,7
_putcmd,7
_getlongresp,7
rets,7
Really,7
perc,7
fredrik,7
locale_encoding_alias,7
iso8859_15,7
kz1048,7
cp1256,7
sl_SI,7
hr_HR,7
ca_ES,7
iso88591,7
en_GB,7
pt_BR,7
vi_VN,7
x041c,7
United,7
x042b,7
x044d,7
x042c,7
x042d,7
x041a,7
x044b,7
x043f,7
x042f,7
x043e,7
x044c,7
x043a,7
x044e,7
x0429,7
x043b,7
x044f,7
x041b,7
x0430,7
x041d,7
x044a,7
x041e,7
x041f,7
x042e,7
x042a,7
_run_code,7
mod_globals,7
newstream,7
escapedstate,7
CLASSES,7
current_format,7
__seqToRE,7
_TimeRE_cache,7
gmtoff_fraction,7
SEQUENCES,7
unformatted,7
NEGATE,7
MAX_REPEAT,7
SRE_FLAG_TEMPLATE,7
SRE_FLAG_DEBUG,7
routed,7
_node2info,7
Nodes,7
acknowledgment,7
Logo,7
configurable,7
clearstamp,7
clearstamps,7
hideturtle,7
settiltangle,7
perp,7
TurtleScreenBase,7
imagedata,7
coordlist,7
_delay,7
canvasx,7
canvasy,7
_updatecounter,7
upward,7
north,7
yspan,7
Installs,7
_setmode,7
accelerate,7
Increment,7
_angleOffset,7
fullcircle,7
sided,7
_tilt,7
rmode,7
stampItems,7
titem,7
thereby,7
Welcome,7
enhance,7
maroon,7
Preference,7
firefox,7
UnixBrowser,7
Launcher,7
Internet,7
submitted,7
Jansen,7
progressively,7
bubble,7
recreated,7
_push_exit_callback,7
Fred,7
published,7
fundamental,7
quick_ratio,7
figuring,7
IOW,7
scores,7
Comparing,7
best_j,7
sub_info,7
fromdesc,7
todesc,7
toprefix,7
context_lines,7
_int_to_enum,7
valid_signals,7
_markupbase,7
izip,7
ifilter,7
urlcleanup,7
AuthenticationError,7
cStringIO,7
XMLRPCDocGenerator,7
NONAUTH,7
tagged_commands,7
UPPERCASE,7
quota,7
_quote,7
sort_criteria,7
starttls,7
cre,7
extrasaction,7
writerow,7
Keyed,7
_DID_HEADER,7
RUNCHAR,7
linelen,7
decdata,7
LifoQueue,7
parse_qs,7
read_binary,7
_aix_support,7
_builtin_open,7
lean,7
expovariate,7
normalvariate,7
lambd,7
Operating,7
stddev,7
setdefaulttimeout,7
Stale,7
BufferedRWPair,7
cmsg_data,7
IPV6_V6ONLY,7
S_IMODE,7
S_IFREG,7
S_ISFIFO,7
S_ISSOCK,7
c_call,7
trace_dispatch_return,7
fcode,7
EXPR,7
POWER,7
Indent,7
ifs,7
visit_UnaryOp,7
Mod,7
Sorry,7
doraise,7
source_to_code,7
pkgconfig,7
_tracemalloc,7
Py_ENABLE_SHARED,7
ArticleInfo,7
NNTPPermanentError,7
OVER,7
OVERVIEW,7
READER,7
posting,7
authinfo,7
u03cd,7
u03cb,7
x2122,7
LOAD_CONST,7
EXTENDED_ARG,7
append_const,7
RawTextHelpFormatter,7
star_args,7
pos_parts,7
line_len,7
group_actions,7
help_width,7
get_metavar,7
_action_groups,7
_ArgumentGroup,7
subcommands,7
option_string_indices,7
option_tuple,7
arg_strings_pattern,7
Positionals,7
Alt,7
TypeErrors,7
rationals,7
midway,7
fallback_operator,7
funny,7
Babyl,7
ExternalClashError,7
intensive,7
Unlock,7
mojibake,7
uniq,7
_refresh,7
prevented,7
_singlefileMailbox,7
EROFS,7
_pending,7
new_start,7
orig_buffer,7
insofar,7
_date,7
Unset,7
replied,7
replace_header,7
_sequences,7
Extracting,7
frame_gen,7
fwalk,7
saved_exc,7
spawnvp,7
ELEMENT,7
parse_comment,7
cdata,7
egenix,7
Heller,7
getProperty,7
os_version,7
os_arch,7
NetBSD,7
buildtime,7
covering,7
vers,7
aString,7
Smaller,7
system_id,7
end_string,7
_sort_keys,7
_skipkeys,7
goof,7
Escaping,7
geteuid,7
__PYVENV_LAUNCHER__,7
_home,7
UUIDs,7
compromise,7
urn,7
_find_mac_near_keyword,7
__date__,7
cram,7
loader_cls,7
lacking,7
docother,7
f0f0f8,7
DESCRIPTION,7
FORMATTING,7
LISTS,7
FRAMES,7
open_browser,7
given_path,7
revised_path,7
Selectors,7
_EVENT_READ,7
_EVENT_WRITE,7
DefaultSelector,7
ill,7
scls,7
rglob,7
Omitting,7
services,7
StreamRequestHandler,7
simultaneous,7
handle_timeout,7
address_family,7
reaped,7
BrokenBarrierError,7
ExceptHookArgs,7
get_native_id,7
draining,7
_shutdown_locks_lock,7
local_sys,7
stateless,7
StreamRecoder,7
getwriter,7
_empty_charbuffer,7
installed_platbase,7
_safe_realpath,7
_is_python_source_dir,7
_fix_pcbuild,7
_PYTHON_BUILD,7
_sysconfigdata,7
pybuilddir,7
_init_posix,7
destfile,7
expand_makefile_vars,7
unhexlify,7
_b85dec,7
Debugger,7
originate,7
get_bpbynumber,7
runeval,7
portability,7
pattern_parts,7
_Selector,7
pat_parts,7
HEXDIGITS,7
WHITESPACE,7
SubPattern,7
getuntil,7
_ord,7
extensible,7
ARE,7
INCIDENTAL,7
EVEN,7
format_heading,7
takes_value,7
_check_callback,7
option_class,7
c_option,7
Declare,7
cleans,7
_process_args,7
help_,7
Undocumented,7
do_help,7
USTAR_FORMAT,7
DIRTYPE,7
GNUTYPE_LONGNAME,7
GNUTYPE_LONGLINK,7
GNUTYPE_SPARSE,7
ignore_zeros,7
taropen,7
addfile,7
percentages,7
out_buffer,7
NOTEQUAL,7
EXACT_TOKEN_TYPES,7
_load_schemes,7
_compat_pickle,7
state_setter,7
_BATCHSIZE,7
Corrupt,7
_decode_string,7
first_int,7
fundamentally,7
Arg,7
new_prefixlen,7
is_unspecified,7
is_loopback,7
loopback,7
address_less,7
parts_lo,7
hextet_str,7
cacheable,7
distinguishes,7
BufferedRandom,7
Implementations,7
readinto1,7
Buffered,7
_write_lock,7
Opening,7
pendingcr,7
_telling,7
_get_encoder,7
dec_buffer,7
bytes_to_feed,7
nlpos,7
crpos,7
_itertools,7
Funny,7
myfile,7
numchars,7
_Method,7
commands_doprompt,7
commands_silent,7
oldvalue,7
crossings,7
ncl,7
newframe,7
claimed,7
key0,7
_didModify,7
infolist,7
zef_file,7
extra_data,7
breakage,7
stat_func,7
ignored_names,7
_get_gid,7
_get_uid,7
arcdirpath,7
filter_kwargs,7
_ntuple_diskusage,7
bytecodes,7
jrel_op,7
STORE_NAME,7
STORE_GLOBAL,7
Sendmail,7
SMTPHeloError,7
initial_response_ok,7
encrypt,7
LMTP,7
__UNDEF__,7
subn,7
phrases,7
_catalog,7
msgin,7
import_hook,7
mname,7
oparg,7
blksize,7
Benjamin,7
b2a_qp,7
prevline,7
LUNATE,7
MAXCODE,7
dis_,7
LLVM,7
fat64,7
_sort_key,7
BaseFilter,7
WRAPPER_ASSIGNMENTS,7
WRAPPER_UPDATES,7
marginally,7
_NOT_FOUND,7
_abc_invalidation_counter,7
opt_cfiles,7
PY_FROZEN,7
source_from_cache,7
pack_uint,7
fstring,7
BET,7
GIMEL,7
DALET,7
ZAYIN,7
HET,7
TET,7
LAMED,7
SAMEKH,7
AYIN,7
QOF,7
RESH,7
TAV,7
u05d2,7
u05d9,7
u05e2,7
u05e8,7
cp775,7
u0123,7
u0156,7
u0157,7
SUKUN,7
u0640,7
u064a,7
FATHATAN,7
DAMMATAN,7
KASRATAN,7
FATHA,7
DAMMA,7
KASRA,7
u2206,7
u0150,7
u0151,7
LOZENGE,7
u0170,7
u0171,7
u2017,7
u038f,7
u0392,7
u0396,7
u0397,7
u0399,7
u039a,7
u039b,7
u039c,7
u039d,7
u039e,7
u039f,7
u03a0,7
u03a4,7
u03a5,7
u03a7,7
u03a8,7
u03ab,7
euc_jis_2004,7
u045f,7
cp950,7
nameprep,7
punycode,7
u040e,7
u045e,7
utf_32_le_decode,7
u220f,7
u222b,7
u2044,7
u02da,7
x2017,7
u060c,7
u061b,7
u061f,7
x0660,7
PEH,7
TTEH,7
TCHEH,7
GAF,7
BARREE,7
cp850,7
x03b2,7
cp864,7
iso2022_kr,7
ENG,7
tmax,7
cp1258,7
cp857,7
hp_roman8,7
johab,7
mac_roman,7
shift_jis_2004,7
shift_jisx0213,7
tis_620,7
utf_8_encode,7
PUNCTUATION,7
_aliases,7
search_function,7
malicious,7
num_str,7
_tzpath,7
STD,7
isdsts,7
nocover,7
std_abbr,7
TZif,7
valid_zones,7
ZoneInfoNotFoundError,7
charcnt,7
abbrind,7
parameter_list,7
Footnotes,7
textually,7
Invoking,7
Emulating,7
Metaclasses,7
motivation,7
illustration,7
Matched,7
Hints,7
Deletion,7
repair,7
digitpart,7
Forces,7
Scientific,7
Replacing,7
xid_start,7
conformance,7
importance,7
parameterize,7
aggressive,7
format_map,7
regarded,7
jack,7
programmers,7
Concatenating,7
_stdout_buffer,7
_mirrorOutput,7
Backport,7
NonCallableMagicMock,7
_safe_super,7
_is_exception,7
await_args,7
_the_name,7
_eat_self,7
_spec_signature,7
_SpecState,7
_format_mock_call_signature,7
keywargs,7
_patch_dict,7
_mock_set_magics,7
Likewise,7
addCleanup,7
set_debug,7
_loading_packages,7
getTestCaseNames,7
_MAX_LENGTH,7
_common_shorten_repr,7
cnt_s,7
expecting_failure,7
__unittest_skip_why__,7
assertWarns,7
_subtest,7
addTypeEqualityFunc,7
choke,7
no_logs,7
assertNotEqual,7
assertAlmostEqual,7
assertNotIn,7
expr2,7
assertIsInstance,7
functioning,7
assertRegex,7
deprecated_func,7
_description,7
conveniently,7
defaultTest,7
resultclass,7
_nameToLevel,7
Expose,7
_CS_IDLE,7
_CS_REQ_STARTED,7
CONTINUE,7
_get_chunk_left,7
Cookies,7
FileCookieJar,7
LoadError,7
REC,7
_rest,7
is_expired,7
pro,7
dotdomain,7
ns_cookies,7
Cookie3,7
server_version,7
raw_requestline,7
version_number,7
send_head,7
scriptname,7
road,7
_coded_value,7
Legal,7
feels,7
DistutilsByteCompileError,7
make_zipfile,7
Differs,7
analogues,7
set_link_objects,7
stupid,7
Z_0,7
run_2to3,7
Stoll,7
win32con,7
DISTUTILS_USE_SDK,7
win32all,7
CPP,7
spirit,7
horrible,7
DistributionMetadata,7
find_config_files,7
asks,7
dependence,7
has_data_files,7
read_pkg_file,7
_ensure_stringlike,7
_get_vc_env,7
Bastian,7
Kleineidam,7
get_ext_fullname,7
whilst,7
Owner,7
install_usersite,7
build_package_data,7
circumvent,7
get_installer_filename,7
product_name,7
use_defaults,7
make_distribution,7
_manifest_is_not_generated,7
write_manifest,7
_add_defaults_standards,7
_add_defaults_python,7
GENERATED,7
PlaceHolder,7
llist,7
BaseConfigurator,7
value_converters,7
streamed,7
atTime,7
retryTime,7
straightforward,7
_welu,7
BufferingHandler,7
_srcfile,7
_STYLES,7
Textual,7
is_enabled,7
exename,7
bootstrapped,7
uses_netloc,7
bracketed,7
whatwg,7
resolved_path,7
unreserved,7
_to_bytes,7
splittype,7
_call_chain,7
ProxyHandler,7
AbstractDigestAuthHandler,7
unredirected_hdrs,7
_full_url,7
header_items,7
process_response,7
do_open,7
http_error_302,7
find_user_password,7
authuri,7
http_error_auth_reqed,7
last_nonce,7
entdig,7
DDD,7
proxy_bypass_environment,7
rawHost,7
addbase,7
hookargs,7
xmlbuilder,7
FILTER_SKIP,7
_attr_info,7
ProcessingInstructionHandler,7
internalSubset,7
createComment,7
ATTRIBUTE_NODE,7
ENTITY_REFERENCE_NODE,7
PROCESSING_INSTRUCTION_NODE,7
COMMENT_NODE,7
DOCUMENT_TYPE_NODE,7
a_localname,7
setAttributeNode,7
ignorableWhitespace,7
startDocument,7
SAX2,7
make_parser,7
_nodeTypes_with_children,7
hasFeature,7
_set_name,7
_magic_id_nodes,7
removeAttributeNode,7
UserDataHandler,7
_get_version,7
childclone,7
DOMBuilder,7
charset_overrides_xml_encoding,7
entityResolver,7
SAXReaderNotAvailable,7
_qname,7
_err_handler,7
_dtd_handler,7
ErrorColumnNumber,7
ErrorLineNumber,7
encouraged,7
iselement,7
findtext,7
itertext,7
accelerator,7
start_ns,7
_root_seen,7
new_namespaces,7
qattrs,7
check__all__,7
acceptance,7
_match_test_func,7
fd_count,7
h_class,7
test_parser,7
randomize,7
findleaks,7
ignore_tests,7
Verbosity,7
SAVEDCWD,7
PROGRESS_MIN_TIME,7
MultiprocessResult,7
TestWorkerProcess,7
stdtests,7
junit_xml_list,7
test_float,7
test_unicode,7
TESTFN_UNDECODABLE,7
SIGUSR1,7
INTERNET_TIMEOUT,7
test_times,7
win_load_tracker,7
cares,7
orig_modules,7
reverted,7
TESTFN_UNENCODABLE,7
_unlink,7
MAXFD,7
_add_result,7
steal,7
_bind_nix_socket_error,7
join_thread,7
__cached_interp_requires_environment,7
zip_dir,7
init_name,7
RecvChannel,7
check_impl_detail,7
real_max_memuse,7
accept_patterns,7
match_value,7
Storing,7
MultiCall,7
end_int,7
keyparam,7
cold,7
send_headers,7
_methodHelp,7
SimpleXMLRPCDispatcher,7
Nagle,7
requestHandler,7
request_text,7
Tau,7
cardinal,7
asymp,7
apl,7
lozenge,7
oplus,7
sim,7
aleph,7
doteq,7
emptyset,7
excl,7
Hat,7
langle,7
leftharpoonup,7
longrightarrow,7
lpar,7
nfr,7
oint,7
rightharpoonup,7
rpar,7
triangleleft,7
triangleright,7
updownarrow,7
starttag,7
_chmod,7
pos_and_siz_pair,7
_defaultmod,7
Berkeley,7
Paste,7
check_status,7
get_stderr,7
diagnostics,7
apps,7
_eq,7
Bag,7
initlist,7
_MS_WINDOWS,7
_pack_uint32,7
_NamespaceLoader,7
_ORIGIN,7
_gcd_import,7
from_name,7
is_resource,7
method_cache,7
SimplePath,7
PackageNotFoundError,7
Prepared,7
HeaderMissingRequiredValue,7
clarification,7
ATOM_ENDS,7
ATTRIBUTE_ENDS,7
syntactic_break,7
stripped_value,7
get_phrase,7
dtext,7
get_invalid_mailbox,7
_find_mime_parameters,7
infinitely,7
UNKNOWN8BIT,7
hasspace,7
splitchars,7
encoded_lines,7
typekey,7
set_param,7
ALIASES,7
collapse_rfc2231_value,7
header_fetch_parse,7
new_ctype,7
get_body,7
raise_on_defect,7
_parse_tree,7
AddressHeader,7
_major,7
parsedate,7
thh,7
tmm,7
newaddr,7
hello_world,7
_make_boundary,7
Walks,7
encoded_name,7
EmailPolicy,7
feedparser,7
_sleeping_count,7
_woken_count,7
BufferWrapper,7
attaches,7
RawArray,7
get_logger,7
set_forkserver_preload,7
_concrete_contexts,7
_start_method,7
_reduce_method_descriptor,7
_reduce_socket,7
_run_finalizers,7
Careful,7
_python_exe,7
ORIGINAL_DIR,7
PipeConnection,7
WaitForMultipleObjects,7
PIPE_READMODE_MESSAGE,7
_guarded_task_generation,7
_initializer,7
_initargs,7
_worker_handler,7
_inqueue,7
_identity,7
BaseManager,7
TRACEBACK,7
id_to_local_proxy_obj,7
SHUTDOWN,7
ArrayProxy,7
python_grammar,7
MultiprocessRefactoringTool,7
corrects,7
BlankLine,7
FromImport,7
token_labels,7
graphviz,7
viewkeys,7
viewitems,7
viewvalues,7
isiter,7
l_args,7
old_module,7
new_nodes,7
Elemental,7
grammar_source,7
ITEM,7
_litprefix,7
LPCSTR,7
libc6,7
get_errno,7
sslproto,7
_FlowControlMixin,7
_ssl_context,7
get_loop,7
event_list,7
_set_running_loop,7
my_exceptions,7
_SendfileMode,7
CoroWrapper,7
PENDING,7
_CANCELLED,7
_asyncio_future_blocking,7
retrying,7
_sock_sendfile_update_filepos,7
_set_result_unless_cancelled,7
_add_writer,7
_maybe_resume_protocol,7
stdin_w,7
_do_waitpid_all,7
_zombies,7
_wait_for_data,7
_wakeup_waiter,7
isep,7
BaseTransport,7
_close_self_pipe,7
_current_tasks,7
_make_cancelled_error,7
EventLoop,7
set_write_buffer_limits,7
buf_len,7
_need_ssldata,7
exc_errno,7
_write_backlog,7
_in_handshake,7
_wait_handle,7
_global_shutdown_lock,7
RUNNING,7
finished_futures,7
introspect,7
mp_context,7
stripspaces,7
initializes,7
evaluate_forward_ref,7
get_overloads,7
_NoneType,7
own_annotate,7
own_checked_annotations,7
deprecated_thing,7
_is_unpack,7
__deprecated__,7
Mirrors,7
Inject,7
F403,7
binary_type,7
new_mod,7
Python3,7
collections_abc,7
raise_from,7
add_metaclass,7
orig_vars,7
anns,7
__pypy__,7
byte_arr,7
EndComments,7
devnet,7
COMPRESSION,7
IptcImageFile,7
tagdata,7
image_refs,7
image_ref,7
JPEG2000,7
write_obj,7
TAGS_V2,7
CFA,7
Layer,7
ImageFileDirectory,7
__size,7
out_max,7
qt_is_installed,7
colortable,7
qt_format,7
subimage,7
startxref,7
info_ref,7
last_xref_section_offset,7
whitespace_mandatory,7
Jpeg2KImageFile,7
putalpha,7
IcnsImageFile,7
best_size,7
WebPImageFile,7
alpha_quality,7
Digital,7
samplings,7
o16le,7
BASIC,7
_string_length_check,7
textlength,7
ss01,7
FLIP_LEFT_RIGHT,7
ROTATE_90,7
ROTATE_270,7
XDG_DATA_HOME,7
check_feature,7
pyinstaller,7
get_command_ex,7
Cazabon,7
Flip,7
getmode,7
MPEG,7
GimpPaletteFile,7
delta_g,7
BUFR,7
labrec,7
lenbyt,7
SpiderImageFile,7
quality_layers,7
pcx,7
excessive,7
_get_ifd_dict,7
zsize,7
BGRX,7
raw_mode,7
num_pixels,7
ROWSPERSTRIP,7
EXTRASAMPLES,7
is_ifd,7
_ensure_read,7
ifd_tag,7
sample_format,7
xres,7
yres,7
rows_per_strip,7
readLong,7
_rewriteLast,7
writeLong,7
MultibandFilter,7
pilinfo,7
creativecommons,7
DDS,7
DDSCAPS,7
CUBEMAP,7
textures,7
ImageDraw2,7
xwidth,7
GRIB,7
_avif,7
AvifImageFile,7
exif_orientation,7
ImageMode,7
QUAD,7
EXTENSION,7
_ensure_mutable,7
_crop,7
dest_map,7
reduce_box,7
Displays,7
ndmax,7
tag_data,7
fontmode,7
full_y,7
unpack_565,7
BLPFormatError,7
mips,7
remaining_text,7
dispose_mode,7
RELATIVE_COLORIMETRIC,7
SATURATION,7
x0800,7
tune,7
_MAX_FLAG,7
ImageCmsTransform,7
colorSpace,7
DCX,7
Properly,7
id_len,7
nonlinear,7
beige,7
chocolate,7
crimson,7
darkred,7
indigo,7
khaki,7
lightblue,7
mistyrose,7
plum,7
file_type,7
tRNS,7
_crc32,7
after_idat,7
im_tile,7
im_n_frames,7
iCCP,7
dispose_op,7
byte_data,7
alpha_bytes,7
x3d,7
tracemalloc_message,7
pytest_load_initial_conftests,7
pytestconfig,7
pluginorder,7
pylib_path_arg,7
pathlib_path_arg,7
pytest_collect_directory,7
setuponly,7
HookRelay,7
iter_parents,7
_traceback_filter,7
_repr_failure_py,7
fulltrace,7
Liskov,7
xfailed_key,7
cacheprovider,7
getimfunc,7
getlocation,7
argkeys_by_item,7
argkeys,7
argkey_dict,7
fixture_defs,7
_fixtureinfo,7
fail_marker,7
fixture_function,7
currentmodule,7
RUNNER_CLASS,7
reprlocation_lines,7
fault_handler_stderr_fd_key,7
check_interactive_exception,7
SubtestContext,7
_SysExcInfoType,7
add_skip,7
captured_logs,7
actively,7
syspath_prepend,7
_add_simple,7
xfailreason,7
global_properties,7
close_report,7
item_index,7
FunctionDefinition,7
parametrizations,7
name2pseudofixturedef,7
safe_exists,7
maxfail,7
ini_option,7
ini_value,7
remove_mods,7
_initial_parts,7
path_cache,7
arg_index,7
parse_num,7
insert_modules,7
module_spec,7
breadth,7
reldest,7
durations_min,7
setupshow,7
mod1,7
log_date_format,7
log_cli_level,7
log_file_level,7
root_logger,7
setting_name,7
caplog_handler,7
terminal_reporter,7
capture_manager,7
match_expr,7
advances,7
_other,7
targetfd_save,7
syscapture,7
running_on_ci,7
fslocation,7
width_of_current_line,7
verinfo,7
ArgsSource,7
head_line,7
secname,7
cacheshow,7
repr_callable,7
backquote,7
origin_exc,7
_repr_expected,7
_check_exceptions,7
NotChecked,7
actual_results,7
mpatch,7
try_argcomplete,7
suspend_capture_ctx,7
usepdb_cls,7
_pdb,7
owners,7
result_dict,7
withinit,7
pytest_plugins,7
inprocess,7
RecordedHookCall,7
fnmatch_lines,7
example_dir,7
match_nickname,7
revisit,7
common_issues,7
TerminalFormatter,7
_striptext,7
deindent,7
end_line_index,7
FILE_OR_DIR,7
_ini_aliases,7
orgstr,7
tomli,7
rootdir_cmd_arg,7
rewrite_hook,7
initial_path,7
package_files,7
Searching,7
issue_config_time_warning,7
newx,7
ensuresyspath,7
_fs,7
param_ids_from,7
Combines,7
mark2,7
_assertion_pass,7
format_explanation,7
len_diff,7
set_left,7
set_right,7
source_stat,7
assert_lineno,7
boolop,7
left_expl,7
new_expl,7
mask_zero_div_zero,7
parametrizing,7
np_nat_fixture2,7
box_with_array2,7
dict_subclass,7
ea_scalar_and_dtype,7
any_signed_int_ea_dtype,7
any_skipna_inferred_dtype,7
Parametrize,7
indexer_li,7
describe_out,7
AnyStr_co,7
PositionalIndexerTuple,7
AlignJoin,7
broader,7
Hierarchical,7
np_datetime,7
rewrite_warning,7
ResamplerWindowApply,7
get_groupby,7
_set_grouper,7
Excludes,7
Quantile,7
end_stamps,7
_lib,7
index_tz,7
ResType,7
frame_apply,7
FrameApply,7
concatting,7
SeriesApply,7
register_jitable,7
set_numba_data,7
curried,7
passthrough,7
aggspec,7
validate_percentile,7
CategoricalAccessor,7
disallow_ndim_indexing,7
maybe_droplevels,7
Looking,7
dataframe_api_compat,7
_is_mixed_type,7
level_list,7
autocorr,7
Unpivot,7
Alter,7
wherever,7
Inclusive,7
Viewing,7
_register_accessor,7
register_dataframe_accessor,7
check_value_size,7
find_valid_index,7
idxpos,7
bounds_error,7
_interp_limit,7
bw_limit,7
bad_keys,7
jedi,7
arr_2d,7
ZstdDecompressor,7
SupportsKeysAndGetItem,7
clarify,7
num_arms,7
_is_label_reference,7
excel_writer,7
Describing,7
Oracle,7
full_caption,7
numerous,7
is_copy,7
locomotion,7
alligator,7
num_specimen_seen,7
upsample,7
obj_len,7
sampled_indices,7
rate_increase,7
_get_bool_data,7
res_k,7
src_list,7
Clips,7
Number_legs,7
icond,7
stock,7
_stat_function,7
_num_doc,7
axis_descr,7
_get_counts,7
values_shape,7
kendalltau,7
spearmanr,7
maybe_cast_to_datetime,7
maybe_convert_platform,7
koala,7
are_all_object_dtype_cols,7
index_int,7
_get_indexer_strict,7
backticks,7
temp_f,7
lev_num,7
agg_obj,7
list_like,7
_dispatch_frame_op,7
_flex_cmp_method,7
BaseBlockManager,7
base_cov,7
ostrich,7
Weights,7
_one_ellipsis_message,7
iLocation,7
_convert_key,7
_ensure_arraylike,7
UInt64HashTable,7
outval,7
standardize,7
East,7
register_converters,7
my_ufunc,7
circuits,7
take_1d,7
row_mask,7
col_mask,7
setitem_datetimelike_compat,7
_get_names,7
_is_series,7
hlevel,7
new_index_levels,7
removed_level_full,7
promotes,7
repeater,7
old_codes,7
ordered_stack_cols,7
unassigned,7
Cartesian,7
cumprodX,7
right_drop,7
llabels,7
left_outer_join,7
allow_sets,7
id_data,7
ExpandingIndexer,7
is_valid_positional_slice,7
Validation,7
no_op,7
is_index,7
do_caching,7
_unit_map,7
unit_rev,7
make_attribute_wrapper,7
pyclass,7
name_obj,7
iloc_indexer,7
sliding_var,7
grouped_var,7
sliding_min_max,7
grouped_min_max,7
to_concat_eas,7
all_codes,7
StorageExtensionDtype,7
new_ordered,7
_unit,7
type_for_alias,7
is_string_or_object_np_dtype,7
_isna_array,7
ExtensionDtypes,7
ABCIntervalIndex,7
_is_scipy_sparse,7
ensure_int32,7
ensure_python_int,7
bsr_matrix,7
npdtype,7
dict_compat,7
base_dtype,7
pydatetime,7
_maybe_convert_setitem_value,7
validate_any,7
validate_sum,7
validate_insert_loc,7
_infer_matches,7
_object_ops,7
_default_dtype,7
_from_sequence_not_strict,7
_scalar_from_string,7
Vectorized,7
_generate_range_overflow_safe,7
xdr,7
concerns,7
NumericArray,7
integer_like,7
kleene_or,7
kleene_and,7
kleene_xor,7
Broadcasting,7
_values_for_json,7
_create_logical_method,7
convert_values,7
validate_dtype_freq,7
raise_on_incompatible,7
_from_ordinal,7
compare_mismatched_resolutions,7
DTScalarOrNaT,7
comp_method_OBJECT_ARRAY,7
_assert_tzawareness_compat,7
i8vals,7
generalize,7
is_signed_integer,7
hasna,7
_box_pa_array,7
value_set,7
_str_pad,7
_str_upper,7
_str_get,7
_str_slice,7
_str_fullmatch,7
_str_replace,7
_str_repeat,7
_str_removeprefix,7
_str_find,7
explicit_tz_none,7
infer_tzinfo,7
fill_mask,7
falsey,7
_cat_compare_op,7
_set_dtype,7
inferred_categories,7
set_ordered,7
category_strs,7
from_coo,7
Ratio,7
ltype,7
to_block_index,7
valid_ilocs,7
coalesce,7
data_to_accum,7
PARSERS,7
tokenize_string,7
ARITH_OPS_SYMS,7
res_t,7
_replacer,7
_TEST_RESULT,7
set_numexpr_threads,7
PyTablesScope,7
ConditionBinOp,7
const_type,7
token_generator,7
Compose,7
_ops,7
pandas_dfs,7
is_ordered,7
DlpackDeviceType,7
_data_cls,7
_from_join_target,7
ObjectEngine,7
_format_attrs,7
levnums,7
_get_reconciled_name_object,7
incomparable,7
_maybe_try_sort,7
_get_indexer_non_comparable,7
new_lev_codes,7
FloatArrayFormatter,7
_min_fitting_element,7
array_sorted,7
is_full,7
levels_to_verify,7
equal_levels,7
Berg,7
casemethods,7
new_pat,7
test_elements,7
jit_user_function,7
groupby_other_methods,7
Publish,7
ilevel,7
_wrap_agged_manager,7
test_groupby,7
Chihuahua,7
key_index,7
stacked_values,7
kiwi,7
toucan,7
scrambled,7
_numba_agg_general,7
aggregator,7
nqs,7
_descending_count,7
take_codes,7
unique_notnan_codes,7
Half,7
_deltas,7
_check_window_bounds,7
_cov,7
generate_manual_numpy_nan_agg_with_axis,7
_win_freq_i8,7
_numba_apply,7
reverse_op,7
make_na_array,7
JoinUnit,7
is_na,7
has_none_blocks,7
DatetimeLikeBlock,7
interleaved_dtype,7
get_block_type,7
make_empty,7
shape_proper,7
_normalize_axis,7
empty_arr,7
_can_consolidate,7
ref_inplace_op,7
should_store,7
_maybe_squeeze_arg,7
ObjectBlock,7
_rebuild_blknos_and_blklocs,7
is_deleted,7
nbs_tup,7
old_blocks,7
year_offset,7
BQS,7
_is_multiple,7
Business,7
week_of_months,7
BusinessMonthEnd,7
PyperclipWindowsException,7
dta_file,7
old_name,7
alt_name,7
vcells,7
Licence,7
numeral,7
array2,7
op_func,7
get_bz2_file,7
disable_bottleneck,7
arr_utf,7
arr_nan_nanj,7
check_nancorr_nancov_1d,7
actual_skew,7
actual_kurt,7
dtype_fill_out_dtype,7
test_mixed,7
mindex,7
expected_unique,7
lambda_1,7
statsmodels,7
view_original,7
test_clip,7
test_fillna,7
arr_result,7
td64obj,7
aimed,7
resulta,7
data_expected,7
CAP,7
result6,7
PayDay,7
test4,7
expected_2,7
_dup,7
marketCenter,7
to_join,7
dfb,7
exp_data3,7
test_identity,7
monthly,7
period_property,7
m_ival_x,7
test_constructor_errors,7
Sec,7
bad_val,7
test_list,7
alt2,7
val_is_string,7
fix_utcnow,7
is_datetime64_array,7
is_timedelta_or_timedelta64_array,7
datetime_tz,7
UNSIGNED_INT_EA_DTYPES,7
bool_val,7
exp_type,7
test_take_invalid_kwargs,7
example_dtype,7
TestReductions,7
max_expected,7
min_expected,7
max_result,7
min_result,7
test_shift,7
arr_na,7
test_value_counts_with_normalize,7
exp_any,7
exp_all,7
array_lib,7
test_tolist,7
any_numpy_array,7
test_array_repr,7
exp_msg,7
exp_err,7
SubclassedCategorical,7
str_rep,7
res_cat,7
key_values,7
nCategories,7
is_bool_not_implemented,7
scalar_array,7
removal_ver,7
bananas,7
normalize_cases,7
test_is_anchored,7
offset_box,7
year_has_extra_week,7
expected_utc_offset,7
utc_offsets,7
exp_date,7
_check_offsetfunc_works,7
qfeb,7
qsfeb,7
bqs_apr,7
should_warn,7
local_var,7
depr,7
float_data,7
uval,7
Delegator,7
floatname,7
MySubclassWithMetadata,7
res6,7
msg1d,7
s_nan,7
unstack_and_compare,7
cidx2,7
test_stack,7
stack_lev,7
in_list,7
C_C,7
expected_ser,7
A0006000,7
is_platform_little_endian,7
l0_expected,7
test_indexing,7
new_multi_index,7
df_unique,7
DummyDtype,7
float_dtypes,7
fizz3,7
buzz3,7
_get_with_delta,7
diff_a,7
col_list,7
datetime_frame_columns,7
pnl,7
float_values,7
df_none,7
sort_names,7
too_short,7
frame_with_period_index,7
b_2,7
_crap,7
replace_dict,7
exp_fancy,7
four_level_index_dataframe,7
bifw,7
one_hour,7
values3,7
where_frame,7
idx_type,7
comparator,7
frame_for_consistency,7
keys2,7
Level1,7
srs,7
OWNER,7
RID1,7
simple_multiindex_dataframe,7
dataframe_with_duplicate_index,7
test_logical_compat,7
init_kwargs,7
GH50042,7
numeric_indexing_engine_type_and_dtype,7
any_dtype_for_small_pos_integer_indexes,7
idx_non_unique,7
mutable_regex,7
pindex,7
_permute,7
expected5,7
index3,7
test_get_indexer,7
result_indexer,7
test_errors,7
nNaN,7
step1,7
OutOfBounds,7
generate_range,7
rng_dates,7
strdates,7
inclusive_endpoints,7
ACCT1,7
string_index,7
idx_dtype,7
assert_copy,7
abcdefghi,7
midx_lv2,7
codes1,7
vals_0,7
vals_1,7
mi4,7
new_names2,7
sixth,7
ddddd,7
d4c2,7
result_file,7
false_or_none,7
n_buckets,7
ref_nums,7
mapping2,7
df_reordered,7
df_test,7
df_grp,7
OnTheWay,7
result_count,7
grouped2,7
freduce,7
julie,7
df_out,7
n_rows_per_group,7
fct,7
df_with_string_col,7
df_with_datetime_col,7
dtypes_for_minmax,7
string_missing,7
output_value,7
ASIA,7
b_vals,7
check_missing,7
standing,7
expected_eq,7
exp_tdi,7
ots,7
attr_names,7
Survived,7
Sex,7
string_col,7
rice,7
maize,7
argsorted,7
sort_kind,7
nchars,7
check_replace,7
infer_setup,7
naive_didx,7
fmt2,7
roll_qtrday,7
test_from_dtype,7
test_reduce_series_numeric,7
test_fillna_no_op_returns_copy,7
_combine_le_expected_dtype,7
arrow_dtype,7
sdtype,7
test_fillna_limit_backfill,7
test_groupby_extension_agg,7
deliberate,7
NDArrayBacked2DTests,7
UserDicts,7
FloatAttrArray,7
contiguity,7
BaseNoReduceTests,7
rolling_aggregation,7
times_frame,7
func_0,7
symmetrical,7
biased,7
PeriodConverter,7
return_filelike,7
date_converter,7
n_decimals,7
YLABEL,7
ColorConverter,7
_check_legend_marker,7
height_ax,7
axvlines,7
SepalWidth,7
versicolor,7
Greys,7
get_sizes,7
yticklabels,7
d_err,7
test_table,7
_generate_4_axes_via_gridspec,7
_check_colors_box,7
exp_layout,7
expected_shape,7
ts_1,7
classical,7
extension_to_compression,7
Bucket,7
compression_ext,7
CustomFSPath,7
expanded_name,7
abs_path,7
ucs,7
io_class,7
bseries,7
byte1,7
test_string_inference,7
get_lzma_file,7
Espanol,7
Donald,7
init_qt_clipboard,7
read_parameters,7
DateColWithTz,7
ProgrammingError,7
sqlite_conn,7
primary_key,7
dtype_backend_data,7
dtype_backend_expected,7
Idx,7
timezone_aware_date_list,7
partition_col,7
wrong_name,7
gso,7
obsids,7
float322,7
dropna_table,7
walk_nodes,7
tb1,7
Surrogates,7
_three_digit_exp,7
with_header,7
VERY,7
label_table,7
caption_longtable,7
label_longtable,7
llrrl,7
mkframe,7
index_,7
tex2jax_ignore,7
_EastAsianTextAdjustment,7
display_formatter,7
mediumDashDotDot,7
mediumDashed,7
format_code,7
_call_cached,7
text_gradient,7
PuBu,7
exp_gmap,7
df_pos,7
df_neg,7
_display_funcs,7
exclude_styles,7
html2,7
css_class_names,7
row6,7
T_X_level0_,7
T_X_,7
cellstyle_map,7
template_html,7
clean_copy,7
set_properties,7
created_at,7
timedelta_typ,7
from_json,7
file_url,7
Kasich,7
meta_prefix,7
unicode_input,7
df_table,7
xsl_row_field_output,7
planet,7
from_file_expected,7
opengis,7
Sheet,7
OpenDocumentSpreadsheet,7
TableRow,7
FF111222,7
ui_cell,7
uc_cell,7
use_headers,7
num_format,7
nan_inf_to_errors,7
open_workbook,7
testskiprows,7
skiprows_list,7
file02,7
number_type,7
convert_header_text,7
encoding_fmt,7
_maybe_upcast,7
dialect_kwargs,7
ArrowKeyError,7
ntrue,7
NoNextBuffer,7
unpatched,7
record_,7
csv_path,7
_currow,7
cps,7
local_path,7
df_array,7
blockstr,7
cpvals,7
precisions,7
opts_desc,7
opts_list,7
validators,7
Jinja2,7
ppc64le,7
ARGSORT_DEFAULTS,7
ALLANY_DEFAULTS,7
STAT_FUNC_DEFAULTS,7
SUM_DEFAULTS,7
cellLoc,7
x_max,7
visualization,7
multivariate,7
_Options,7
gaussian_kde,7
hexagonal,7
unpack_single_str_list,7
_append_legend_handles_labels,7
gkde,7
_apply_axis_properties,7
all_axes,7
err_shape,7
_stacker_pos_prior,7
tick_pos,7
autotexts,7
minticks,7
get_unit_generic,7
_get_interval,7
freq_group,7
first_label,7
_second_finder,7
isreal,7
maybe_color_bp,7
_parse_doc,7
validate_header_arg,7
_parse_td,7
_close_file,7
_value_labels_read,7
_read_int8,7
_dtyplist,7
dtyplist,7
non_cat_value_labels,7
int_column,7
IOArgs,7
_complevel,7
read_coordinates,7
is_exists,7
val_kind,7
_set_tz,7
AppendableTable,7
_get_data_and_dtype_name,7
_dtype_to_kind,7
adj_name,7
cols_,7
_executable_exists,7
clipboardContents,7
OpenClipboard,7
prefix_uri,7
refactor_levels,7
color_negative,7
subset_,7
_gradient,7
get_level_lengths,7
nindex_levels,7
dot_str,7
col_lens,7
dtype_counts,7
max_items,7
data_element_visible,7
rt8,7
showed,7
formatted_lst,7
key_string,7
normalized_dict,7
_do_date_conversions,7
_first_chunk,7
indexnamerow,7
is_index_col,7
array_type,7
old_names,7
skipfunc,7
dtype_arg,7
get_sheet_data,7
combine_kwargs,7
_book,7
_convert_to_color,7
_if_sheet_exists,7
start_column,7
table_row,7
maybe_convert_usecols,7
content_or_path,7
ConfigItem,7
XportReader,7
header1,7
U64,7
need_byteswap,7
_scale_mapping,7
_simplify_threshold,7
nverts,7
eta1,7
hatchpattern,7
x5f,7
x7d,7
Icircumflex,7
acircumflex,7
ocircumflex,7
icircumflex,7
edieresis,7
ecircumflex,7
ydieresis,7
logicalnot,7
Adieresis,7
Odieresis,7
ucircumflex,7
Ydieresis,7
Ccedilla,7
Ucircumflex,7
Ocircumflex,7
ccedilla,7
Idieresis,7
Acircumflex,7
Ecircumflex,7
idieresis,7
brokenbar,7
Eth,7
Udieresis,7
adieresis,7
odieresis,7
Edieresis,7
ldots,7
_EntryTypeIn,7
_EntryTypeOut,7
FRAKTUR,7
_normalize_stix_fontcodes,7
toolmanager_connect,7
get_tool_keymap,7
get_intersection,7
c12,7
_pickled_cids,7
get_sample_data,7
current_path,7
Along,7
Tukey,7
_check_1d,7
_unfold,7
_od,7
argb32,7
_pformat_subprocess,7
WeekdayLocator,7
_get_tzinfo,7
HOURS_PER_DAY,7
dstart,7
tickdatetime,7
_rrule,7
byranges,7
INTERACTIVE,7
NON_INTERACTIVE,7
scalar_validator,7
_make_type_validator,7
validate_float_or_None,7
toolbar2,7
validate_color_or_auto,7
validate_colorlist,7
onoff,7
_eval_cycler_expr,7
force_edgecolor,7
titlecolor,7
useoffset,7
ymargin,7
panecolor,7
raise_window,7
lualatex,7
hardcopy,7
parent_pos,7
reset_margins,7
addConstraint,7
minimums,7
get_inner_bbox,7
_HOME,7
ttfFontProperty,7
StyleFlags,7
set_style,7
family2,7
_find_fonts_by_props,7
filepaths,7
font_filepaths,7
get_data_transform,7
stars,7
set_hatch_linewidth,7
set_sketch_params,7
set_center,7
table_and_accepts,7
pprint_styles,7
dsx_n,7
dsy_n,7
cosA,7
sinA,7
cp_distance,7
get_mutation_scale,7
relpos,7
xy_pixel,7
_numpoints,7
_scatteryoffsets,7
get_markersize,7
_us_linestyles,7
CircleCollection,7
get_transforms,7
laid,7
get_visible_children,7
_get_bbox_and_child_offsets,7
patch_attrs,7
Descent,7
parentbbox,7
anncoords,7
on_pick,7
evt,7
PathEffect,7
HashableList,7
AbstractMovieWriter,7
movies,7
_validate_grabframe_kwargs,7
FileMovieWriter,7
frame_prefix,7
HTMLWriter,7
_resize_id,7
all_anim,7
_is_saving,7
repeat_delay,7
fargs,7
IndexLocator,7
TickHelper,7
set_useLocale,7
set_scientific,7
set_powerlimits,7
_powerlimits,7
loc_range,7
_is_close_to_int,7
Besides,7
pows,7
bsup,7
finale,7
Technical,7
noaccess,7
make_axes_gridspec,7
solids,7
xyout,7
_set_axes_scale,7
lognorm,7
new_xbound,7
new_ybound,7
get_unicode_index,7
get_sized_alternatives_for_symbol,7
TruetypeFonts,7
_fonts,7
Hbox,7
glue_set,7
rule_depth,7
auto_delim,7
optional_group,7
substack,7
_in_subscript_or_superscript,7
is_dropsub,7
cnum,7
tall,7
drag_active,7
observer,7
on_changed,7
_active_check_colors,7
_onmove,7
minspan,7
line_props,7
RESIZE_HORIZONTAL,7
RESIZE_VERTICAL,7
e_dist,7
_rect_bbox,7
_active_handle_idx,7
ax_bbox,7
subplotspec_list,7
_cidgcf,7
draw_all,7
survey,7
pinkish,7
seafoam,7
neon,7
greyish,7
muted,7
mint,7
faded,7
_outside_loc,7
get_subplot_params,7
bb1,7
AsinhTransform,7
gtk,7
labelLevelList,7
xfirst,7
transform_rotates_text,7
dxys,7
nchunk,7
str_format,7
coincide,7
get_edgecolors,7
canvas_cls,7
SaveFigureBase,7
_ids_zoom,7
_zoom_mode,7
_usepackage_if_not_loaded,7
_font_preambles,7
type1ec,7
_get_tex_source,7
stop_rasterizing,7
_clipon,7
get_clip_on,7
_fully_clipped_to_axes,7
findobj,7
include_self,7
data_str,7
set_interpolation,7
_adjust_compatible,7
_colorbar_gridspec,7
QuiverKey,7
mod_ipython,7
set_loglevel,7
_backend_mod,7
current_framework,7
_parse_to_version_info,7
_update_raw,7
fig_label,7
figlegend,7
lambert,7
subplot_tool,7
gci,7
show_clicks,7
mouse_add,7
mouse_pop,7
mouse_stop,7
rwidth,7
counterclock,7
rowLoc,7
colLoc,7
xcorr,7
velocity,7
Umask,7
minsh,7
align_titles,7
_update_label_position,7
sfarr,7
bbox_artists,7
unique_ids,7
nested_mosaic,7
get_dpi,7
option_image_nocomposite,7
get_tight_layout,7
set_constrained_layout,7
_fontManager,7
TextToPath,7
get_unitless_position,7
_get_wrapped_text,7
corners_rotated,7
pass_through,7
coefs,7
BlendedGenericTransform,7
_affine,7
x_scale,7
y_scale,7
BboxTransformFrom,7
interval_contains_open,7
constantly,7
t_slice,7
dep1,7
major_minor,7
_get_text2_transform,7
XTick,7
isDefault_minloc,7
_validate_converted_limits,7
tlb2,7
_update_offset_text_position,7
minloc,7
minfmt,7
sRGB_add,7
line_kw,7
arrow_kw,7
x_origin,7
y_origin,7
interpgrid,7
markerfirst,7
lanczos,7
image_group,7
in_bbox,7
out_width_base,7
out_height_base,7
option_scale_image,7
set_extent,7
images_contours_and_fields,7
f10,7
Ascender,7
awesome,7
slider_id,7
CARETDOWNBASE,7
path_ids,7
_dashes,7
get_hatch_path,7
single_shot,7
Modifier,7
prepare_notifier,7
handle_sigint,7
figure_enter_event,7
figure_leave_event,7
create_with_canvas,7
release_pan,7
_icon_extension,7
remove_toolitem,7
add_toolitem,7
cmap_d,7
same_data,7
num_dp,7
get_bad,7
color_block,7
norm_cls,7
t_value,7
Ncmap,7
azdeg,7
altdeg,7
_dashcapstyle,7
_dashjoinstyle,7
_solidjoinstyle,7
_solidcapstyle,7
_markeredgewidth,7
is_dashed,7
transLimits,7
auto_set_column_width,7
min_ver,7
other_params,7
use_default_template,7
_inset_ax,7
_shared_setter,7
lower_left,7
upper_left,7
lower_right,7
upper_right,7
head_angle,7
patchlabel,7
has_left_input,7
has_right_output,7
olen1,7
packet_char,7
packet_width,7
dvipdfm,7
argsid,7
FigureManagerTk,7
_tkphoto,7
enter_notify_event,7
leave_notify_event,7
_rubberband_rect_black,7
_rubberband_rect_white,7
_BackendTk,7
GTK4,7
gtk_ver,7
_BackendGTK,7
CONTROL_MASK,7
_BackendGTK4,7
FigureManagerTemplate,7
_BackendWx,7
gui_repaint,7
wxapp,7
FONTWEIGHT_BOLD,7
GetDPIScaleFactor,7
_print_image,7
_on_close,7
FigureCanvasWebAggCore,7
_BackendGTK3,7
Zapf,7
Typography,7
QLabel,7
StandardButton,7
_QT_FORCE_QT5_BINDING,7
_make_id,7
HATCH_SIZE,7
forced_alpha,7
_get_clip_attrs,7
clipPath,7
color_style,7
tspan,7
drawable,7
catcode,7
capstyles,7
joinstyles,7
get_bitmap_offset,7
RendererPdf,7
generalized,7
cubics,7
outputStream,7
UCS,7
gind,7
charprocObject,7
SUBSET,7
cid_to_gid_map,7
PaintType,7
points_max,7
set_font_size,7
height_in_points,7
QT_API_PYQT5,7
QT_API_PYSIDE2,7
ps_renderer,7
mpldict,7
_BUILTIN_BACKEND_TO_GUI_FRAMEWORK,7
gtk3cairo,7
_loaded_entry_points,7
matplotlib_inline,7
qcolor,7
FormWidget,7
update_buttons,7
addItem,7
axis_min,7
axis_max,7
get_from_args_and_kwargs,7
get_cpp_triangulation,7
lifting,7
return_tri_index,7
refi_tri,7
from_args,7
circum_radius,7
valid_neighbors,7
node_renum,7
valid_node,7
renum,7
mask_in,7
PCG,7
stiffness,7
J_inv,7
_safe_inv22_vectorized,7
tri_dz,7
_Sparse_Matrix_coo,7
HammerAxes,7
scale_transform,7
_text1_translate,7
_text2_translate,7
_viewLim,7
_yaxis_text_transform,7
set_rmax,7
trans_inverse,7
null_formatter,7
remove_ticks,7
in_decorator,7
_image_directories,7
StrConverter,7
rawtext,7
Directive,7
ExtensionError,7
plot_formats,7
plot_rcparams,7
source_code,7
default_fmt,7
docsource,7
img_attrs,7
mplstyle,7
is_not_empty,7
col_labels,7
cell_text,7
Subprocess,7
installable,7
envs,7
new_orientation,7
new_color,7
sc0,7
scat,7
QuantityND,7
axs_tst,7
prop1,7
plot_func,7
func_replace_all,7
MyFont,7
NullMovieWriter,7
SFNT,7
Underline,7
sil,7
maxTwilightPoints,7
maxZones,7
ySubscriptXSize,7
ySubscriptYSize,7
ySubscriptXOffset,7
ySuperscriptXSize,7
ySuperscriptYSize,7
ySuperscriptXOffset,7
yStrikeoutSize,7
yStrikeoutPosition,7
fsFirstCharIndex,7
fsLastCharIndex,7
metricDataFormat,7
Pdf,7
Multipage,7
test_text_urls,7
fig0,7
p2_copy,7
tn2,7
scaled_rot,7
ilist,7
axes_divider,7
ax_twin,7
jaune,7
colls,7
first_tick,7
xlim0,7
x_inverted,7
y_inverted,7
secondary_yaxis,7
attach_tz,7
lats,7
fig4,7
process_image,7
release_data,7
handle_positions,7
_old_gs_version,7
testutils,7
i_zero,7
j_zero,7
interp_key,7
x_verif,7
Inserted,7
freqs_spectrum,7
wrapper_func,7
toctree,7
sf2,7
_layout,7
axA,7
axB,7
SVGNS,7
RDFNS,7
EXAMPLE_HEADER,7
Condensed,7
plot_directive_file,7
range_6,7
nestedpage2,7
xy_pix,7
label_array,7
autodecimal,7
colorlist,7
lsc,7
d_val,7
cmap_r,7
xlines,7
ride,7
nolims,7
merge_kw_rc,7
set_ymargin,7
nx2,7
_fill_between_x_or_y,7
baseband,7
label_namer_idx,7
ncx,7
_frameon,7
x_trf,7
y_trf,7
axison,7
artists_rasterized,7
converted_limit,7
_orientation,7
GET_COMPLEXITY,7
from_ast,7
BaseClass,7
operators_seen,7
operands_seen,7
SLOC,7
count_multi,7
cc_mod,7
RAW_CONFIG,7
MI_CONFIG,7
raw_config,7
iter_filenames,7
RANKS_COLORS,7
assert_pequal,7
max_cc,7
codeclimate,7
Climate,7
total_cc,7
maybe_tuple,7
FillReturn_ChunkCombinedCode,7
LineReturn_ChunkCombinedCode,7
LineReturn_ChunkCombinedOffset,7
offsets_from_lengths,7
codes_from_offsets,7
separate_offsets,7
concat_offsets_or_none,7
z_masked,7
Category10,7
WebDriver,7
_get_figure,7
mask_fraction,7
AnsiStyle,7
_light,7
FillConsoleOutputCharacter,7
srWindow,7
prev_stderr,7
mockConverter,7
StreamNonTTY,7
parse_hex_char,7
BlockEntryToken,7
BaseConstructor,7
allow_double_quoted,7
open_ended,7
version_text,7
write_literal,7
SerializerError,7
CEmitter,7
best_style,7
represent_mapping,7
state_generators,7
multi_constructor,7
save_possible_simple_key,7
block_node_or_indentless_sequence,7
flow_content,7
parse_flow_node,7
PytestCovWarning,7
CovController,7
sqldata,7
cov_branch,7
collocated,7
vara,7
_directive_sections,7
has_next,7
_format_admonition,7
has_desc,7
peek_ahead,7
PreviousBuildDirError,7
MetadataInvalid,7
command_description,7
FAVORITE_HASH,7
ExternallyManagedEnvironment,7
reattempts,7
hash_file,7
is_vcs,7
get_path_for_link,7
build_successes,7
wheel_file,7
appdirs,7
config_files,7
locale_encoding,7
parse_iso_datetime,7
adjacent_tmp_file,7
_statefile_path,7
system_sites,7
_build_constraints,7
reqs_to_build,7
install_req_from_req_string,7
_temp_dir,7
CacheEntry,7
is_compatible,7
LinkEvaluator,7
_uploaded_prior_to,7
file_tags,7
project_url,7
file_candidates,7
page_validator,7
_NotAPIContent,7
SafeFileCache,7
build_url_from_netloc,7
proxy_kwargs,7
_trusted_host_adapter,7
original_url,7
HTTPRangeRequestUnsupported,7
_download,7
WheelDistribution,7
get_dist,7
metadata_link,7
download_location,7
skip_reason,7
PackageSet,7
COMMENT_RE,7
get_export_entry,7
DIRECT_URL_METADATA_NAME,7
parse_wheel,7
gui_scripts,7
pyproject_hooks,7
metadata_dict,7
req_command,7
IndexGroupCommand,7
package_selection_group,7
check_release_control_exclusive,7
get_default_session,7
no_clean,7
uptodate,7
list_format,7
pip_version_check,7
create_command,7
self_outdated_check,7
include_source,7
modifying_pip,7
Suggest,7
STRONG_HASHES,7
_tempdir_manager,7
TempDirectoryTypeRegistry,7
redacted,7
isodate,7
_original_showwarning,7
normalize_version_info,7
split_auth_from_netloc,7
UninstallPathSet,7
will_remove,7
ParsedLine,7
_PREFERRED_SCHEME_API,7
InstallRequirementProvider,7
AlreadyInstalledCandidate,7
get_install_requirement,7
ExtrasCandidate,7
ExplicitRequirement,7
get_preference,7
RequiresPythonRequirement,7
IndexCandidateInfo,7
ican,7
generate_legacy_hash,7
handle_mutual_excludes,7
_SUPPORTED_HASHES,7
MetadataFile,7
_parsed_url,7
BaseEntryPoint,7
get_metadata_lines,7
_provider,7
_info_location,7
get_remote_url,7
subcommand_name,7
handler_name,7
elapsed_when_finished,7
_implementation,7
_proxy_headers,7
pool_classes_by_scheme,7
new_headers,7
SecurityWarning,7
DependencyWarning,7
unparsed_data,7
has_connected_to_proxy,7
preloaded,7
timeout_obj,7
read_timeout,7
raise_on_status,7
SKIP_HEADER,7
SKIPPABLE_HEADERS,7
create_urllib3_context,7
_response_options,7
stateful,7
header_keys,7
resp_options,7
Today,7
supports_http2,7
backoff_max,7
_start_connect,7
wait_for_socket,7
tripped,7
JsProxy,7
read_pos,7
js_read_stream,7
current_buffer_pos,7
x1FFF,7
x30A0,7
x32FF,7
xFEFF,7
idnadata,7
Bidi,7
check_label,7
ulabel,7
nest_level,7
AbstractResolver,7
InconsistentCandidate,7
iter_requirement,7
backjumping,7
_os_release_info,7
pjoin,7
control_dir,7
_verify_peercerts_impl,7
get_unverified_chain,7
_set_ssl_context_verify_mode,7
CFString,7
CFAllocatorRef,7
CFErrorRef,7
CFDataRef,7
CFArrayRef,7
kCFAllocatorDefault,7
pCertContext,7
CertOpenStore,7
CertCloseStore,7
pChainPara,7
hChainEngine,7
Arm,7
Covered,7
Releases,7
_is_compatible,7
_LEGACY_MANYLINUX_MAP,7
legacy_tag,7
platform_machine,7
Smallest,7
_compare_arbitrary,7
_abi3_applies,7
__summary__,7
__uri__,7
ldap,7
snprintf,7
getAbsolutePath,7
BLE001,7
Caches,7
_get_user_media_dir,7
XDG_RUNTIME_DIR,7
ExtType,7
data64,7
StackError,7
ExtraData,7
max_array_len,7
max_map_len,7
max_ext_len,7
list_hook,7
nest_limit,7
_ResolvedEntryPoint,7
load_entry_point,7
resource_filename,7
resource_isdir,7
cleanup_resources,7
DEVELOP_DIST,7
NullProvider,7
register_finder,7
reqMac,7
normalized_to_canonical_keys,7
can_add,7
_forgiving_version,7
moduleName,7
_parsed_version,7
_get_metadata,7
nloc,7
unicode_utils,7
preds,7
tcls,7
_finder_registry,7
_basic_auth_str,7
__attrs__,7
new_parsed,7
_netrc,7
header_part,7
chardet_version,7
cryptography_version,7
regex_opt_inner,7
guess_decode,7
get_style_by_name,7
column_lengths,7
DelegatingLexer,7
lng_buffer,7
inherit_ndx,7
_re_cache,7
isabelle,7
wschar,7
uni_name,7
bitwise_not,7
isneginf,7
isposinf,7
round_,7
evoque,7
rout,7
matching_lexers,7
bright_blue,7
HEAVY_HEAD,7
cell_offset,7
CURSOR_UP,7
ConsoleError,7
NotRenderableError,7
MarkupError,7
child_height,7
from_ansi,7
is_namedtuple,7
LegacyWindowsTerm,7
from_triplet,7
Braille,7
get_character_cell_size,7
cell_size,7
bottom_space,7
key_text,7
pulsing,7
animation_time,7
column_first,7
renderable_widths,7
Pager,7
tb_offset,7
is_cause,7
love,7
mega,7
flag_for_st,7
FormatTimeCallable,7
ConsoleDimensions,7
_render_buffer,7
force_interactive,7
_live_stack,7
_buffer_index,7
render_height,7
Renderable,7
rich_text,7
highlight_text,7
append_text,7
font_aspect_ratio,7
style_cache,7
css_rules,7
padding_width,7
meta_params,7
hide_root,7
make_guide,7
post_style,7
iter_tree,7
is_control,7
style_map,7
end_line_no,7
total_remaining,7
message_renderable,7
_get_base_style,7
_numbers_column_width,7
finished_text,7
_task_index,7
chars_len,7
excess_width,7
region_map,7
AxesGrid,7
share_all,7
axes_grid,7
yref,7
click_axes,7
set_data_3d,7
_proj_transform_clip,7
set_sort_zpos,7
_offsets3d,7
_facecolor3d,7
_edgecolor3d,7
xyzlist,7
cface,7
cedge,7
rotate_axes,7
outerindex,7
_view_margin,7
get_w_lims,7
axmin,7
axmax,7
viewM,7
pane_idx,7
input_args,7
voxel,7
__x,7
zlolims,7
zuplims,7
coorderrs,7
convert_lim,7
set_tick_out,7
locs_angles_labels,7
locs_angles,7
LabelBase,7
_axislabel_pad,7
get_tick_iterators,7
LocatorBase,7
_include_last,7
FormatterHMS,7
SimpleArrow,7
_to_xy,7
AxesZero,7
PyRunner,7
datafile_input,7
COMMANDS,7
help_params,7
report_args,7
PluginError,7
join_regex,7
report_core,7
override_config,7
_instances,7
_exclude_re,7
_crash,7
measured_files,7
_prepare_data_for_reporting,7
Cobertura,7
set_env,7
JsonObj,7
code_region_kinds,7
switcher,7
COVERAGE_CORE,7
TreeMatcher,7
prep_patterns,7
dunder_name,7
omit_match,7
third_match,7
short_filename,7
specified_file,7
numbits_to_nums,7
always_jumps,7
MonitorReturn,7
code_infos,7
tracing_code,7
data_stack,7
_cached_bound_method_trace,7
Templite,7
context_list,7
IndexPage,7
first_html,7
final_html,7
other_context,7
slineno,7
fr_morfs,7
_all_arcs,7
_with_jump_fixers,7
last_start,7
start_next,7
final_start,7
xpackage,7
xline,7
_get_section,7
ANNOTATED_TYPE_NAMES,7
LITERAL_TYPE_NAMES,7
UNPACK_TYPE_NAMES,7
validate_instance,7
ParamSpecs,7
unpack_types,7
reportlab,7
ModuleProperties,7
ErrorFormatter,7
nonoverlapping_types,7
UNREACHABLE,7
has_blockers,7
flushed_files,7
replayed,7
_add_error_info,7
new_errors,7
func_id,7
InstanceJoiner,7
object_or_any_from_type,7
is_recursive_pair,7
unpack_callback_protocol,7
combine_similar_callables,7
tuple_instance,7
s_item_type,7
create_anonymous_fallback,7
REVEAL_LOCALS,7
is_bom,7
_is_trivial_self,7
__deletable__,7
original_decorators,7
invalid_partial_type,7
MyEnum,7
nonmember,7
super_class,7
SplittingVisitor,7
get_func_def,7
exprtotype,7
MroError,7
DATACLASS_TRANSFORM_NAMES,7
SCOPE_ANNOTATION,7
incomplete_type_stack,7
all_exports,7
deferral_debug_context,7
inside_except_star_block,7
transitive_submodule_imports,7
allow_unbound_tvars_set,7
file_context,7
bare_setter_type,7
should_defer,7
get_fullname_for_hook,7
is_unpacked,7
can_be_type_alias,7
store_declared_types,7
depends_on,7
check_fixed_args,7
add_symbol_table_node,7
PolyTranslationError,7
cache_version,7
CACHE_VERSION,7
actual_to_formal,7
checker_shared,7
has_type_component,7
rep_type,7
classvar,7
visit_optional_type,7
infer_unions,7
CACHE_DIR,7
SHARED_CONFIG_NAMES,7
RECURSION_LIMIT,7
STATE_INIT,7
infer_arg_sig_from_anon_docstring,7
valid_items,7
check_argument_count,7
load_from_raw,7
imports_only,7
read_statements,7
keep_erased,7
suggestion_engine,7
infer_against_any,7
infer_callable_arguments_constraints,7
m_prefix,7
m_suffix,7
template_items,7
are_parameters_compatible,7
right_star2,7
formal_arguments,7
left_by_name,7
recursive_tvar_guard,7
var_arg_type,7
name_is_alias,7
raw_obj,7
static_properties,7
ro_properties,7
_can_be_false,7
to_be_mutated,7
callee_arg_names,7
get_attribute_hook,7
get_class_decorator_hook_2,7
lookup_stdlib_typeinfo,7
bind_self_fast,7
check_self_arg,7
unsafe_super,7
bound_type,7
inferred_dunder_get_type,7
inferred_dunder_set_type,7
apply_class_attr_hook,7
key_names,7
parse_config_file,7
bytes_to_human_readable_repr,7
__mypy,7
exclude_special,7
stub_type,7
find_modules_recursive,7
LITERAL_FLOAT,7
add_error,7
import_bytes,7
fix_function_overloads,7
_read_and_set_import_metadata,7
implicit_optional,7
StatisticsVisitor,7
num_total,7
lines_covered,7
start_indent,7
get_line_rate,7
CoberturaPackage,7
CONNECTION_NAME,7
options_snapshot,7
following_imports,7
n_notes,7
pattern_types,7
infer_literal_expr_type,7
narrowed_type,7
can_match,7
split_target,7
get_mypy_comments,7
_generate_junit_contents,7
get_prefix,7
dummy_term,7
docstr_repr,7
IS_EXPLICIT_SETTER,7
SubtypeVisitor,7
is_subtype_of_item,7
left_args,7
right_args,7
extra_checks,7
lit_type,7
find_node_type,7
strict_concatenate_check,7
solve_constraints,7
CheckerScope,7
TransformVisitor,7
DeferredNode,7
top_frame_context,7
top_level_function,7
joined_type,7
sig2,7
get_generator_yield_type,7
original_typ,7
reverse_name,7
override_class_or_static,7
is_literal_none,7
rvalue_count,7
rvalue_unpack,7
analyze_cond_branch,7
check_awaitable_expr,7
collapse_walrus,7
base_classes,7
in_boolean_context,7
_named_type,7
without_attr,7
_chk,7
TValue,7
DisjointDict,7
_id_to_parent_id,7
domain_info,7
left_domain,7
build_namedtuple_typeinfo,7
tuple_base,7
typeinfo,7
strict_bytes,7
per_module_options,7
_unused_configs,7
semantic_analysis_only,7
no_import,7
_class_stack,7
pyc_modules,7
format_key_list,7
get_first_arg,7
for_func,7
matching_type_args,7
not_matching_type_args,7
ALIGN_OFFSET,7
MAX_ITEMS,7
typeddict_callable,7
num_formals,7
formal_arg_exprs,7
p_actual,7
all_actuals,7
orig_callee_arg_type,7
unioned_result,7
none_type_var_overlap,7
left_map,7
right_map,7
binder_version,7
known_type,7
ignore_in_type_obj,7
disallow_any_group,7
untyped_group,7
dirty_shards,7
HEADER_SIZE,7
MAX_READ,7
message_size,7
read_status,7
def_info,7
map_type_from_supertype,7
duplicate_index,7
orig_item,7
target_fullname,7
reject_redefinition_of_vars_in_scope,7
bound_vars,7
solvable_tv,7
associative,7
defined_names,7
reload_needed,7
parse_mypy_comments,7
ModuleSearchResult,7
scc_id,7
SccRequestMessage,7
plugin_error,7
custom_plugins,7
fg_deps,7
logging_enabled,7
free_workers,7
sequential_states,7
source_modules,7
get_cache_names,7
write_cache,7
finish_passes,7
seen_files,7
stale_deps,7
AckMessage,7
override_column,7
translate_type_comment,7
func_type_ast,7
next_group,7
no_any,7
undefined_refs,7
disable_branch_skip,7
PY_EXTENSIONS,7
working_dir,7
show_ids,7
add_operator_method_dependency,7
next_path,7
up_to_date_modules,7
new_symbols,7
mod_results,7
pip_lock,7
perform_file_operations,7
venv_dir,7
assert_module_equivalence,7
gsaa,7
lit2_inst,7
DataFileFix,7
cache2,7
self_arg,7
diff_ranges,7
PytestResult,7
max_attempts,7
attr_class_maker_callback,7
is_neither_frozen_nor_nonfrozen,7
singledispatch_obj,7
first_arg_type,7
overload_def,7
_get_array_element_type,7
_ExceptionGroupSelf,7
TPattern_co,7
MatchDetail,7
lookup_pattern,7
_lstat,7
HyperscanPsBackend,7
Re2PsBackend,7
SimplePsBackend,7
enumerate_patterns,7
HS_FLAGS,7
_debug_exprs,7
_test_sort,7
no_filter,7
GitWildMatchPattern,7
_RangeError,7
_until,7
_bysetpos,7
_byeaster,7
_timeset,7
wnomask,7
yearordinal,7
fixday,7
rdate,7
__strong_cache_size,7
posix_offset,7
tzrangebase,7
_hasdst,7
isstd,7
isgmt,7
trans_list,7
ttinfo_dst,7
zic,7
_end_delta,7
lastcomp,7
_vtz,7
M10,7
get_zonefile_instance,7
TZKEYNAME,7
zonedir,7
_CLASS_ZONE_INSTANCE,7
isoparse,7
zero_as_utc,7
ystridx,7
len_ymd,7
val_is_ampm,7
tar_obj,7
setup_dir,7
_violation,7
_ok,7
EasyInstall,7
fetch_build_eggs,7
suppress_known_deprecation,7
zip_safe,7
python_requires,7
current_is_x86,7
Kits,7
sdkver,7
redist_path,7
_read_list_from_msg,7
requested_version,7
URL_SCHEME,7
to_scan,7
sources_groups,7
bootstrap_install_from,7
all_unique,7
_syscfg_macosx_ver,7
setopt,7
use_stubs,7
_full_name,7
site_dirs,7
CommandSpec,7
egg_output,7
test_loader,7
CaselessKeyword,7
hexnums,7
stringEnd,7
stringStart,7
upcaseTokens,7
originalTextFor,7
haskeys,7
selfTag,7
_trim_arity,7
foundArity,7
listAllMatches,7
tryParse,7
maxMatches,7
setWhitespaceChars,7
failureTests,7
TRIANGLE,7
ikey,7
dictvalue,7
convertToFloat,7
ELFDATA2LSB,7
e_ident_data,7
_IndividualSpecifier,7
collate,7
islice_extended,7
map_reduce,7
split_into,7
TFM,7
skip_byte,7
read_fixed,7
GlyphNameToFileNameFunc,7
KerningNested,7
aglfn,7
ABF,7
onesuperior,7
threesuperior,7
twosuperior,7
E7F,7
Dingbats,7
timeTools,7
timestampNow,7
maxCompositePoints,7
maxCompositeContours,7
ulUnicodeRange4,7
verticalOrigins,7
_f_v_a_r,7
skia,7
decompiling,7
maxStackLimit,7
blend_args,7
stack_use,7
num_blends,7
prv,7
num_regions,7
byteCost,7
cumMaxU,7
cumMaxD,7
_desubroutinized,7
op_callgsubr,7
last_hint,7
FamilyBlues,7
FamilyOtherBlues,7
BlueScale,7
BlueShift,7
BlueFuzz,7
StemSnapH,7
StemSnapV,7
topDictSize,7
nameOrIndex,7
posList,7
getItems,7
varStoreData,7
encodeNumber,7
cffStandardStringCount,7
ComputedInt,7
populateCOLRv0,7
layerRec,7
Layers,7
chapter2,7
AlternateSubstBuilder,7
is_subtable_break,7
ClassDefBuilder,7
classdefs,7
SequenceIndex,7
ChainSubRuleSet,7
PosRuleSet,7
subtable_name,7
count_name,7
SinglePosBuilder,7
ChainContextSubstBuilder,7
fina,7
buildMarkArray,7
otherLoc,7
LigatureCoverage,7
Mark2Anchor,7
classDef2,7
valA,7
valB,7
YPlacement,7
AxisValueCount,7
axisDict,7
horizGlyphVariants,7
horizGlyphAssembly,7
_mathValueRecord,7
MathGlyphConstruction,7
MathGlyphVariantRecord,7
maxCtxFont,7
ExtensionPos,7
Cluster,7
Class2,7
class1Records,7
Class1,7
PFB,7
onlyHeader,7
resID,7
eBegin,7
Roozbeh,7
Pournader,7
CVT,7
newcs,7
uvsTable,7
returnTable,7
format4,7
locl,7
duplicateGlyphsPerFont,7
ignore_unknown,7
synthFeature,7
USE_HARFBUZZ_REPACKER,7
CONTENTS_FILENAME,7
FORMAT_1_0,7
readGlyph,7
NoSysPath,7
ufoFormatVersionTuple,7
writebytes,7
UFO1,7
unreferenced,7
kerningValidator,7
genericIntListValidator,7
Anchors,7
fileObj,7
NameTranslationError,7
IMAGES_DIRNAME,7
anthrotype,7
fontInfoAttributesVersion3ValueData,7
layerOrder,7
foundDirectory,7
_widthName1To2,7
visitAttr,7
rsrc,7
glyphsMapping,7
rawLocation,7
iup_delta,7
bottomSideY,7
recording2,7
CBLC,7
TSI3,7
Feat,7
Gloc,7
cmapPreferences,7
pyTag,7
outFile,7
cffFontSet,7
table_tag,7
removeUnusedSubroutines,7
SFNTDirectoryEntry,7
sfntDirectoryEntrySize,7
_decompileTable,7
metaOrigLength,7
transformVersion,7
nContourStream,7
flagStream,7
instructionStream,7
unpack255UShort,7
onCurveBit,7
advanceWidthArray,7
calculateNumShorts,7
scaleFactor,7
XAdvance,7
YAdvance,7
subboxes,7
advanceName,7
lastIndex,7
headerSize,7
sizeTableOffset,7
Optical,7
pointData,7
numDeltasInRun,7
deltas1,7
fdat,7
stringOffset,7
toBytes,7
Syllables,7
smCentralEuroRoman,7
TABLES,7
colorRecordIndices,7
totalLength,7
hori,7
additionalOffsetToIndexSubtable,7
readMetrics,7
_doneWriting,7
repacker,7
DontShare,7
getSubWriter,7
writeUInt24,7
getConverter,7
isPropagated,7
getVariableAttrs,7
getFormatSwitchingBaseTableClass,7
valueRecordFormat,7
XPlaDevice,7
YPlaDevice,7
XAdvDevice,7
YAdvDevice,7
JstfScript,7
JstfLangSys,7
STATFlags,7
SubFeatureFlags,7
OpticalBoundsDeltas,7
OpticalBoundsPoints,7
BiasedAngle,7
PaintColrGlyph,7
AxisSegmentMap,7
offsetIndex,7
inOrder,7
lastGlyphID,7
localUVList,7
defList,7
ebdtComponentFormat,7
curGlyph,7
curIndexSubTable,7
endBit,7
numBytes,7
tableNamespace,7
lengthIndex,7
patchFormat,7
codePoints,7
dfs_base_table,7
ControlBoundsPen,7
VAR_TRANSFORM_MAPPING,7
_read_uint32var,7
startID,7
fvarTable,7
formatEnum,7
extType,7
oldClassCount,7
varType,7
ruleVersion,7
numCritFeatures,7
numLinear,7
aCode,7
writesimple,7
getSimple,7
currline,7
jLevels,7
ruleConstraints,7
asciiTable,7
svgDoc,7
bytesIO,7
numStrikes,7
epoch_diff,7
GVAR_HEADER_SIZE_HEAD,7
WE_HAVE_A_SCALE,7
WE_HAVE_AN_X_AND_Y_SCALE,7
nextPos,7
idlefunc,7
_getPhantomPoints,7
ARG_1_AND_2_ARE_WORDS,7
xCoordinates,7
yCoordinates,7
xFormat,7
yFormat,7
allCoords,7
instructionLen,7
maybeInt,7
scale01,7
pruneOnly,7
Ideographic,7
Thaana,7
Numerals,7
vTable,7
numVertOriginYMetrics,7
vOriginTable,7
ital,7
mappedLocation,7
_gdef,7
FeatureFile,7
language_tag,7
GlyphClassDefinition,7
ftag,7
ex_or_in,7
gunicode,7
AS_POSITION,7
CHAR_NAME_START_,7
CHAR_NAME_CONTINUATION_,7
scan_until_,7
ENTER,7
IncompatibleGlyphsError,7
_add_segment,7
next_q1,7
ufo_module,7
is_cubic,7
stoppers,7
locationInRegion,7
DesignSpace,7
StatNames,7
Upright,7
findDefault,7
localised,7
AnisotropicLocationDict,7
axesElement,7
labelsElement,7
variableFont,7
subElement,7
mapElement,7
kerningElement,7
subsetElement,7
axisNames,7
regularUserLocation,7
filterPen,7
FilterPointPen,7
_addMoveTo,7
bcp,7
momentX,7
momentY,7
momentXX,7
momentXY,7
momentYY,7
r66,7
r81,7
r85,7
cbox,7
ReverseContourPointPen,7
decomposition,7
decomposes,7
winding,7
firstPoint,7
_addPoint,7
NullPen,7
SegmentPen,7
StatisticsBase,7
VariableScalarBuilder,7
FeatureLibLocation,7
deviceToString,7
cv_num_named_params_,7
DesignAxis,7
OnlineVarStoreBuilder,7
script_,7
use_extension_,7
language_systems,7
cur_lookup_name_,7
DesignAxes,7
feature_index,7
frec,7
_add_contextual_rule,7
makeOpenTypeValueRecord,7
makeOpenTypeAnchor,7
deviceTable,7
parse_device_,7
check_glyph_name_in_glyph_set,7
expect_script_tag_,7
Batak,7
Osage,7
Kaithi,7
Chakma,7
Khojki,7
Khudawadi,7
Tirhuta,7
Siddham,7
Takri,7
Sunuwar,7
Tangsa,7
Nushu,7
Wancho,7
DC0,7
A5F,7
Ougr,7
Phlp,7
Onao,7
Cakm,7
Orkh,7
Canadian_Aboriginal,7
Meetei_Mayek,7
Linear_A,7
Meroitic_Cursive,7
Psalter_Pahlavi,7
Old_Hungarian,7
Khitan_Small_Script,7
Tai_Yo,7
_map_point,7
FLOAT_RE,7
last_control,7
element_ids,7
el_id,7
glyph_index_map,7
usedVarIdxes,7
subset_varidxes,7
colors_by_index,7
needRemapping,7
clazzes_attrs,7
GreenPen,7
_sets,7
old_class_intersection,7
xattr,7
splitQuadratic,7
slope12,7
valuesSorted,7
getIntEncoder,7
twoByteOp,7
fourByteOp,7
pushToStack,7
FSError,7
prune_regions,7
_Encoding,7
condSubst,7
existingTags,7
min2,7
featureVariationRecords,7
val_list,7
kink,7
draw_dot,7
glyphs_per_problem,7
wrongContour1,7
wrongContour2,7
emoticon,7
second_pt,7
load_designspace,7
InstancerMerger,7
multivarstore,7
allNone,7
subModel,7
getScalars,7
var_model,7
values_lst,7
lookup_subtables,7
baseValue,7
identity_cost,7
HVAR_FIELDS,7
VVAR_FIELDS,7
m1Vectors,7
proposed_point,7
expectedSize,7
d0_next,7
sin_mid,7
ttGlyphSets,7
first_cost,7
flagged_components,7
vOrigMetricses,7
drop_implied_oncurves,7
defaultVal,7
sanitizeFunc,7
Plan,7
valueMeasurements,7
newRecords,7
AxisLimits,7
axisValueTables,7
axisCoords,7
axisValueFormat,7
currentFamilyName,7
NormalizedAxisLimits,7
mergedVariations,7
NOGIL_BUILD,7
_old_fpu_mode,7
U100,7
_utils_impl,7
extra_argv,7
matrixlib,7
blas,7
ndpointer,7
as_ctypes,7
c_intp,7
complex192,7
NO_MYPY,7
DATA_DIR,7
AR_u1,7
SEED_INT,7
SEED_ARR,7
SEED_ARRLIKE,7
Philox,7
SFC64,7
generate_state,7
I_bool_low,7
I_bool_high_closed,7
AR_LIKE_M,7
adtype,7
_LongCodes,7
_LongDoubleCodes,7
_fieldmask,7
fromtextfile,7
newfield,7
mask_rows,7
_covhelper,7
fix_invalid,7
_shrink_mask,7
_check_mask_axis,7
sharedmask,7
_get_legacy_print_mode,7
_comparison,7
is_float16_result,7
danom,7
xinf,7
mbase_first,7
mbase_sl,7
ma_arr,7
flexi,7
eq_expected,7
ne_expected,7
subfields,7
me_too,7
floatdata,7
mxbig,7
mxsmall,7
base_a,7
base_b,7
_discovered_machar,7
_finfo_cache,7
docs_from_dispatcher,7
begindates,7
float_conv,7
maxprec,7
complexfloat,7
longcomplexfloat,7
fkeys,7
next_hanging_indent,7
elem_width,7
_format_non_nat,7
format_functions,7
val_repr,7
einsum_symbols,7
_find_contraction,7
path_cost,7
GEMV,7
contraction_list,7
contract_inds,7
warn_on_python,7
output_dtype_like,7
_clean_args,7
a1b2,7
b2a1,7
_from_nx,7
_display_as_base,7
_total_size,7
_all_chars,7
_ArrayFunctionDispatcher,7
ALLOCATIONGRANULARITY,7
allfields,7
_as_parameter_,7
_resolve_dtypes_and_context,7
extend_all,7
_wrapreduction,7
passkwargs,7
float_name,7
_binary_op_dispatcher,7
charar,7
recList,7
envkey,7
assert_arr_partitioned,7
arr_writeable,7
tinyb,7
tinya,7
_ragged_creation,7
struct_dt,7
check_round,7
ntp2,7
ntp9,7
_clip_type,7
fnn,7
TestArray,7
assert_dot_close,7
false_vals,7
expected_view,7
INT64_VALUES,7
fld,7
Promotion,7
_neg_byteorder,7
m_s,7
stride1,7
time_dt,7
expected_view_off,7
arr_NULLs,7
absfunc,7
UNARY_OBJECT_UFUNCS,7
tcout,7
binary_funcs,7
func_with_option,7
_Test_Utility,7
intrin_name,7
true_mask,7
_load_b,7
data_cast_a,7
CreateZeros,7
AssignValues,7
ByteorderValues,7
dtype_group,7
arr_copy,7
indx_put,7
is_td64,7
correct_base,7
noopt,7
hfac,7
rtile,7
bleft,7
scalar_instances,7
ntp8,7
a_obj,7
a_manual,7
set_secret_data_policy,7
secret_data_allocator,7
u_index,7
mimic_get,7
uni_a,7
time_dtype,7
_FilterInvalids,7
data_split,7
assert_hypot_isinf,7
always_error,7
arr_string,7
arr_unicode,7
float_dt,7
xyxz,7
srcidx,7
dstidx,7
equal_size,7
outsize,7
sample_args,7
strings_with_na,7
is_on_heap,7
in_arena_exp,7
a_fort,7
nditer2,7
nditer1,7
buf_dtype,7
auxv,7
_expect_error,7
_fft_dispatcher,7
_helper,7
hasval,7
ufmt,7
IDE,6
Released,6
undergo,6
errprint,6
readfunc,6
walker,6
dircontents,6
p_path,6
normp,6
_splitext,6
reparse,6
target_user,6
_varpattern,6
environb,6
lastindex,6
_getfinalpathname,6
paging,6
start_list,6
Executable,6
optimizer,6
Opcodes,6
enhancements,6
SETITEMS,6
EMPTY_TUPLE,6
Shortcuts,6
expense,6
TAKEN_FROM_ARGUMENT1,6
read_int4,6
read_uint4,6
string4,6
bytes4,6
bytes8,6
bytearray8,6
unicodestring4,6
unicodestring8,6
read_long4,6
long4,6
BININT2,6
BINSTRING,6
BINBYTES,6
BYTEARRAY8,6
frozensets,6
EXT2,6
EXT4,6
argtuple,6
rebind,6
persistent_load,6
getpos,6
framing,6
_FRAME_SIZE_TARGET,6
isgeneratorfunction,6
isgenerator,6
getinnerframes,6
Ping,6
Yee,6
freshly,6
BuiltinMethodType,6
ismemberdescriptor,6
isawaitable,6
isabstract,6
__flags__,6
classify_class_attrs,6
metamro,6
srch_cls,6
_findclass,6
EndOfBlock,6
formatargspec,6
firstdefault,6
atleast,6
getframeinfo,6
framelist,6
cpos,6
self_parameter,6
BitOr,6
name_node,6
default_node,6
_parameters,6
kwo_params,6
analysed,6
_rmtree_unsafe,6
_rmtree_safe_fd,6
_bin_openflags,6
_name_sequence,6
FUNCTION,6
trap,6
COMMASPACE,6
command_size_limits,6
smtp_server,6
BITMIME,6
admin,6
Enqueue,6
_isstdin,6
Shallow,6
assure,6
neginf,6
DivisionImpossible,6
ConversionSyntax,6
ROUND_DOWN,6
ROUND_HALF_DOWN,6
_namedtuple,6
_NaN,6
qNaN,6
ContextVar,6
insist,6
_compare_check_nans,6
_convert_for_comparison,6
ideal_exp,6
_nbits,6
is_canonical,6
_Infinity,6
_set_integer_check,6
Mshift,6
CHAR_MAX,6
allow_no_value,6
read_dict,6
DEFAULTSECT,6
remove_section,6
remove_option,6
DuplicateSectionError,6
SectionProxy,6
MAX_INTERPOLATION_DEPTH,6
before_get,6
_interpolate_some,6
_proxies,6
optval,6
Extends,6
tuning,6
knownfiles,6
REG_SZ,6
mif,6
wais,6
snd,6
tsv,6
pic,6
BUFFER_SIZE,6
Rewind,6
Peter,6
STARTF_USESHOWWINDOW,6
hStdInput,6
hStdOutput,6
hStdError,6
contrarily,6
synchronously,6
_deadstate,6
_args_from_interpreter_flags,6
_communication_started,6
extra_group,6
to_close,6
sigint_timeout,6
_check_timeout,6
devnull_fd,6
TerminateProcess,6
F_SETPIPE_SZ,6
file_actions,6
fd2,6
getandroidapilevel,6
errpipe_data,6
_fileobj2output,6
s__,6
Attempted,6
nested_scopes,6
with_statement,6
copy_context,6
multimode,6
variability,6
_isfinite,6
adopted,6
interpretations,6
wolfram,6
sxy,6
create_stats,6
Saturation,6
rangec,6
WeakMethod,6
simulates,6
selfref,6
KeyedRef,6
_dirty_len,6
GetPassWarning,6
fallback_getpass,6
blake2s,6
__always_supported,6
handle_read,6
use_encoding,6
fifo,6
combos,6
needle,6
mono,6
_opened,6
_data_pos,6
CCITT,6
MINYEAR,6
_is_leap,6
_days_before_year,6
tz_pos,6
tzi,6
tz_comps,6
_check_utc_offset,6
_cmperror,6
__setstate,6
_isoweek1monday,6
Conversions,6
west,6
dtoff,6
base_compare,6
tzoff,6
basestate,6
utctimetuple,6
THURSDAY,6
cancelling,6
COMM,6
_read_short,6
_write_short,6
Sampling,6
_decomp,6
file_object,6
error_perm,6
B_CRLF,6
PORT,6
getresp,6
Abort,6
violation,6
sockaddr,6
Login,6
Reload,6
dos,6
u20a7,6
Decompress,6
_classify_pyc,6
check_source,6
uncompressed_size,6
telnetlib,6
DONT,6
WONT,6
NOP,6
reconnect,6
_TelnetSelector,6
start_new_thread,6
FrozenInstanceError,6
astuple,6
_FIELD_CLASSVAR,6
_tuple_str,6
Callers,6
InitVars,6
body_lines,6
fields_str,6
proven,6
_hash_add,6
field_list,6
_is_dataclass_instance,6
new_class,6
_find_unsafe,6
parseline,6
BadGzipFile,6
_COMPRESS_LEVEL_BEST,6
_new_member,6
_read_exact,6
scheduler,6
scheduling,6
soonest,6
vxworks,6
opengroup,6
prohibit,6
Doctest,6
IncrementalNewlineDecoder,6
interacting,6
use_rawinput,6
Want,6
divides,6
charno,6
_verbose,6
_from_module,6
obj_mod,6
notests,6
context_diff,6
_dt_optionflags,6
_dt_checker,6
_dt_setUp,6
_dt_tearDown,6
testsrc,6
calendars,6
setfirstweekday,6
month_abbr,6
TextCalendar,6
itermonthdates,6
theweek,6
formatweekheader,6
formatmonth,6
cellpadding,6
cellspacing,6
_spacing,6
ior,6
ipow,6
__irshift__,6
IFF,6
FORMAT_XZ,6
FORMAT_RAW,6
Relies,6
SupportsAbs,6
SupportsBytes,6
SupportsComplex,6
SupportsRound,6
all_params,6
unconstrained,6
Bound,6
bookkeeping,6
Etc,6
sneak,6
prohibits,6
base_globals,6
_could_,6
T_contra,6
mimicking,6
_make_nmtuple,6
name_by_id,6
MINIMUM_SUPPORTED,6
TLSv1,6
DER,6
HAS_NEVER_CHECK_COMMON_NAME,6
HOSTFLAG_NEVER_CHECK_SUBJECT,6
inet_pton,6
san,6
NPN,6
set_default_verify_paths,6
_msg_callback,6
technical,6
msg_type,6
balance,6
OP_NO_COMPRESSION,6
keylogfile,6
shared_ciphers,6
recvfrom_into,6
_real_close,6
set_ciphers,6
mailto,6
Montanaro,6
donothing,6
listfuncs,6
SystemRandom,6
compare_digest,6
randbytes,6
newset,6
STLS,6
_tls_established,6
LOGIN,6
hlL,6
new_f,6
smb,6
sign_pos,6
_replace_encoding,6
normalize_encoding,6
locale_alias,6
iso8859_1,6
iso8859_11,6
iso8859_13,6
eucKR,6
lt_LT,6
c_c,6
es_ES,6
ka_GE,6
ko_KR,6
lo_LA,6
India,6
PRC,6
Singapore,6
x0406,6
Dutch,6
South,6
x0456,6
alter_sys,6
syntaxes,6
commenters,6
pushback,6
_pushback_chars,6
pushing,6
gnu_getopt,6
noon,6
dict_keys,6
athrow,6
param_len,6
GROUPREF,6
GROUPREF_EXISTS,6
JUMP,6
IN_UNI_IGNORE,6
SRE_FLAG_MULTILINE,6
SRE_FLAG_DOTALL,6
_bisect,6
CycleError,6
nodeinfo,6
misrepresented,6
getturtle,6
Terminator,6
__methods,6
relief,6
_createline,6
lineitem,6
TclError,6
_delayvalue,6
colorstring,6
pressing,6
approximated,6
TPen,6
_shearfactor,6
_shapetrafo,6
fcolor,6
_newLine,6
_creatingPoly,6
_getshapepoly,6
nhops,6
Singleton,6
revised,6
im_func,6
open_new,6
kfm,6
kfmclient,6
lynx,6
new_win,6
hdrfields,6
Heap,6
lastelt,6
_siftup,6
parentpos,6
unsurprisingly,6
Took,6
_heapq,6
asynccontextmanager,6
ContextDecorator,6
bypasses,6
_cm_type,6
is_sync,6
suppressed_exc,6
new_exc_details,6
get_connection,6
sample_size,6
Drake,6
modeled,6
_dataclasses,6
_safe_tuple,6
_format_namespace_items,6
_format_dict_items,6
_pprint_set,6
max_width1,6
max_width2,6
_pprint_bytes,6
IS_LINE_JUNK,6
find_longest_match,6
tricks,6
ntest,6
real_quick_ratio,6
regard,6
numb,6
Beautiful,6
ntwo,6
nthree,6
messy,6
best_i,6
_check_types,6
fromdate,6
todate,6
lined,6
transitional,6
mdiff,6
Collects,6
redo,6
originating,6
loadable,6
IMPORT_MAPPING,6
ttk,6
test_support,6
popen_fork,6
EnvironmentError,6
StandardError,6
BufferTooShort,6
REVERSE_NAME_MAPPING,6
ConnectionAbortedError,6
Baxter,6
ENABLE,6
FETCH,6
INTERNALDATE,6
imaplib,6
_cmd_log_len,6
_cmd_log_idx,6
CAPABILITIES,6
mech,6
message_parts,6
CRAM,6
Shutdown,6
message_part,6
search_criteria,6
unimplemented,6
Alters,6
Months,6
Programming,6
ioctl,6
Establish,6
Reached,6
register_dialect,6
Sniffer,6
hasHeader,6
set_completer,6
successively,6
quasi,6
not_full,6
all_tasks_done,6
risks,6
MiniFieldStorage,6
initlog,6
qs_on_post,6
clen,6
next_boundary,6
safe_chars,6
internalstate,6
adequate,6
frequent,6
deviates,6
Fisher,6
after_in_child,6
_GiveupOnSendfile,6
reveal,6
get_inheritable,6
SCM_RIGHTS,6
lsock,6
_checkReadable,6
_checkWritable,6
FQDN,6
canonname,6
dualstack_ipv6,6
ST_INO,6
S_ISCHR,6
_show,6
c_func_name,6
unrecorded,6
rcur,6
pfn,6
contribution,6
reported_time,6
include_attributes,6
allsimple,6
visit_Constant,6
_getter,6
_setter,6
_ABC,6
YIELD,6
AWAIT,6
_avoid_backslashes,6
preparing,6
get_type_comment,6
visit_Assert,6
quote_type,6
visit_Call,6
context_expr,6
exc_type_name,6
handing,6
acconfig,6
LIBRARY,6
cmath,6
Programs,6
ncurses,6
WITH_PYMALLOC,6
NNTPTemporaryError,6
LAST,6
u0301,6
u0300,6
ffl,6
MAKE_FUNCTION,6
is_jump_target,6
cell_names,6
haslocal,6
_UNRECOGNIZED_ARGS_ATTR,6
ClassName,6
_prog,6
_current_section,6
opt_parts,6
_HelpAction,6
_name_parser_map,6
_bufsize,6
_has_negative_number_optionals,6
_remove_action,6
title_group_map,6
group_map,6
allow_abbrev,6
take_action,6
action_tuples,6
segmentation,6
_check_value,6
limit_denominator,6
vrtl,6
bitwidth,6
_darcs,6
same_files,6
diff_files,6
funny_files,6
b_x,6
get_message,6
get_info,6
_pre_mailbox_hook,6
_post_message_hook,6
set_from,6
last_was_empty,6
mh_sequences,6
original_headers,6
EOOH,6
_become_message,6
_explain_to,6
time_,6
lockf,6
pre_lock,6
walk_stack,6
Printing,6
nThe,6
valuestr,6
_RECURSIVE_CUTOFF,6
idlelib,6
end_lno,6
need_context,6
mkfifo,6
mknod,6
fchmodat,6
lchown,6
newdir,6
_walk,6
spawnv,6
decltype,6
unknown_decl,6
handle_comment,6
versioninfo,6
Bits,6
largely,6
_uname_cache,6
_dict_type,6
end_element,6
_BINARY_FORMAT,6
_getrefnum,6
_write_size,6
_wrap_chunks,6
preferably,6
globbing,6
_rlistdir,6
magic_check,6
magic_check_bytes,6
dircase,6
_getuserbase,6
env_base,6
_framework,6
_generate_time_safe,6
_GETTERS,6
_last_timestamp,6
docroutine,6
abfnrtv,6
bgcol,6
namelink,6
formattree,6
needone,6
mdict,6
spilldescriptors,6
skipdocs,6
asyncqualifier,6
xD800,6
pipepager,6
SEQUENCEMETHODS,6
STRINGS,6
TUPLES,6
SLICINGS,6
showtopic,6
argv0,6
_fileobj_lookup,6
get_key,6
devpoll,6
braced,6
_get_dump,6
mcls,6
ZipAppError,6
create_archive,6
instantiates,6
reap,6
Threads,6
ECONNABORTED,6
_profile_hook,6
_trace_hook,6
_acquire_restore,6
_release_save,6
gotit,6
_action,6
_daemonic,6
arranges,6
_wait_for_tstate_lock,6
dummy_src_name,6
reindent,6
million,6
EncodedFile,6
getreader,6
register_error,6
FEFF,6
Encodes,6
adhere,6
apport_python_hook,6
get_scheme_names,6
parse_config_h,6
_PREFIX,6
PCbuild,6
get_default_scheme,6
tmpv,6
flavours,6
get_platform_osx,6
x3ff,6
_a85chars,6
_b85chars,6
MAXLINESIZE,6
Excluding,6
MAXBINSIZE,6
DEFAULT_PROTOCOL,6
GENERATOR_AND_COROUTINE_FLAGS,6
user_line,6
stop_here,6
user_call,6
stepping,6
user_exception,6
argument_list,6
Conditional,6
quote_from_bytes,6
WindowsPath,6
parse_parts,6
drv2,6
MAX_PATH,6
_make_selector,6
Filesystem,6
ino,6
groupwidths,6
item_no,6
unbalanced,6
sget,6
IndentedHelpFormatter,6
OptionValueError,6
option_id,6
default_tag,6
underlined,6
TYPE_CHECKER,6
CHECK_METHODS,6
standard_option_list,6
conflict_opts,6
interspersed,6
add_help_option,6
get_default_values,6
cmdqueue,6
LNKTYPE,6
SYMTYPE,6
FIFOTYPE,6
atime,6
lastpos,6
SpecialFileError,6
tar_filter,6
Exported,6
getmember,6
_create_header,6
raw_headers,6
raw_keyword,6
extraction_filter,6
Init,6
inodes,6
firstmember,6
filter_function,6
tbz,6
SortKey,6
FunctionProfile,6
prim_calls,6
substats,6
_reraised_exceptions,6
tbinfo,6
DOUBLESTAR,6
NT_OFFSET,6
early_prefix,6
_write_large_bytes,6
lastname,6
IPv4Interface,6
nets,6
expected_len,6
_ip_int_from_string,6
fmt_base,6
padlen,6
_make_netmask,6
unassociated,6
functionally,6
_HEXTET_COUNT,6
ABCDEFabcdef,6
skip_index,6
E000,6
luck,6
new_objs,6
valid_seek_flags,6
Opens,6
Inserts,6
_reset_read_buf,6
Slow,6
_flush_unlocked,6
_get_decoded_chars,6
ago,6
annotated_type,6
Floatnumber,6
toks_append,6
pseudomatch,6
__idents_matching,6
Alternatives,6
readrc,6
print_stack_entry,6
_complete_location,6
_complete_bpnumber,6
old_command_defs,6
debuggers,6
_getval,6
ist,6
legally,6
resembles,6
run_as_module,6
Zip64,6
Quickly,6
reloff,6
null_byte,6
strict_timestamps,6
ZipExtFile,6
MAX_N,6
_running_crc,6
_orig_file_size,6
_decrypter,6
NameToInfo,6
bomb,6
centDirSize,6
centDirOffset,6
pycache_opt0,6
pycache_opt1,6
pycache_opt2,6
retaining,6
CompleteDirs,6
_name_set,6
zip_mode,6
_WINDOWS,6
srcobj,6
_set_uid_gid,6
tarobj,6
_access_check,6
thefile,6
YIELD_VALUE,6
SMTPDataError,6
Quote,6
helo_resp,6
_auth_challenge_count,6
has_extn,6
optionlist,6
PLAIN,6
last_exception,6
accompanying,6
senderrs,6
cloned,6
internationalized,6
fromaddr,6
_expand,6
_unspecified,6
_localecodesets,6
oldname,6
_find_module,6
replace_paths,6
load_package,6
_add_badmodule,6
opargs,6
a2b_qp,6
subranges,6
CODESIZE,6
print_2,6
makepipeline,6
compiler_fixup,6
_SYSTEM_VERSION,6
_SYSTEM_VERSION_TUPLE,6
_save_modified_value,6
macver,6
frame_slice,6
include_filters,6
exclude_filters,6
mycmp,6
_lru_cache_wrapper,6
dispatch_cache,6
compile_file,6
concurrently,6
opt_levels,6
acquire_lock,6
release_lock,6
get_frozen_object,6
new_module,6
pack_item,6
unpack_uint,6
cp862,6
u05d3,6
x2019,6
u0651,6
u0641,6
u064b,6
u010e,6
u010f,6
u011a,6
u011b,6
u013d,6
u013e,6
u0139,6
u013a,6
u0147,6
u0148,6
u0154,6
u0155,6
u0158,6
u0159,6
u0164,6
u0165,6
u016e,6
u016f,6
u0385,6
u0389,6
u0390,6
u03aa,6
u03ad,6
u03af,6
u03ca,6
u03cc,6
u0402,6
u0403,6
u0453,6
u0409,6
u040a,6
u040f,6
u0452,6
u0459,6
u045a,6
Prohibit,6
ToASCII,6
cp874,6
u0e01,6
u0e40,6
iso2022_jp_2004,6
u0408,6
u0458,6
cp273,6
ESC,6
utf_32_le_encode,6
utf_32_be_encode,6
iso2022_jp_1,6
PRODUCT,6
uf8ff,6
cp863,6
iso2022_jp_3,6
utf_16_le_encode,6
GHUNNA,6
x0661,6
x0662,6
x0663,6
x0664,6
x0665,6
x0666,6
x0667,6
x0668,6
RREH,6
JEH,6
cp865,6
x0386,6
rot13_map,6
GUILLEMET,6
cp852,6
cp866,6
x0431,6
x0433,6
x043c,6
x043d,6
_codecs_kr,6
utf_16_be_encode,6
JOINER,6
cp858,6
unsort,6
cp1026,6
cp1125,6
cp860,6
cp861,6
iso2022_jp_2,6
iso2022_jp_ext,6
sweetapp,6
mydict,6
Deserialize,6
uni2,6
_weak_cache,6
file_obj,6
_tti_before,6
load_data,6
dstoffs,6
comp_idx,6
trans_list_wall,6
YEAR,6
month_day,6
open_text,6
leapcnt,6
Unpacking,6
aexit,6
evaluations,6
or_expr,6
clarity,6
with_stmt_contents,6
RULE,6
or_pattern,6
capture_pattern,6
value_pattern,6
signed_number,6
name_or_attr,6
parameter_list_no_posonly,6
parameter_list_starargs,6
advised,6
wanting,6
mini,6
tokenizing,6
ternary,6
humans,6
Mutable,6
owning,6
Menu,6
spacious,6
completeness,6
dictview,6
reverses,6
uninstallation,6
additional_paths,6
_previousTestClass,6
testsRun,6
_setupStdout,6
_restoreStdout,6
_exc_info_to_string,6
addSubTest,6
test_result,6
excs,6
checksig,6
_callable,6
spec_string,6
all_calls,6
kall,6
flipping,6
_active_patches,6
normalise,6
not_callable,6
_get_target,6
these_magics,6
code_mock,6
awaits,6
formatted_args,6
from_kall,6
call_list,6
clashing,6
_asyncioCallsQueue,6
shutdown_asyncgens,6
countTestCases,6
tearDown_exceptions,6
hacks,6
testFunc,6
_PLACEHOLDER_LEN,6
_MIN_BEGIN_LEN,6
testPartExecutor,6
_BaseTestCaseContext,6
typeobj,6
exercising,6
new_child,6
asserter,6
assertIn,6
assertIsNone,6
unexpected_regex,6
assertRaisesRegexp,6
_setUpFunc,6
_tearDownFunc,6
installHandler,6
progName,6
_discovery_parser,6
testNames,6
startTime,6
presents,6
_CS_REQ_SENT,6
parse_headers,6
CVE,6
tr_enc,6
mvb,6
getheaders,6
_tunnel_headers,6
tunnelling,6
Appends,6
consequences,6
DefaultCookiePolicy,6
relax,6
strip_quotes,6
version_set,6
IPV4_RE,6
knowing,6
acme,6
blocked_domains,6
strict_ns_domain,6
value_attrs,6
commenturl,6
IMPORTANT,6
extensions_map,6
rejection,6
Timothy,6
sugar,6
rocky,6
Detects,6
Sign,6
cval,6
parsed_items,6
Forbidden,6
Precondition,6
fulfill,6
pyepat,6
evil,6
PreprocessError,6
Mingw32CCompiler,6
get_msvcr,6
CONFIG_H_NOTOK,6
CONFIG_H_UNCERTAIN,6
RE_VERSION,6
abs_head,6
need_dir,6
link_dest,6
_build_cmdtuple,6
ensure_relative,6
compressed_name,6
zipoptions,6
DFOO,6
setup_keywords,6
sit,6
bcpp,6
startup_obj,6
dlib,6
_fix_compile_args,6
process_template_line,6
_find_all_simple,6
make_rel,6
dump_option_dicts,6
save_argv,6
prob,6
_find_macro,6
augments,6
Guarantees,6
extlang,6
extindex,6
link_executable,6
redundancies,6
_read_pypirc,6
index_servers,6
emptied,6
gen_error,6
PLAT,6
cfile_base,6
afterward,6
Robin,6
Becker,6
DevStudio,6
HKEY_USERS,6
NETFramework,6
FrameworkSDKDir,6
FrameworkVersion,6
get_build_architecture,6
__macros,6
EXPORT,6
dll_ext,6
IMPLIB,6
lesser,6
everyone,6
bondage,6
hell,6
mandate,6
Unices,6
tbd,6
compiler_name,6
shared_f,6
dylib_f,6
xcode_stub_f,6
static_f,6
Developer,6
BASE_PREFIX,6
BASE_EXEC_PREFIX,6
configure_cflags,6
newcc,6
cc_cmd,6
command_re,6
help_string,6
_build_index,6
get_attr_name,6
_check_alias_dict,6
created_object,6
generate_help,6
flimflam,6
flim,6
flam,6
common_usage,6
importantly,6
get_command_packages,6
want_user_cfg,6
sys_file,6
user_filename,6
ugh,6
_get_toplevel_options,6
_parse_command_opts,6
_show_help,6
fix_help_options,6
help_option_found,6
help_option,6
any_display_options,6
is_display_option,6
print_command_list,6
opportunity,6
write_pkg_info,6
get_licence,6
get_download_url,6
analogy,6
myval,6
thereafter,6
_ensure_tested_string,6
src_cmd_obj,6
add_cpp_opts,6
WINSDK_BASE,6
find_vcvarsall,6
toolskey,6
query_vcvarsall,6
ok_plats,6
mfinfo,6
MANIFESTFILE,6
Hmmm,6
copy_it,6
Jones,6
list_classifiers,6
build_post_data,6
password_mgr,6
copy_scripts,6
ASAP,6
sep_by,6
py_include,6
plat_py_include,6
Issues,6
user_include,6
build_extensions,6
get_ext_fullpath,6
_build_extensions_serial,6
_filter_build_errors,6
get_export_symbols,6
swig_targets,6
initfunc_name,6
pythonlib,6
clib,6
lib_names,6
RPMs,6
rpm3,6
fix_python,6
spec_only,6
use_bzip2,6
prep_script,6
build_script,6
clean_script,6
verify_script,6
pre_install,6
post_install,6
pre_uninstall,6
post_uninstall,6
use_rpm_opt_flags,6
rpm3_mode,6
_make_spec_file,6
get_archive_files,6
__python,6
nvr_string,6
q_cmd,6
binary_rpms,6
srpm,6
__os_install_post,6
brp,6
bytecompile,6
def_setup_call,6
_gen_temp_sourcefile,6
_preprocess,6
try_cpp,6
heck,6
try_link,6
other_libraries,6
archive_basename,6
upload_file,6
gpg_args,6
Upload,6
unix_prefix,6
unix_home,6
finalize_other,6
create_home_path,6
handle_extra_path,6
install_libbase,6
root_len,6
install_root,6
_mutate_outputs,6
pure_outputs,6
bytecode_outputs,6
get_data_files,6
build_modules,6
build_packages,6
find_data_files,6
find_all_modules,6
get_module_outfile,6
VerdanaBold10,6
MACHINE,6
install_path,6
machine_reg,6
user_reg,6
CustomAction,6
InstallExecuteSequence,6
InstallUISequence,6
install_action,6
scriptfn,6
ErrorDlg,6
Windows9x,6
SelectFeaturesDlg,6
Minimize,6
prepares,6
PathEdit,6
AdminInstall,6
Installation,6
REMOVE,6
format_commands,6
bad_format,6
read_manifest,6
prune_file_list,6
_add_defaults_ext,6
_add_defaults_c_libs,6
_add_defaults_scripts,6
slip,6
confuses,6
report_level,6
halt_level,6
HAS_DOCUTILS,6
VINAY,6
SAJIP,6
fileConfig,6
_strip_spaces,6
pflen,6
num_existing,6
convert_with_key,6
Minutes,6
rolloverAt,6
tomorrow,6
retryPeriod,6
levelName,6
shouldFlush,6
periodically,6
flushOnClose,6
unpickleable,6
marshalling,6
addLevelName,6
processName,6
_logRecordFactory,6
_loggerClass,6
Houston,6
env_exec_cmd,6
CreateFile,6
tcldir,6
RAM,6
tbl_name,6
Uniform,6
DefragResult,6
hdl,6
_noop,6
have_open_br,6
_DefragResultBase,6
Throws,6
unquoting,6
host_port,6
_splitpasswd,6
splittag,6
_splitattr,6
install_opener,6
FTPHandler,6
UnknownHandler,6
_url_tempfiles,6
temp_file,6
addheaders,6
http_response,6
redirect_dict,6
hostport,6
proxy_type,6
authreq,6
respdig,6
ncvalue,6
AbstractHTTPHandler,6
open_local_file,6
__tempfiles,6
url1,6
proxy_passwd,6
http_conn,6
urlfile,6
_thishost,6
proxy_name,6
proxy_settings,6
hostIP,6
proxyEnable,6
proxyServer,6
SOCKS4,6
rulelines,6
req_rate,6
applies_to,6
addinfo,6
led,6
DOMBuilderFilter,6
FILTER_INTERRUPT,6
ElementInfo,6
getParser,6
createDocument,6
createTextNode,6
Builder,6
DocumentType,6
messed,6
END_ELEMENT,6
PROCESSING_INSTRUCTION,6
documentFactory,6
setDocumentLocator,6
a_uri,6
endElementNS,6
endDocument,6
setFeature,6
feature_namespaces,6
insertBefore,6
_clone_node,6
_write_data,6
_localName,6
NamespaceErr,6
attname_or_tuple,6
_nssplit,6
newText,6
_id_search_stack,6
expatbuilder,6
officially,6
_settings,6
characterStream,6
disappear,6
Avoids,6
getColumnNumber,6
getLineNumber,6
_finish_pending_start_element,6
__encoding,6
_qnames,6
ExpatParser,6
_lex_handler_prop,6
_entity_stack,6
create_parser,6
interning,6
MERCHANT,6
ABILITY,6
XMLPullParser,6
register_namespace,6
ElementPath,6
_assert_is_element,6
text_or_uri,6
close_source,6
accumulating,6
indentations,6
comment_factory,6
pi_factory,6
_end,6
end_ns,6
serialised,6
_declared_ns_stack,6
_preserve_space,6
resolved_names,6
justification,6
_parent_hrefs,6
warnings_helper,6
ignore_deprecations_from,6
check_warnings,6
recorder,6
check_syntax_error,6
swap_item,6
detect_api_mismatch,6
threading_cleanup,6
pynexttest,6
exhaust,6
fail_env_changed,6
Selecting,6
multiprocessing_process,6
Regrtest,6
tests_iter,6
display_failure,6
refleak,6
test_int,6
LOOPBACK_TIMEOUT,6
RegressionTestResult,6
zdc,6
warmup,6
_running,6
WCHAR,6
data_base,6
getloadavg,6
run_no_tests,6
first_result,6
next_single_filename,6
worker_test_name,6
INTERRUPTED,6
testsuites,6
legacy_pyc,6
_UNSPECIFIED,6
tmp_name,6
kernel_version,6
_waitfor,6
_rmtree_inner,6
thorough,6
_NOT_SET,6
_old_hook,6
_hook,6
name_in_zip,6
SendChannel,6
errtext,6
max_memuse,6
version_txt,6
sanitizer,6
tuned,6
stream_name,6
orig_tz,6
MAX_Py_ssize_t,6
_buggy_ucrt,6
cmd_names,6
unmarshalling,6
make_comparable,6
marshalled,6
__call_list,6
methodCall,6
max_decode,6
encode_threshold,6
_extra_headers,6
instanced,6
SimpleXMLRPCRequestHandler,6
omicron,6
cong,6
downwards,6
x2190,6
vee,6
ordm,6
sup2,6
Colon,6
Downarrow,6
downarrow,6
u03f5,6
frown,6
u2267,6
geq,6
u2a7e,6
u226b,6
u2190,6
lbrace,6
Leftarrow,6
leftharpoondown,6
Leftrightarrow,6
leftrightarrow,6
u2a7d,6
u226a,6
u200b,6
u2aaf,6
u2ab0,6
u2283,6
odot,6
ominus,6
preceq,6
primes,6
propto,6
Rightarrow,6
rightharpoondown,6
rightleftharpoons,6
simeq,6
smile,6
sqsubseteq,6
sqsupseteq,6
subseteq,6
succeq,6
supset,6
supseteq,6
Uparrow,6
uparrow,6
Updownarrow,6
uplus,6
DBM,6
s16,6
run_once,6
check_string_type,6
check_start_response,6
server_software,6
bytes_sent,6
request_uri,6
amongst,6
origin_server,6
wsgi_file_wrapper,6
recovery,6
spit,6
accomplished,6
abbb,6
reuses,6
__cast,6
pycs,6
_check_name,6
_set_fileattr,6
InspectLoader,6
path_mtime,6
code_object,6
FileReader,6
Adapt,6
_object_name,6
tail_module,6
_ModuleLock,6
_module_locks,6
_cached,6
globals_,6
open_resource,6
Adapter,6
get_package,6
importlib_metadata,6
generous,6
ctext,6
startswith_fws,6
section_number,6
WhiteSpaceTerminal,6
get_unstructured,6
constitute,6
valid_ew,6
premature,6
inner_value,6
preferring,6
wrap_as_ew_blocked,6
chrome_len,6
to_encode_word,6
make_header,6
fcre,6
decoded_words,6
_continuation_ws,6
uchunks,6
lastcs,6
lastspace,6
nextcs,6
header_source_parse,6
normal_body,6
decode_b,6
SEMISPACE,6
as_bytes,6
get_content_subtype,6
linefeed,6
HeaderRegistry,6
_addresses,6
adrstr,6
UniqueAddressHeader,6
default_class,6
Atlantic,6
CST,6
getcomment,6
delimiting,6
encoder_module,6
NLCRE,6
_new_buffer,6
_handle_,6
msgtexts,6
open_pos,6
accepted_values,6
tm_isdst,6
Produces,6
refold_source,6
refolded,6
parsebytes,6
lastheader,6
lastvalue,6
_QUOPRI_HEADER_MAP,6
nonmultipart,6
sndhdr,6
sem_unlink,6
get_start_method,6
duplicate_for_child,6
ShareableList,6
_posixshmem,6
_buf,6
concert,6
_CLEANUP_FUNCS,6
fds_to_pass,6
BaseContext,6
RawValue,6
_resource_sharer,6
send_handle,6
recv_handle,6
DupHandle,6
sendfds,6
recvfds,6
_rebuild_socket,6
_exiting,6
_inheriting,6
sig_r,6
pipe_handle,6
tracker_fd,6
forgotten,6
idiom,6
current_main,6
_send_bytes,6
bsize,6
GENERIC_WRITE,6
obsize,6
ibsize,6
NMPWAIT_WAIT_FOREVER,6
CHALLENGE,6
waithandle_to_obj,6
_start_to_block,6
_stop_to_block,6
_handle_workers,6
_task_handler,6
_result_handler,6
task_batches,6
set_length,6
listener_client,6
spot,6
manager_owned,6
tls_idset,6
MakeProxyType,6
AcquirerProxy,6
callmethod,6
SharedMemoryServer,6
monkeypatching,6
HUGE,6
type_num,6
invocant,6
next_sibling,6
LeafPattern,6
comprises,6
FooBar,6
refactor_file,6
lparen,6
attr_chain,6
dotted_as_name,6
Reduces,6
Picks,6
traverses,6
node_token,6
filename_arg,6
try_cleanup,6
cwinter,6
no_call,6
sort_stmt,6
mod_list,6
Renaming,6
Moving,6
move_node,6
DictType,6
async_def_indent,6
LPCWSTR,6
LPWSTR,6
HGLOBAL,6
_COORD,6
svr4,6
elf,6
_get_soname,6
armv7l,6
RTLD_MEMBER,6
Priority,6
HRESULT,6
use_errno,6
LimitOverrunError,6
_process_exited,6
_pipe_fds,6
get_pipe_transport,6
feed_data,6
BaseEventLoop,6
AF_UNSPEC,6
_active_count,6
_stop_serving,6
AbstractEventLoop,6
_thread_id,6
_current_handle,6
_asyncgens,6
_make_socket_transport,6
_make_ssl_transport,6
_write_to_self,6
thread_id,6
sock_connect,6
_ensure_resolved,6
SSLProtocol,6
concern,6
default_exception_handler,6
_LoopBoundMixin,6
_DEBUG,6
coro_code,6
coro_frame,6
format_cb,6
LOG_THRESHOLD_FOR_CONNLOST_WRITES,6
SSL_HANDSHAKE_TIMEOUT,6
repl_future_interrupted,6
SelectorEventLoop,6
DefaultEventLoopPolicy,6
registered_fd,6
ReadTransport,6
WriteTransport,6
notifications,6
_sig_chld,6
_forks,6
coalescing,6
set_child_watcher,6
stream_reader,6
_log_traceback,6
coro_fns,6
winner_result,6
this_index,6
IOCP,6
_pending_write,6
_eof_written,6
keep_open,6
BufferedProtocol,6
error_received,6
_register_task,6
_enter_task,6
_leave_task,6
_all_tasks,6
_on_completion,6
set_running_or_notify_cancel,6
stdout_wfd,6
stderr_wfd,6
Resume,6
untransformed,6
_outgoing,6
_handshake_cb,6
initiated,6
Happens,6
windows_utils,6
finish_recv,6
_pending_calls,6
_python_exit,6
cancel_futures,6
_AsCompletedWaiter,6
stop_on_exception,6
DoneAndNotDoneFutures,6
not_done,6
Attaches,6
severe,6
is_broken,6
_shutdown_thread,6
dies,6
codepath,6
keycode,6
tigetstr,6
lry,6
lrx,6
insert_mode,6
_update_max_yx,6
Edit,6
get_protocol_members,6
_PEP_696_IMPLEMENTED,6
Vendored,6
arguably,6
deduped_pairs,6
is_callable,6
base_dict,6
__extra_items__,6
deprecation_msg,6
_set_default,6
_set_module,6
typevartuple_index,6
var_tuple_index,6
_ASSERT_NEVER_REPR_MAX_LENGTH,6
expect_val,6
default_encountered,6
type_var_tuple_encountered,6
_get_module,6
_MovedItems,6
exec_,6
_locs_,6
want_unicode,6
FlexibleAlias,6
gs_windows_binary,6
infile_temp,6
EpsImageFile,6
reading_header_comments,6
ImageData,6
bytecount,6
PdfArray,6
DeviceGray,6
Indexed,6
getchannel,6
y_resolution,6
Transparency,6
getimage,6
PpmImageFile,6
SAFEBLOCK,6
comment_end,6
QByteArray,6
bitpattern,6
o16be,6
putdata,6
GdImageFile,6
UnidentifiedImageError,6
pdf_repr,6
pages_tree_node_ref,6
Prev,6
obj_ref,6
ACCESS_READ,6
stream_len,6
bytesleft,6
x4f,6
j2k,6
Saves,6
__logical_frame,6
_getexif,6
GifImagePlugin,6
frame_idx,6
IJG,6
APP2,6
Differential,6
xFFFD,6
mpentries,6
mpentryattr,6
RAWMODE,6
overhead_len,6
adopt,6
o32be,6
RAQM,6
PILfont,6
Raqm,6
HelloWorld,6
getmask2,6
AAF,6
AAD,6
load_default,6
AAAAA,6
get_command,6
Preview,6
UnixViewer,6
eog,6
im_ratio,6
dest_ratio,6
new_height,6
new_width,6
imSequence,6
bitbuffer,6
qoi,6
getpixel,6
delta_r,6
SPIDER,6
iform,6
labbyt,6
istack,6
Light,6
Blend,6
Outside,6
lbox,6
tile_post_rotate,6
Average,6
MAXBLOCK,6
codec_name,6
subifd_offsets,6
_getdecoder,6
next_offset,6
xoff,6
SgiImageFile,6
img_name,6
DIB,6
EpsImagePlugin,6
text_bytes,6
ifelse,6
definefont,6
X_RESOLUTION,6
Y_RESOLUTION,6
_LoaderFunc,6
_register_loader,6
_register_writer,6
_planar_configuration,6
strip_byte_counts,6
writeShort,6
Threshold,6
Smooth,6
ALPHAPIXELS,6
Texture,6
chord,6
ContainerIO,6
enhancement,6
sine,6
GimpGradientFile,6
frame_duration,6
__rewind,6
defusedxml,6
MAX_IMAGE_PIXELS,6
publicly,6
AFFINE,6
ADAPTIVE,6
__arrow_c_array__,6
putpalettealpha,6
buildTransform,6
getband,6
alpha_composite,6
ImagePointHandler,6
Randomly,6
_hidden_data,6
makernote,6
camerainfo,6
Checked,6
attribution,6
rowlen,6
outwards,6
centroid,6
polygon_radius,6
mipmap,6
block_index,6
linesize,6
input_text,6
line_spacing,6
LoadingStrategy,6
dispose_size,6
_Frame,6
temperature,6
PaletteFile,6
TgaImageFile,6
FTEX,6
format_count,6
azure,6
darkblue,6
dodgerblue,6
sienna,6
IEND,6
perceptual,6
prev_disposal,6
single_im,6
XbmImageFile,6
WAL,6
image_io,6
image_bytes,6
nb_color,6
IcoImageFile,6
pytest_warning_recorded,6
config_filters,6
cmdline_filters,6
call_historic,6
pytest_assertrepr_compare,6
pytest_report_header,6
progresses,6
pytest_internalerror,6
NodeKeywords,6
indirection,6
legacypath,6
marker_,6
_setupstate,6
path_or_parent,6
relfspath,6
UnformattedWarning,6
runxfail,6
msglines,6
Xfail,6
collect_thread_exception,6
tracemalloc_tb,6
failed_index,6
FormattedExcinfo,6
FixtureFunctionMarker,6
scoped_item_path,6
flux,6
clscol,6
TopRequest,6
faclist,6
SetupState,6
read_global_capture,6
allow_bytes,6
_SCOPE_INDICES,6
pastebinfile_key,6
collect_unraisable,6
_is_skipped,6
TestCaseFunction,6
_addexcinfo,6
ApproxScalar,6
_recursive_sequence_map,6
other_side_as_array,6
absolute_tolerance,6
codebase,6
xE000,6
_NodeReporter,6
existing_attrs,6
skipreason,6
_opentestcase,6
node1,6
ImportPathMismatchError,6
_idlist,6
formatted_tb,6
setup_function,6
teardown_function,6
with_parents,6
teardown_class,6
_param_ids_from,6
noconftest,6
_notfound,6
_collection_cache,6
unexpanded,6
as_pypath,6
handle_dupes,6
test_it,6
FNMatcher,6
module_location,6
errorinfo,6
these_exceptions,6
_initial_disabled_logging_level,6
at_level,6
report_handler,6
Guaranteed,6
Handled,6
best_idx,6
Rust,6
targetfd_invalid,6
_in_suspended,6
is_started,6
resume_global_capture,6
set_fixture,6
unset_fixture,6
test_output,6
traceconfig,6
terminalprogress,6
reported_progress,6
line_sep,6
_add_stats,6
display_sep,6
markup_for_end_sep,6
_get_verbose_word_with_markup,6
_mkdir,6
CACHEDIR,6
previously_failed,6
other_items,6
_match_pattern,6
_exception_type_name,6
_check_match,6
old_reason,6
_cwd,6
_savesyspath,6
fixup_namespace_packages,6
Subtests,6
declaring,6
_saved,6
_recursive_debug,6
troubles,6
_given_basetemp,6
_basetemp,6
_tmp_path_factory,6
maketxtfile,6
colitems,6
no_reraise_ctrlc,6
getitems,6
getmodulecol,6
configargs,6
getcalls,6
isolate,6
_log_output,6
ReprExceptionInfo,6
ReprFuncArgs,6
ReprLocals,6
________,6
_getreprcrash,6
default_msg,6
considerations,6
inner_exc,6
saferepr_unlimited,6
code_highlight,6
_highlight,6
tbh,6
recursionindex,6
originates,6
_traceback,6
tryshort,6
exc_group,6
target_depth,6
excinfo_,6
_processopt,6
Shorten,6
short_long,6
toml_config,6
found_pyproject_toml,6
_get_directory,6
massive,6
_dirpath2confmods,6
mark_rewrite,6
plugin_info,6
missing_plugins,6
VERBOSITY_ASSERTIONS,6
error_template,6
path_value,6
_getbyspec,6
hashtype,6
ExpressionMatcher,6
IDENT,6
EMPTY_PARAMETERSET_OPTION,6
Enforce,6
mark1,6
Hypothesis,6
mapped_names,6
explanation_specifiers,6
push_format_context,6
assertmsg,6
raise_,6
IfExp,6
res_expl,6
name_id,6
next_operand,6
should_truncate,6
bytes_dtype,6
COMPLEX_DTYPES,6
csr,6
indexer_ial,6
versioneer,6
grep,6
full_out,6
DISTANCE,6
postDISTANCE,6
__git_version__,6
CompressionDict,6
WindowingRankType,6
DatetimeNaTType,6
PlottingOrientation,6
MergeHow,6
MatplotlibColor,6
TimeGrouperOrigin,6
OpenFileErrors,6
PANDAS_DATA_MANAGER,6
dt64arr_to_periodarr,6
_get_binner_for_time,6
_agg_see_also_doc,6
_groupby_and_aggregate,6
BPoly,6
Consecutive,6
equidistant,6
T07,6
DatetimeIndexResamplerGroupby,6
orig_how,6
PeriodIndexResamplerGroupby,6
TimedeltaIndexResamplerGroupby,6
_maybe_convert_datelike_array,6
lresult,6
apply_str,6
UDF,6
series_generator,6
res_columns,6
SettingWithCopy,6
Parallel,6
maybe_cast_str,6
_map_values,6
is_multi_agg_with_relabel,6
_make_unique_kwarg_list,6
aab,6
shuffled,6
mangled_aggfuncs,6
ListAccessor,6
CombinedDatetimelikeProperties,6
selectn,6
is_pandas_object,6
aabc,6
add_references,6
_check_is_chained_assignment_possible,6
validate_repeat,6
_duplicated,6
extra_params,6
agg_series,6
Aligns,6
Unstack,6
_explode,6
_reindex_indexer,6
see_also_sub,6
mask_missing,6
_info_axis_number,6
logical_op,6
_binop,6
_delegate_property_get,6
_delegate_method,6
register_index_accessor,6
terp,6
clean_reindex_fill_method,6
codes_given,6
factorized,6
arr_values,6
sort_levels,6
milk,6
bait,6
should_use_regex,6
mgr_to_mgr,6
DataFrameRenderer,6
IndexingMixin,6
axe,6
clean_column_name,6
missing_labels,6
Potential,6
lzo,6
pd_table,6
PostgreSQL,6
unpickled_df,6
templating,6
formatters_,6
_set_is_copy,6
axis_num,6
natsort,6
baxis,6
prices,6
data_keyword,6
_can_hold_strings,6
get_bool_data,6
get_dtypes,6
cdt,6
inferable,6
indexer_at_time,6
left_inclusive,6
right_inclusive,6
include_end,6
h30min,6
_rank,6
cmask,6
cond_rev,6
_accum_func,6
accum_func_name,6
bottleneck_switch,6
biu,6
dtype_max,6
orig_dtype,6
skewness,6
adjusted2,6
maybe_cast_to_integer_array,6
object_index,6
convert_na_value,6
infer_dtype_from_object,6
SparseFrameAccessor,6
dict_to_mgr,6
nan_as_null,6
interchange_object,6
_get_item_cache,6
shuffling,6
destination_table,6
statawriter,6
showindex,6
write_table,6
iget_values,6
_iset_item_mgr,6
column_setitem,6
inplace_only,6
Backtick,6
converted_dtypes,6
_get_data_subset,6
newcol,6
nper,6
Catwoman,6
proportions,6
diet,6
get_array_op,6
pounds,6
mylen,6
Myla,6
_validate_key_length,6
_getitem_lowerdim,6
elided,6
_supports_partial_string_indexing,6
len_axis,6
multiindex_indexer,6
unique_cols,6
ABCDatetimeArray,6
ruled,6
_get_hashtable_algo,6
na_counter,6
value_count,6
res_mask,6
value_arr,6
unique_vals,6
iterable_not_string,6
E721,6
not_none,6
all_not_none,6
convert_to_list_like,6
centrally,6
Asian,6
max_categories,6
max_dir_items,6
reader_engine_doc,6
new_inputs,6
row_needs,6
col_needs,6
_reductions,6
_minmax,6
table_pieces,6
_all_key,6
common_idx,6
unique_rownames,6
unique_colnames,6
table_columns,6
factorize_from_iterables,6
all_indexes_same,6
concatenate_managers,6
GH28330,6
unique_codes,6
to_sort,6
clevels,6
unstcols,6
roll_columns,6
desired_columns,6
stack_cols,6
with_dummies,6
dummy_mat,6
prefix_slice,6
data_slice,6
_known,6
left_drop,6
Pinning,6
_any,6
common_cols,6
left_on_0,6
lo_dtype,6
right_on_0,6
ro_dtype,6
join_keys,6
_encode_with_my_categories,6
_is_dt_or_td,6
arg_vars,6
melted,6
FixedWindowIndexer,6
window_indices,6
Timedeltas,6
cast_from_unit_vectorized,6
induce,6
impl_ret_borrowed,6
typer,6
StructModel,6
dmm,6
IlocType,6
column_looper,6
unioning,6
PeriodDtypeBase,6
reset_cache,6
_from_categorical_dtype,6
Rules,6
combine_hash_arrays,6
NUMPY_FLOAT_TO_DTYPE,6
_is_na_fill_value,6
ExtensionArraySupportsAnyAll,6
record_as_array,6
array_equals,6
ABCCategorical,6
_arrow_dtype_mapping,6
predict,6
infer_dtype_from_array,6
to_pyarrow_type,6
_ensure_nanosecond_dtype,6
ravel_compat,6
_is_recognized_dtype,6
get_format_timedelta64,6
_add_offset,6
copy_made,6
i64max,6
_truthy_value,6
_falsey_value,6
buflist,6
kleene,6
_get_repr_footer,6
_cython_op_ndim_compat,6
ovalues,6
_maybe_convert,6
BaseOffsetT,6
qyear,6
_from_datetime64,6
_addsub_int_array_or_scalar,6
_add_timedeltalike_scalar,6
other_freq,6
period_ordinal,6
maybe_booleans_to_slice,6
_validation_error_message,6
_internal_get_values,6
is_monotonic,6
_validate_frequency,6
is_unsigned_integer,6
pa_version_under16p0,6
is_in,6
_str_startswith,6
_str_endswith,6
_str_lower,6
_str_strip,6
_str_lstrip,6
_str_rstrip,6
_str_removesuffix,6
_str_capitalize,6
_str_title,6
_str_swapcase,6
_str_slice_replace,6
_str_len,6
_str_count,6
get_period_alias,6
other_tz,6
tz_naive,6
tz_aware,6
Namely,6
dow,6
array_to_datetime_with_tz,6
consensus,6
starts_with,6
ends_with,6
mask_index,6
new_string_array,6
na_value_is_na,6
res_arr,6
messes,6
statistical,6
new_cats,6
_from_inferred_categories,6
Necessary,6
_validation_msg,6
sp_arr,6
splib,6
_get_fill,6
sp_sum,6
nsparse,6
ax_coords,6
value_lengths,6
_box_pa,6
pc_func,6
at_end,6
pyarrow_name,6
data_to_reduce,6
result_min,6
to_pylist,6
floor_temporal,6
multi_line,6
result_type_many,6
DEFAULT_GLOBALS,6
pprint_thing_encoded,6
MATHOPS,6
is_datetime,6
_binary_ops_dict,6
ret_value,6
a_value,6
b_value,6
FilterBinOp,6
PyTablesExprVisitor,6
_visitor,6
_unsupported_nodes,6
unsupported_nodes,6
op_node,6
ldesc,6
count_unique,6
nan_index,6
object_dtype_indices_as_set,6
USE_BITMASK,6
get_column,6
time32,6
_get_string_slice,6
_parsed_string_to_bounds,6
hours_series,6
quarters_series,6
_ExtensionIndexT,6
default_pprint,6
joined_ndarray,6
Int64Engine,6
_format_with_header,6
Orange,6
_validate_sort_keyword,6
setop,6
_assert_can_do_setop,6
_wrap_setop_result,6
TDI,6
abbc,6
non_monotonic_index,6
ptarget,6
_maybe_downcast_for_indexing,6
_convert_tolerance,6
tgt_values,6
own_values,6
GH7774,6
keep_order,6
fastpaths,6
ldrop_names,6
rdrop_names,6
multi_join_idx,6
_wrap_joined_index,6
_standardize_fill_value,6
_as,6
nmissing,6
target_index,6
Overriding,6
rstep,6
union_indexes,6
safe_sort_index,6
right_chunk,6
stringified_levels,6
lev_name,6
maybe_mi_droplevels,6
loc_level,6
k_codes,6
level_indexer,6
self_values,6
sparse_cur,6
time_micros,6
foojpgbar,6
Linda,6
Pitt,6
Rivers,6
rab,6
extension_array,6
group_mean,6
group_var,6
group_cumsum,6
fused,6
group_keys_seq,6
_sort_idx,6
_result_index,6
_cython_operation,6
newgrouper,6
removable,6
GroupByPlot,6
_apply_docs,6
_idxmax_idxmin,6
c_sum,6
_aggregate_frame,6
res_fast,6
test_transform,6
res_frame,6
index_sample,6
OutputFrameOrSeries,6
sorted_data,6
_as_index,6
_make_mask_from_positional_indexer,6
idx_codes,6
ewm_func,6
cov_func,6
last_ewm,6
Func,6
kwargs_scipy,6
flex_binary_moment,6
Symmetric,6
_slice_axis_for_step,6
groupby_codes,6
roll_sum,6
apply_func,6
count_x_y,6
_fill_zeros,6
Masking,6
yarr,6
undesired,6
Subtraction,6
Among,6
df_multindex,6
needs_copy,6
upcasted_na,6
concat_values,6
rblks,6
backs,6
ensure_np_dtype,6
extract_pandas_array,6
copy_on_sanitize,6
NullArrayProxy,6
new_mask2D,6
orig_mask,6
mgr_loc,6
unfit_val_locs,6
removed_blknos,6
val_locs,6
new_blknos,6
bvals,6
EasterMonday,6
National,6
HolidayCalendarFactory,6
month_position_check,6
BYS,6
pph,6
mdiffs,6
nay,6
arg_val_dict,6
good_value,6
mark_array_manager_not_yet_implemented,6
docstring_components,6
idx_nlevels,6
col_nlevels,6
InfiniteTypes,6
_legacy_cmpkey,6
_legacy_version_component_re,6
_legacy_version_replacement_map,6
_parse_version_parts,6
mapped_part,6
hardcode,6
_mixed,6
_mixed2,6
left_fix,6
right_fix,6
pyexe,6
ensure_removed,6
arr_nan_float1,6
arr_nan_infj,6
arr_nan_1d,6
arr_float_nan_1d,6
arr_float1,6
targarval,6
testar,6
allow_tdelta,6
nan_op,6
nullnan,6
check_nancorr_nancov_2d,6
test_axis,6
test_nans,6
STK_ID,6
RPT_Date,6
codes2,6
pxi,6
ddf,6
test_equality,6
ser_other,6
test_to_frame,6
test_to_period,6
test_dropna,6
arr_before,6
mutate_parent,6
subset_is_view,6
pa_version_under12p0,6
tnaive,6
dt64vals,6
dti_freq,6
offset_cls,6
dtimax,6
dtimin,6
tsneg,6
tspos,6
other_constructor,6
box_1d_array,6
ser_compat,6
origVal,6
test_divmod,6
tdi_freq,6
int_holder,6
str_ts,6
input_columns,6
visitdt,6
Moore,6
all_rows,6
cindex,6
MODEL,6
bin_data,6
reshape_lib,6
margin_name,6
Val,6
s_series_index,6
from_A_a,6
from_A_b,6
series_of_dtype_all_na,6
merged1,6
check1,6
check2,6
df_badcolumn,6
expected_3,6
expected_outer,6
Cat1,6
Int1,6
dedupe,6
bind_cols,6
exp_years,6
nl0000289965,6
equivalency,6
input_col,6
pdt,6
raw_grade,6
name_in1,6
name_in2,6
name_in3,6
name_out,6
no_name,6
mi2_list,6
exp_index_dtype,6
exp_series_dtype,6
EST5EDT,6
exp_idx1,6
series_index,6
test_singleton,6
val_type,6
test_comparisons,6
test_construction,6
ts_from_string,6
ts_from_string_tz,6
ts_from_method_tz,6
too_high,6
dateutil_gettz,6
test_fields,6
test_timezone,6
expected_iso,6
date_only,6
date_tz,6
date_with_utc_offset,6
tz_type,6
ts_aware,6
P0DT0H0M0,6
roundtripped,6
min_td,6
CustomClass,6
DAY_IS_OUT_OF_RANGE,6
input_s,6
disallowing,6
units_from_epochs,6
epochs,6
julian_dates,6
test_period,6
min_max,6
_check_behavior,6
is_seq,6
test_tuple,6
Enterprise,6
e14,6
to_ea_dtypes,6
to_numpy_dtypes,6
integer_dtypes,6
abctype1,6
data_datetime64,6
not_implemented_mark,6
assert_level_values,6
df_dropped,6
test_shift_fill_value,6
test_min_max,6
hole,6
test_is_numeric,6
test_sum,6
bindex,6
test_op,6
as_dense,6
exp_any_noskip,6
exp_all_noskip,6
test_sub,6
expected_sliced,6
full_pickled,6
sliced_pickled,6
test_setitem_preserves_views,6
test_constructor_empty,6
cat_rev_base,6
cat_labels,6
CBA,6
ababc,6
test_mode,6
xp2,6
np_expected,6
mask_expected,6
pa_array_offset,6
check_skip,6
neg_result,6
abs_result,6
in_series,6
_deprecated_options,6
test_eq,6
makeFY5253LastOfMonth,6
date_seq_lom_aug_sat,6
date_seq_nem_8_sat,6
bm_offset,6
INT_NEG_999_TO_POS_999,6
hrs_pre,6
offset_thur,6
weekmask_egypt,6
_offset_map,6
month_classes,6
ndt,6
offset_kwargs,6
expected_arg,6
Discarding,6
_THURSDAY,6
TestCalendar,6
us_fed_cal,6
ex3,6
test_invalid_engine,6
_parsers,6
repeated_values,6
ref_d,6
twos,6
dates_as_str,6
col_b,6
idx_method,6
dtype_a,6
add3,6
b_r,6
X_orig,6
is_windows_np2_or_is32,6
has_skipna,6
unstacking,6
unstack_idx,6
hair_length,6
animal_hair_stacked,6
idces,6
idx_level,6
mk_list,6
test_unstack,6
e_cols,6
e_1,6
TYP,6
res_ufunc,6
nuit,6
test_swapaxes,6
expected_frame,6
l1_expected,6
joline,6
index_freq,6
Date2,6
df_exp,6
UTCdatetime,6
easy_weight_list,6
lexsorted_df,6
sprank,6
sparse_arr,6
reducing_function,6
non_reducing_function,6
whole_cost,6
no_return,6
col_aliases,6
cnlvl,6
df_params,6
_make_frame,6
empty_ts,6
assertion_iterator,6
input_subset,6
my_index,6
rtrip,6
monthly_ts,6
_last_df,6
thing3,6
reduced_dim_assert,6
dt_dates,6
rand_data,6
b_0,6
spacer,6
all_lines,6
np_array1,6
np_array2,6
other_column,6
b_crap,6
final_data,6
zvals,6
tt1,6
subframe_obj,6
boolvec,6
exp_single_row,6
do_not_replace,6
filter_ser,6
sth,6
eix,6
array_with_neg_numbers,6
CoercionBase,6
loc_key,6
alpha_1,6
bam,6
expected_slice,6
ABCDG,6
bcd,6
start_data,6
expected_dataframe,6
newval,6
newvals,6
RID2,6
compare_fn,6
indexer_type,6
swap_objs,6
test_ravel,6
result_dropped,6
test_can_hold_identifiers,6
test_map_dictlike,6
sub_index,6
test_join_self,6
array_b,6
array_c,6
series_d,6
fidx,6
test_symmetric_difference,6
keeps_name,6
result_missing,6
unicode_container,6
check_mutable_error,6
test_difference,6
TestPeriodIndex,6
values_constructor,6
expected_idx1_p1,6
expected_idx1_p2,6
taken1,6
taken2,6
idx8,6
idx9,6
exp8,6
exp9,6
in_slice,6
yxdcb,6
skipif_32bit,6
target_value,6
bad_item,6
iv_dtype,6
range_index,6
suggesting,6
outer2,6
inner2,6
non_monotonic_idx,6
from_ints,6
utc_range,6
idx_p,6
expected_days,6
sdate,6
badly_formed_date,6
expected_freq,6
dti_utc,6
res_uniques,6
expected_4,6
exval,6
rng_utc,6
check_coerce,6
Nth,6
cabdef,6
BCA,6
oidx,6
levels2,6
check_level_names,6
exp_names,6
key3,6
nosplit,6
alsonosplit,6
pattern_two_noname,6
pattern_two_named,6
pattern_one_named,6
pattern_one_noname,6
empty_int,6
empty_object,6
use_compile,6
_assert_series_equal_both,6
ser_s,6
ser_ms,6
cumavg,6
assert_is_sorted,6
set_column,6
n_buckets_start,6
clean_table,6
max_group,6
aexp,6
bexp,6
exp_res,6
gb_keepna,6
group_col,6
Delivered,6
aaaba,6
f_0,6
f_1,6
baz2,6
tsf,6
crashing,6
out_type,6
expected_odd,6
expected_even,6
df_fix,6
sum_last,6
grouped_x,6
input_value,6
shifted_with_fill,6
shifted_df,6
in_vals,6
out_vals,6
result_dtype_dict,6
agg_index,6
b_max,6
always_float,6
d_sum,6
n_elements,6
allna,6
nat_ser,6
nat_df,6
min_N,6
same_type,6
ser_utc,6
s_1111,6
exp_or1,6
exp_or,6
list_dtype,6
bool_ts,6
corr1,6
corr2,6
first_slice,6
second_slice,6
exp_top,6
exp_bot,6
exp_keep,6
list_of_valid_strings,6
list_of_strings,6
TestItem,6
s_with_object_index,6
s_object,6
my_corr,6
as_categorical,6
exact_match,6
test_setitem_slice,6
mask_shifted,6
ilkey,6
tzget,6
freq2,6
exp_week_day,6
groupby_apply_op,6
fillna_method,6
pa_version_under14p0,6
_require_timezone_database,6
ALL_INT_PYARROW_DTYPES,6
test_getitem_scalar,6
cbcb,6
arrow_dt,6
Test2DCompat,6
test_fillna_copy_series,6
allow_in_pandas,6
maybe_split_array,6
JSONDtype,6
BaseSetitemTests,6
Unhashable,6
ListDtype,6
test_reshape,6
data_na,6
num_nans,6
df_data,6
Precision,6
s_expected,6
s_result,6
bartlett,6
xps,6
scoreatpercentile,6
chronologically,6
coerce_int,6
roll_obj,6
Monotonically,6
mean_x2,6
var_x_plus_y,6
var_y,6
corr_x_y,6
std_y,6
mean_x_times_y,6
corr_x_x,6
var_unbiased_x,6
var_biased_x,6
var_debiasing_factors_x,6
cum_sum,6
orig_units_registry,6
Api,6
xpl1,6
xpl2,6
yrs,6
left_before,6
right_before,6
left_after,6
right_after,6
format_expected,6
_get_default_annual_spacing,6
include_bool,6
_series_kinds,6
rgbk,6
x_set,6
y_set,6
check_ax_title,6
_check_ax_limits,6
weight_ax,6
pass_axis,6
polylines,6
compare_axis,6
y_err,6
inset_locator,6
random_array,6
color_tuples,6
barplot,6
_static_values,6
ts_2,6
method_args,6
times2,6
from_freq,6
rng_l,6
salaries,6
boto3,6
s3_resource,6
put_object,6
s3_private_bucket,6
infer_compression,6
mypath,6
generate_legacy_storage_files,6
TestOrcFile,6
string_with_none,6
true_df,6
mockurl,6
fsspec_object,6
s3n,6
html_encoding_file,6
Gold,6
raw_text,6
C_l0_g0,6
C_l0_g1,6
C_l0_g2,6
GH17054,6
html_df,6
Linkless,6
debian,6
Footer,6
clipboard_set,6
qapp,6
write_method,6
_BytesTarFile,6
iris_file,6
csvfile,6
VIEW,6
TextCol,6
fetchone,6
get_all_views,6
get_all_tables,6
_get_valid_sqlite_name,6
drop_view,6
adbc_get_table_schema,6
sqlite_engine_iris,6
iris_results,6
constraint_sentence,6
iris_frame1,6
iris_frame2,6
SMALLINT,6
BIGINT,6
all_names,6
BigInteger,6
single_dtype_test,6
mono_df,6
df_if_exists_1,6
gcsfs,6
path_gcs,6
check_external_error_on_write,6
_HAVE_PYARROW,6
_HAVE_FASTPARQUET,6
actual_partition_cols,6
parsed_117,6
double_,6
_fmtlist,6
to_compression,6
read_compression,6
reader_value_labels,6
values_block_0,6
max_widths,6
values_block_1,6
real_date,6
detector,6
Python2,6
df_big,6
ss3,6
ss4,6
Int64Col,6
first_group,6
create_array,6
df_with_missing,6
MockEncoding,6
compare_all,6
df_with_symbols,6
lll,6
special_characters,6
has_truncated_repr,6
term_height,6
max_rows_fitted,6
df_sec,6
NAMED_COLORS,6
Blues,6
plot_method,6
_parse_latex_cell_styles,6
_parse_latex_table_styles,6
_parse_latex_table_wrapping,6
stlr,6
cell_style,6
_str_escape,6
_display_funcs_index,6
_display_funcs_columns,6
T__row1_col0,6
bold_headers,6
expected_styles,6
T__row1_col1,6
row5,6
caf,6
dfj2,6
Timed,6
unchunked,6
roundtripped_df,6
Summit,6
Cuyahoga,6
encode_kwargs,6
four_bytes_input,6
num_input,6
builtin_value,6
broken_json,6
TESTING,6
df_schema,6
df_kml,6
comp_path,6
df_str,6
elem1,6
woman,6
date_end,6
sheetnames,6
poo,6
getElementsByType,6
rolls,6
date_strings,6
expected_defaults,6
R_l0_g2,6
R_l0_g3,6
R_l0_g4,6
chartsheets,6
Number1,6
Number2,6
Number3,6
numeric_as_float,6
SEQN,6
e11,6
use_dtype_backend,6
with_csv_dialect,6
warning_klass,6
fwf_data,6
missing_cols,6
row_data,6
USD,6
python_engine,6
df_reader,6
i_chunk,6
ClientError,6
tar_path,6
nTrue,6
assert_array_dicts_equal,6
comment_char,6
_msg_validate_usecols_names,6
CParserWrapper,6
_set_noconvert_columns,6
match_msg,6
df_block,6
s_array,6
block_maker,6
cp_blk,6
bm1,6
assert_take_ok,6
mdf,6
use_apply,6
oldmin,6
left_attr,6
right_attr,6
_raise,6
_get_root,6
__nat_unpickle,6
AxisNoneT,6
x_min,6
use_columns,6
visualize,6
planar,6
found_backend,6
create_iter_data_given_by,6
BoxPlot,6
sample_range,6
decorate_axes,6
_validate_log_kwd,6
is_errorbar,6
_get_index_name,6
MxN,6
n_cats,6
_plot_data,6
_stacker_neg_prior,6
ax_pos,6
_convert_1d,6
datemin,6
datemax,6
_hour_finder,6
_minute_finder,6
boundaries_list,6
class_col,6
to_plot,6
used_legends,6
set_horizontalalignment,6
intelligently,6
is_vertical,6
_Element,6
_build_doc,6
_parse_thead_tr,6
body_rows,6
element_name,6
c_data,6
text_len,6
_read_uint32,6
_value_label_dict,6
v_o,6
lbllist,6
new_dict,6
_has_value_labels,6
svl,6
_null_terminate_str,6
_pad_bytes_new,6
o_size,6
gso_df,6
date_column,6
PandasSQL,6
_query_iterator,6
batches,6
convert_file_like,6
responded,6
_ensure_term,6
new_store,6
remove_node,6
is_an_indexable,6
is_data_indexable,6
read_metadata,6
DataCol,6
level_key,6
nontrivial,6
oax,6
new_info,6
nindexes,6
_get_converter,6
Pyperclip,6
DEFAULT_SELECTION,6
Intentionally,6
selection_flag,6
CSSProperties,6
properties_args,6
coloring_args,6
captions,6
Energy,6
F1F1F1,6
row_tup,6
cell_context,6
text_color_threshold,6
text_only,6
base_css,6
g_left,6
l_right,6
rec_new,6
show_counts_sub,6
_put_str,6
non_null_counts,6
memory_usage_bytes,6
add_object_type_line,6
add_index_range_line,6
add_memory_usage_line,6
gross_column_widths,6
_format_value,6
span_val,6
column_blanks,6
_check_trim,6
index_headers,6
row_indices,6
analyse,6
tr_series,6
fmt_str,6
formatted_values,6
conf_max,6
str_float,6
col_lower,6
Volk,6
Faye,6
Raker,6
option_value,6
autogenerated,6
_has_complex_date_col,6
non_default_dtype_backend,6
_evaluate_usecols,6
pre_parsed,6
leading_cols,6
_check_comments,6
this_unnamed_cols,6
_handle_usecols,6
_remove_empty_lines,6
iter_content,6
zipped_content,6
engine_specified,6
raise_if_bad_sheet_by_name,6
raise_if_bad_sheet_by_index,6
_convert_cell,6
color_spec,6
font_dict,6
end_color,6
side_spec,6
xcell,6
start_row,6
fg_color,6
bg_color,6
opendocument,6
CalamineWorkbook,6
odf_style,6
usecols_func,6
SAS7BDAT,6
ieee1,6
sas_datetimes,6
align1,6
_page_length,6
_convert_header_text,6
_current_page_type,6
bit_offset,6
compression_literal,6
creator_proc,6
_ScalarMappable,6
safe_masked_invalid,6
get_scale_names,6
parse_fontconfig_pattern,6
internals_from,6
prev_vert,6
x5c,6
figuredash,6
twodotenleader,6
tex2uni,6
vdots,6
frak,6
ToolEvent,6
messagelock,6
tool_trigger_,6
dtheta,6
c1x_left,6
c1y_left,6
c1x_right,6
c1y_right,6
make_wedged_bezier2,6
_cid_gen,6
file_requires_unicode,6
_broadcast_with_masks,6
pts_to_poststep,6
pts_to_midstep,6
perimeter,6
rgb24,6
xtmp,6
DAYS_PER_YEAR,6
tickdate,6
_validate_marker,6
validate_backend,6
stmp,6
validate_hatch,6
validate_cycler,6
backend_fallback,6
titlepad,6
min_exponent,6
TkAgg,6
Truetype,6
grid_minor,6
parent_inner,6
font_family_aliases,6
_get_fontconfig_fonts,6
mac_key,6
ms_key,6
sfnt4,6
style_flags,6
get_sfnt_table,6
stretches,6
family1,6
size2,6
cprop,6
best_font,6
_process_radius,6
_transformSet,6
_scale_dashes,6
get_fill,6
crossed,6
get_snap,6
set_path,6
set_radius,6
left_half_arrow,6
cosB,6
sinB,6
_beginarrow_head,6
_endarrow_head,6
shrunken,6
vertices_arrow,6
shrink_factor,6
_mutation_scale,6
arc3,6
_dpi_cor,6
set_annotation_clip,6
get_numpoints,6
newsz,6
handle_caplines,6
Distribute,6
dpicor,6
multilinebaseline,6
ref_offset_transform,6
set_bbox_to_anchor,6
_get_anchored_bbox,6
OffsetImage,6
_AnnotationBase,6
_arrow_relpos,6
arrow_begin,6
arrow_end,6
update_offset,6
DraggableAnnotation,6
GraphicsContext,6
path_effect,6
withEffect,6
shadow_color,6
load_glyph,6
LineStyleType,6
writer_cls,6
PillowWriter,6
slideshow,6
loglevel,6
timers,6
TimedAnimation,6
total_frames,6
_draw_frame,6
cur_view,6
_blit_cache,6
_iter_gen,6
get_rorigin,6
get_spine_transform,6
position_type,6
base_transform,6
SpinesProxy,6
set_usetex,6
LogFormatterExponent,6
LogFormatterMathtext,6
axis_trf,6
Rough,6
_compute_offset,6
abs_min,6
sigfigs,6
minor_threshold,6
_use_overline,6
_one_half,6
subsampled,6
binf,6
Sources,6
is_delim,6
_expression,6
delim_stack,6
OtherSubrs,6
cleartomark,6
_axes_locator,6
set_rasterized,6
LogitScale,6
FuncScale,6
set_subplotspec,6
automin,6
automax,6
_prepare_view_from_bbox,6
_get_pan_points,6
ColorbarBase,6
BboxTransform,6
FT2Image,6
get_underline_thickness,6
default_font,6
found_symbol,6
NUM_SIZE_LEVELS,6
delta_integral,6
Accent,6
do_kern,6
total_stretch,6
total_shrink,6
glue_type,6
off_h,6
off_v,6
_font,6
pop_state,6
push_state,6
Mathtext,6
qquad,6
accent_box,6
hlist_list,6
shift_up,6
centered_annotation,6
centered_body,6
rightside,6
lieu,6
_click,6
grab_mouse,6
release_mouse,6
dragged,6
markerstyle,6
valtext,6
capturekeystrokes,6
value_selected,6
_check_color_like,6
SubplotTool,6
_sliders,6
get_animated,6
_clean_event,6
_corner_handles,6
refy,6
LassoSelector,6
vspaces,6
hspaces,6
fig_height_inch,6
Tight,6
grid_spec,6
XKCD_COLORS,6
electric,6
yellowish,6
lilac,6
reddish,6
shit,6
squash,6
burnt,6
bluish,6
purplish,6
mlayoutgrid,6
get_width_ratios,6
get_height_ratios,6
cbpos,6
tightbbox,6
_tight_layout,6
_row_height_ratios,6
_col_width_ratios,6
Oranges,6
RdBu,6
Reds,6
bone,6
rainbow,6
Set1,6
InvertedLogTransform,6
restricting,6
_forward,6
_linscale_adj,6
abs_a,6
_nonpositive,6
scale_class,6
labelTexts,6
ylast,6
xlast,6
movetos,6
target_cpls,6
transform_angles,6
idx_vtx_min,6
label_width,6
level0segs,6
polygon0,6
level0kinds,6
polygon0kinds,6
_extend_min,6
contour_generator,6
trans_to_data,6
transformed_pts,6
subdivision,6
_current_tool,6
ConfigureSubplotsBase,6
_mouse_move,6
ToolCopyToClipboardBase,6
preambles,6
fontcmd,6
sffamily,6
make_dvi,6
_raster_depth,6
_autogenerated_signature,6
have_units,6
in_layout,6
get_valid_values,6
HatchPatternBase,6
set_vertices_and_codes,6
_get_backend_mod,6
gtk4agg,6
new_manager,6
root_fig,6
all_labels,6
get_figlabels,6
_is_idle_drawing,6
lines_out,6
get_ticklines,6
arrowsize,6
recalculation,6
str_angles,6
tooshort,6
emptybarb,6
empty_flag,6
full_width,6
NonGuiException,6
_stale_figure_callback,6
_axobservers,6
bbox_relative,6
_dpi,6
toolkits,6
set_figwidth,6
set_figheight,6
_text_helpers,6
xposition,6
yposition,6
myrects,6
vert1,6
multialignment,6
_multialignment,6
_horizontalalignment,6
_update_clip_properties,6
tr1,6
_invalidate_internal,6
invalidating_node,6
deltaw,6
deltah,6
minposx,6
minposy,6
LockableBbox,6
sub_tree,6
transform_point,6
to_values,6
rotate_around,6
xShear,6
yShear,6
BlendedAffine2D,6
_boxin,6
outb,6
_ScaledRotation,6
_revalidate,6
_interval_contains_close,6
_mapped_colors,6
_urls,6
get_pickradius,6
f2_slice,6
set_gapcolor,6
get_lineoffset,6
get_linelength,6
_get_unmasked_polys,6
unmasked_polys,6
GRIDLINE_INTERPOLATION_STEPS,6
_get_autoscale_on,6
_set_autoscale_on,6
major_labels,6
minor_labels,6
tick_color,6
tick_right,6
VarSubA,6
use_multicolor_lines,6
gradually,6
_get_legend_handles_labels,6
bicubic,6
hermite,6
get_image_magnification,6
image_obj,6
dispx,6
dispy,6
_make_image,6
out_alpha,6
output_alpha,6
pil_to_array,6
antigrain,6
x_pix,6
y_pix,6
idx_int,6
padded_A,6
units_mapping,6
_parse_header,6
Descender,6
StartComposites,6
PCC,6
namelast,6
img_id,6
loop_select_id,6
oninput,6
loop_state,6
pause_animation,6
filled_markers,6
fillstyles,6
get_user_transform,6
Scalable,6
backend_class,6
dash_offset,6
axes_leave_event,6
jumping,6
default_basename,6
name_of_method,6
UNKNOWN_SAVED_STATUS,6
press_pan,6
release_zoom,6
get_forward_navigation_events,6
axes_to_trigger,6
start_xy,6
viewlim,6
Welch,6
periodogram,6
numFreqs,6
Bendat,6
Piersol,6
_single_spectrum_helper,6
peaks,6
FFTs,6
Cxy,6
rrggbb,6
_BIVAR_REPR_PNG_SIZE,6
orig_c,6
_create_lookup_table,6
_set_extremes,6
_gamma,6
variate,6
scale_args,6
scale_kwargs_items,6
_trf,6
t_vmax,6
exaggerate,6
illum,6
dsum,6
_x_filled,6
_get_transformed_path,6
nanmask,6
_xy2,6
set_xy2,6
BRTL,6
__version_info__,6
_VersionInfo,6
setuptools_scm,6
_logged_cached,6
pdftocairo,6
_deprecated_map,6
blacklisted,6
InsetIndicator,6
indicate_inset,6
_twilight_data,6
Flow,6
lrpath,6
ulpath,6
ctan,6
_missing_font,6
_baseline_v,6
down_stack,6
_vf,6
_tfm,6
kpsewhich,6
idle_draw,6
FigureCanvasTkAgg,6
ToolbarTk,6
path_large,6
_add_separator,6
_FigureManagerGTK,6
get_surface,6
get_allocation,6
style_ctx,6
get_style_context,6
get_display,6
set_dash,6
transient_for,6
ResponseType,6
FigureCanvasTemplate,6
wxcairo,6
_draw_idle,6
FONTWEIGHT_NORMAL,6
__WXMSW__,6
sizing,6
on_close,6
ToolBar,6
_icon,6
_label_text,6
ws_uri,6
_bbox_queue,6
glyph_names,6
FFTM,6
typeset,6
SPECIAL_KEYS,6
_create_qApp,6
QEvent,6
QTimer,6
Slot,6
_update_pixel_ratio,6
current_version,6
qt6,6
maxunicode,6
QToolBar,6
ToolBarArea,6
AlignmentFlag,6
QSizePolicy,6
setChecked,6
_spinboxes,6
addRow,6
__open,6
_clipd,6
_path_collection_id,6
_n_gradients,6
_glyph_map,6
_write_metadata,6
trans_and_flip,6
should_do_optimization,6
crispEdges,6
mpl_pt_to_in,6
latex_output,6
LatexManager,6
_print_pgf_clip,6
_print_pgf_path,6
transformshift,6
header_info_preamble,6
fname_or_fh,6
pdfinfo,6
get_pagecount,6
cant_chunk,6
draw_mathtext,6
slice_y,6
slice_x,6
cropped_img,6
use_xobject,6
setlinejoin,6
setlinewidth,6
units_per_EM,6
horiAdvance,6
xrefTable,6
_annotations,6
ExtGState,6
toStr,6
first_Fx,6
BaseFont,6
widthsObject,6
fontfileObject,6
rawcharprocs,6
subset_str,6
pathOperations,6
png_data,6
prev_font,6
FigureCanvasPdf,6
cairocffi,6
select_font_face,6
hatch_ctx,6
sls,6
width_in_points,6
_figdpi,6
_png_is_old,6
figure_label,6
_send_event,6
web_socket,6
QT_API_PYQT6,6
QT_API_PYSIDE6,6
pyside2,6
_version_info,6
FontType,6
_font_to_ps_type42,6
imagedpi,6
_is_transparent,6
custom_clip_cmd,6
pstoeps,6
psfile,6
backend_,6
qt5agg,6
_name_to_module,6
_validate_and_store_entry_points,6
sizelist,6
apply_callback,6
QDialogButtonBox,6
pseudocolor,6
point_colors,6
trapezoid,6
refinement,6
refine_triangulation,6
refine_field,6
tri_mask,6
child_triangulation,6
edge_elems,6
apex_masters,6
ielem,6
child_triangles,6
anticlockwise,6
_cpp_triangulation,6
circle_ratios,6
bool_flat,6
get_flat_tri_mask,6
tri_renum,6
_plane_coefficients,6
_ReducedHCT_Element,6
nodal,6
Ji00,6
Ji11,6
Ji10,6
Ji01,6
vec_range,6
compute_dz,6
tri_z,6
el_geom_w,6
compress_csc,6
prod1,6
sq_tr_inv,6
roll_indices,6
_init_axis,6
_get_core_transform,6
_gen_axes_patch,6
ipath,6
half_long,6
cos_latitude,6
ihigh,6
center_longitude,6
center_latitude,6
projection_registry,6
get_rsign,6
_wrap_locator_formatter,6
get_rlabel_position,6
set_va,6
set_rorigin,6
set_theta_direction,6
transWedge,6
pad_shift,6
set_rmin,6
format_ydata,6
format_xdata,6
mpl_test_settings,6
expected_fname,6
freetype_version,6
_check_for_pgf,6
needs_pgf_pdflatex,6
_read_until,6
autodoc,6
mathmpl_srcset,6
plot_working_directory,6
labelid,6
close_figs,6
code_pieces,6
maxmult,6
STYLE_EXTENSION,6
child_type,6
a_masked,6
test_pickling,6
kwargs_to_norm,6
y2s,6
y2_target,6
classy,6
Longer,6
tb3,6
fake_convertor,6
cell_fontsize,6
Chancery,6
slt,6
coll2,6
axr,6
add_image,6
axrs,6
create_figure,6
_get_simplified,6
all_funcs,6
all_func_ids,6
plotters,6
afm_data,6
match_target,6
expected_flags,6
HHead,6
seveneighths,6
Tavmjong,6
STI,6
Pub,6
Society,6
lowestRecPPEM,6
fontDirectionHint,6
minMemType42,6
maxMemType42,6
minMemType1,6
maxMemType1,6
annots,6
this_path,6
outline_path,6
marker_size,6
NonAffineForTest,6
assert_bbox_eq,6
locked_,6
extents1,6
set_autoscalex_on,6
set_autoscaley_on,6
mcx,6
x0t,6
x1t,6
SecondaryAxis,6
ylims,6
poly2,6
datetime_obj,6
iceland_tz,6
extension_type,6
minorticks,6
cbar2,6
userTicks,6
cx0,6
cy0,6
anchor_x,6
clabel_zorder,6
CS1,6
CS2,6
add_ref,6
mhip,6
bbox_image,6
data_masked_units,6
str_cat_converter,6
tgt_image,6
shadows,6
epress,6
tool_line_handle,6
clear_backend_registry,6
rect_ref,6
arc2,6
dzx,6
dzy,6
idof,6
mat_dense,6
fout,6
test_text,6
X_dates,6
Y_dates,6
X_ranges,6
Y_ranges,6
x_dates1,6
dt_start,6
dt_end,6
init_xlim,6
init_ylim,6
sig_slope_mean,6
fstim,6
NFFT_specgram_real,6
resfreqs,6
fspa,6
ydatab,6
spec_g,6
fsp_g,6
spec_b,6
fsp_b,6
windowVals,6
ycontrol2,6
user_fonts_dir,6
xvals,6
yvals,6
mainaxes,6
multi_value,6
subfig3_1,6
find_matplotlib_font,6
draw_arrow,6
_build,6
range_4,6
noclip,6
Gen1,6
lns,6
lnc,6
use_rcparam,6
_sub_labels,6
TestLogitFormatter,6
logit_deformatter,6
expo,6
min_form,6
oom_noise_desired,6
expected_num,6
mcolorbar,6
bad_cmap,6
normed_vals,6
color_mapping,6
norm2,6
backend_template,6
mtable,6
_TransformedBoundsLocator,6
inset_indicator,6
secondary_ax,6
_process_plot_var_args,6
basex,6
basey,6
ezorder,6
Promote,6
notches,6
usemarker,6
typographic,6
marker_obj,6
dep2,6
n_datasets,6
xedges,6
yedges,6
line_ends,6
_cycler_items,6
_sharex,6
axes_locator,6
ignore_existing_data_limits,6
set_axis_on,6
y_expander,6
trf_to_data,6
x_stickies,6
y_stickies,6
xkw,6
ykw,6
protected_kw,6
old_lower,6
old_upper,6
_functions,6
add_inner_blocks,6
inner_classes,6
real_complexity,6
functions_complexity,6
max_line,6
body_complexity,6
func_visitor,6
Maintainability,6
mi_visit,6
BASE_CONFIG,6
cc_to_dict,6
bmod,6
ccm,6
actual_sorted,6
GENERAL_CASES,6
expected_rank,6
log_list,6
BASE_CONFIG_WITH_IPYNB,6
cc_cfg,6
color_enabled,6
to_show,6
enum_util,6
tuple_length,6
FillReturn_ChunkCombinedOffset,6
LineReturn_Separate,6
split_points_by_offsets,6
convert_filled,6
dechunk_lines,6
_figures,6
_convert_color,6
line_alpha,6
build_options,6
_need_autoscale,6
DIM,6
LIGHTBLACK_EX,6
LIGHTRED_EX,6
LIGHTGREEN_EX,6
LIGHTYELLOW_EX,6
LIGHTBLUE_EX,6
LIGHTMAGENTA_EX,6
LIGHTCYAN_EX,6
LIGHTWHITE_EX,6
adjusted_position,6
assertNotWrapped,6
prev_stdout,6
StreamTTY,6
RE_LOCALTIME,6
RE_NUMBER,6
match_to_datetime,6
match_to_localtime,6
match_to_number,6
MAX_INLINE_NESTING,6
MAX_KEY_PARTS,6
ILLEGAL_MULTILINE_BASIC_STR_CHARS,6
TOML_WS_AND_NEWLINE,6
coord_repr,6
__s,6
second_char,6
skip_comment,6
NestedDict,6
access_lists,6
parse_key_value_pair,6
parse_value,6
parse_key_part,6
parse_literal_str,6
parse_one_line_basic_str,6
parse_basic_str,6
parse_basic_str_escape,6
hex_int,6
parse_multiline_str,6
parse_escapes,6
first_three,6
first_four,6
float_value,6
_TIME_RE_STR,6
offset_sign_str,6
FlowSequenceEndToken,6
FlowMappingEndToken,6
simple_key_context,6
best_indent,6
CollectionStartEvent,6
DocumentEndEvent,6
increase_indent,6
StreamStartEvent,6
AliasEvent,6
NodeEvent,6
uFEFF,6
ESCAPE_REPLACEMENTS,6
deep_construct,6
make_python_instance,6
DIRECTIVE,6
tokens_taken,6
unwind_indent,6
max_indent,6
ComposerError,6
indentless_sequence,6
yaml_version,6
parse_flow_mapping_key,6
dump_all,6
yaml_tag,6
CoverageWarning,6
node_descs,6
node_desc,6
GoogleDocstring,6
NumpyDocstring,6
doc_params,6
_current_command,6
arg_map,6
_parsed_lines,6
_is_section_header,6
_consume_empty,6
_strip_empty,6
_format_field,6
_format_fields,6
napoleon_use_admonition_for_examples,6
peek_iter,6
_prefix_with_indent,6
BestVersionAlreadyInstalled,6
InvalidWheel,6
unpinned,6
HashMissing,6
EXTERNALLY,6
MANAGED,6
Pip,6
OVERRIDE_ORDER,6
env_config_file,6
pip_cmd,6
local_version,6
remote_version,6
USER_CACHE_DIR,6
spinners,6
_Prefix,6
PIP_CONSTRAINT,6
install_given_reqs,6
get_installation_order,6
key_parts,6
sdists,6
load_pyproject_toml,6
format_unsupported,6
_ignore_requires_python,6
Encapsulates,6
allow_prereleases,6
_candidate_prefs,6
file_links,6
FoundLinks,6
page_url,6
HREF,6
_handle_get_simple_fail,6
rustc,6
user_data,6
cert_verify,6
origin_host,6
get_netrc_auth,6
versioncontrol,6
KeyRingBaseProvider,6
has_keyring,6
_credentials_to_save,6
_chunk_size,6
original_response,6
suppressed_cache_errors,6
prepare_distribution_metadata,6
abstract_dist,6
tracker_id,6
_downloaded,6
autodelete,6
partially_downloaded_reqs,6
_prepare_linked_requirement,6
ConflictDetails,6
whitelist,6
req_file_path,6
RemoteNotValidError,6
is_within_directory,6
req_description,6
matchname,6
script_scheme_files,6
set_mode,6
TrackerId,6
metadata_dir,6
_build_session,6
use_pep517,6
temp_build_dir,6
_DistWithLatestInfo,6
_get_n_args,6
InvalidProxyURL,6
Eagerly,6
override_externally_managed,6
root_user_action,6
lib_dir_list,6
dep_name,6
install_req_from_parsed_requirement,6
reqs_to_uninstall,6
read_chunks,6
PIP_AUTO_COMPLETE,6
zsh,6
name_column_width,6
egg_link_path_from_location,6
log_subprocess,6
all_output,6
BZ2_EXTENSIONS,6
XZ_EXTENSIONS,6
PipDeprecationWarning,6
_package_dist_url,6
backup_dir,6
check_compatibility,6
read_wheel_metadata_file,6
found_executable,6
arch_prefix,6
arch_suffix,6
split_leading_dir,6
_stdout_console,6
_stderr_console,6
PipConsole,6
add_timestamp,6
split_lines,6
VerboseLogger,6
ironpython,6
_appdirs,6
PEP723Exception,6
all_files,6
will_skip,6
_save_dirs,6
_moves,6
_pth,6
develop_egg_link,6
in_usersite,6
_parse_file,6
primary_line_number,6
_temp_build_dir,6
add_msg,6
is_osx_framework,6
_sysconfig,6
EditableCandidate,6
LinkCandidate,6
is_installed,6
_constraints,6
narrow_requirement_selection,6
_bool,6
_make_extras_candidate,6
explicit_candidates,6
requested_extras,6
unsatisfiable,6
anchor_attribs,6
DistInfoDistribution,6
_PIP_USE_IMPORTLIB_METADATA,6
BadMetadata,6
get_base_rev_args,6
to_display,6
get_repository_root,6
revs,6
use_interactive,6
vc_class,6
repo_dir,6
UNKNOWN_ERROR,6
general_options,6
args_else,6
min_update_interval_seconds,6
_rate_limiter,6
HIDE_CURSOR,6
SHOW_CURSOR,6
filepost,6
ssl_match_hostname,6
connection_requires_http_tunnel,6
proxy_from_url,6
key_fn_by_scheme,6
pool_key,6
get_redirect_location,6
_TYPE_REDUCE_RESULT,6
original_error,6
_reason,6
EmptyPoolError,6
ClosedPoolError,6
Warned,6
read_chunked,6
ProxySchemeUnsupported,6
HeaderParsingError,6
_TYPE_FIELD_VALUE_TUPLE,6
is_fp_closed,6
GzipDecoderState,6
_unconsumed_tail,6
_has_decoded_content,6
_update_chunk_length,6
returned_chunk,6
_TYPE_BODY_POSITION,6
_TYPE_DEFAULT,6
_get_conn,6
timeout_value,6
ReadTimeout,6
response_conn,6
_tunnel_scheme,6
_connect_callback,6
set_and_release,6
_cache_locks,6
key_lock,6
orig_HTTPSConnection,6
body_seek,6
dotless,6
VERIFY_X509_PARTIAL_CHAIN,6
PyOpenSSL,6
_OP_NO_TLSv1,6
_OP_NO_TLSv1_1,6
_OP_NO_TLSv1_2,6
cnx,6
to_js,6
ERROR_TIMEOUT,6
_obj_from_dict,6
byte_buffer,6
_is_closed,6
byte_obj,6
string_len,6
js_decoder,6
json_str,6
streaming_ready,6
response_js,6
EmscriptenHTTPConnection,6
EmscriptenHTTPSConnection,6
x1CD0,6
x1DBF,6
x1DC0,6
x2D7F,6
x3040,6
x318F,6
ltd,6
xFE00,6
x102E0,6
x1BCA0,6
x1F000,6
xE0100,6
_unicode_dots_re,6
_is_script,6
_unot,6
RTL,6
valid_ending,6
joining_type,6
alabel,6
broken_state,6
round_index,6
unsatisfied_names,6
narrowed_unstatisfied_names,6
oracle,6
rhel,6
os_release_info,6
lsb_release_info,6
distro_release_info,6
uname_info,6
LinuxDistribution,6
oslevel,6
etc_dir,6
whl_basename,6
get_ca_certs,6
_mac_version_info,6
SecTrustEvaluate,6
_handle_osstatus,6
kCFStringEncodingUTF8,6
sec_trust_result_type_as_int,6
is_trusted,6
HCERTCHAINENGINE,6
PCERT_CONTEXT,6
_handle_win_error,6
CertAddEncodedCertificateToStore,6
CertCreateCertificateContext,6
CertGetCertificateChain,6
ppChainContext,6
chain_policy,6
policy_status,6
_cache_set,6
unloaded,6
lock_class,6
C32,6
Lsb,6
CyclicDependencyGroup,6
DuplicateGroupNames,6
InvalidDependencyGroupObject,6
_parse_group,6
normalized_groups,6
normed_group_name,6
_tokenizer,6
_iter_parts,6
formatted_extras,6
PylockUnsupportedVersionError,6
_get_sequence_as,6
_get_sequence_of_objects,6
_validate_normalized_name,6
_path_name,6
_url_name,6
direct_urls,6
best_wheel,6
_parse_musl_version,6
MarkerItem,6
_parse_extras,6
requirement_marker,6
_parse_requirement_marker,6
RIGHT_BRACKET,6
version_many,6
parse_marker,6
marker_atom,6
_parse_marker_atom,6
_parse_marker_var,6
QUOTED_STRING,6
testsetup,6
_LETTER_NORMALIZATION,6
CmpLocalType,6
CmpSuffix,6
_VERSION_PATTERN,6
_validate_epoch,6
_validate_release,6
_validate_post,6
_validate_dev,6
_validate_local,6
_PRE_RANK_STABLE,6
post_n,6
EF_ARM_ABIMASK,6
EF_ARM_ABI_VER5,6
_parse_elf,6
_is_linux_armhf,6
_is_linux_i686,6
_have_compatible_abi,6
_LAST_GLIBC_MINOR,6
_glibc_version_string_confstr,6
_glibc_version_string_ctypes,6
_glibc_version_string,6
_parse_glibc_version,6
sys_glibc,6
manylinux_compatible,6
manylinux1_compatible,6
manylinux2010_compatible,6
manylinux2014_compatible,6
manylinux,6
bugzilla,6
_build_tag_regex,6
version_part,6
platform_system,6
_eval_op,6
iver,6
_from_markers,6
_trim_release,6
_trimmed_release,6
_FULL_RANGE,6
left_upper,6
right_upper,6
_next_prefix_dev0,6
_specifier_regex_str,6
_get_spec_version,6
_version_join,6
_is_not_suffix,6
_compare_greater_than_equal,6
split_prospective,6
padded_prospective,6
_left_pad,6
shortened_prospective,6
prereleases_versions,6
found_non_prereleases,6
_prefix_regex,6
_pep440_filter_prereleases,6
target_numeric_len,6
pad_needed,6
_operator_cost,6
_filter_versions,6
split_specifiers,6
_check_arbitrary_unsatisfiable,6
check_item,6
_musllinux,6
has_refcount,6
has_ext,6
stable_abi,6
explicit_abi,6
_generic_abi,6
graalpy,6
interp_version,6
_mac_arch,6
android_ver,6
_linux_platforms,6
pyemscripten_platform_version,6
ranked_things,6
supported_thing_tags,6
open_token,6
close_token,6
parse_email,6
valid_encoding,6
_REQUIRED_ATTRS,6
_process_,6
content_types,6
markdown_variants,6
normalized_names,6
field_metadata_version,6
nuclear,6
Nuclear,6
mpi,6
cdla,6
CDLA,6
CMU,6
opl,6
OPL,6
tou,6
fsl,6
FSL,6
eupl,6
EUPL,6
classpath,6
inria,6
INRIA,6
Net,6
liliq,6
LiLiQ,6
lpl,6
LPL,6
nist,6
NIST,6
qpl,6
QPL,6
spencer,6
Spencer,6
unlicense,6
Unlicense,6
xpp,6
zpl,6
ZPL,6
mxml,6
licenseref_prefix,6
CSIDL_LOCAL_APPDATA,6
_append_parts,6
CSIDL_COMMON_APPDATA,6
opinionated,6
CSIDL_DOWNLOADS,6
_android_folder,6
pyjnius,6
jnius,6
_first_item_as_path_if_multipath,6
site_data_path,6
site_cache_path,6
is_homebrew,6
media_dir,6
_Result,6
UnpackException,6
BufferFull,6
TYPE_ARRAY,6
TYPE_RAW,6
unpackb,6
read_size,6
max_bin_len,6
raise_outofdata,6
default_used,6
_NestedStr,6
_EPDistType,6
get_build_platform,6
resource_exists,6
add_activation_listener,6
safe_extra,6
evaluate_marker,6
EGG_DIST,6
SOURCE_DIST,6
EggMetadata,6
ZipProvider,6
register_namespace_handler,6
_template,6
PY_MAJOR,6
normalized_name,6
tempname,6
_has,6
zip_pre,6
_zipinfo_name,6
importer_type,6
from_location,6
is_meta,6
PKG_INFO,6
files_written,6
dirs_created,6
subscribers,6
_fi,6
host_params,6
_pool_connections,6
_pool_maxsize,6
_pool_block,6
_internal_utils,6
prepare_cookies,6
builtin_str,6
default_hooks,6
requote_uri,6
decode_unicode,6
request_setting,6
dict_class,6
request_hooks,6
new_proxies,6
slice_length,6
charset_normalizer_version,6
oneletter,6
get_int_opt,6
get_list_opt,6
FILTERS,6
ensurenl,6
inencoding,6
guess_lexer_for_filename,6
guess_lexer,6
rflags,6
oldi,6
eos,6
innerstring_rules,6
fromimport,6
rfstringescape,6
bytesescape,6
magicfuncs,6
fstrings,6
__iop__,6
intb,6
vsplit,6
esoteric,6
UL4,6
prolog,6
erb,6
textfmts,6
jsx,6
julia,6
juttle,6
mozpreproc,6
nasm,6
nix,6
Typographic,6
Tal,6
typoscript,6
best_lexer,6
oldmod,6
monokai,6
formattername,6
with_maximum,6
DEFAULT_STYLES,6
bright_magenta,6
bright_yellow,6
child_options,6
ERASE_IN_LINE,6
control_codes,6
bell,6
strip_control_codes,6
EIGHT_BIT_PALETTE,6
push_visited,6
pop_visited,6
reached_max_depth,6
container_type,6
control_code,6
cross_fade,6
_is_single_cell_widths,6
loop_first_last,6
console_mode,6
erasing,6
vertical_height,6
apply_style,6
render_scope,6
rich_cast,6
PULSE_SIZE,6
fore_style,6
back_style,6
EMOJI,6
validate_error_message,6
_max_width,6
STYLE_ATTRIBUTES,6
iter_styles,6
make_test_card,6
force_terminal,6
RegexHighlighter,6
suppress_entity,6
get_background_style,6
syntax_error_text,6
exclude_frames,6
mrs,6
breast,6
CONSOLE_SVG_FORMAT,6
_log_render,6
RenderHook,6
_windows_console_features,6
log_time_format,6
get_datetime,6
is_dumb_terminal,6
from_data,6
Fira,6
make_tag,6
attribs,6
null_style,6
_AnsiToken,6
ansi_text,6
AnsiDecoder,6
___,6
line_ranges,6
FileProxy,6
rich_tracebacks,6
tracebacks_show_locals,6
_pygments_style_class,6
pygments_style,6
highlight_number_style,6
ends_on_nl,6
line_column,6
stylized_range,6
close_handle,6
speed_estimate_period,6
FiraCode,6
result_segments,6
shaped_lines,6
split_segments,6
segments_copy,6
log_time_display,6
title_style,6
caption_style,6
title_justify,6
_measure_column,6
cell_renderables,6
wrapable,6
allow_wrap,6
_refresh_thread,6
exchange_rate_dict,6
OBJECT,6
_inspect,6
layout_regions,6
render_map,6
AnchoredAuxTransformBox,6
fill_bar,6
sep_x,6
sep_y,6
length_x,6
length_y,6
fraction_ref,6
axes_llc,6
_horiz_pad_size,6
_vert_pad_size,6
cbar_size,6
_parent_axes,6
get_aux_axes,6
SimpleChainedObjects,6
_horizontal,6
_vertical,6
_xref,6
_yref,6
_norm_angle,6
Text3D,6
_proj_trans_points,6
get_data_3d,6
segments_2d,6
get_depthshade,6
_maybe_depth_shade_and_sort_colors,6
z_markers_idx,6
_vec,6
_edgecolors2d,6
axmask,6
adir,6
tick_out,6
centpt,6
xyz0,6
invert_zaxis,6
elev_rad,6
_sx,6
_sy,6
rotate_from_to,6
stop_x,6
stop_y,6
scale_u,6
set_zlabel,6
zkw,6
x1i,6
polys_i,6
has_count,6
plot_wireframe,6
bar3d,6
arrow_length_ratio,6
voxel_faces,6
get_formatters,6
estep,6
AxislineStyle,6
get_ref_artist,6
_ticksize,6
set_locs_angles,6
angle_orig,6
GridHelperBase,6
_grid_helper,6
_ticklabel_add_angle,6
ExtremeFinderSimple,6
dxx2,6
dyy2,6
_value_and_jacobian,6
tick_to_axes,6
in_01,6
_format_ticks,6
FloatingAxes,6
minsec_limits_,6
minsec_steps_,6
minute_limits_,6
second_limits_,6
select_step24,6
select_step360,6
frac_part,6
data_to_axes,6
_axisline_on,6
SubplotZero,6
_ExceptionDuringRun,6
json_pretty_print,6
pybehave,6
unshell_list,6
TConfigSectionIn,6
XmlReporter,6
_file_mapper,6
wrote_any,6
_init_data,6
sigterm,6
json_show_contexts,6
COVERAGE_PROCESS_CONFIG,6
config_data,6
dests,6
no_branch_lines,6
arcs_executed,6
TRegionLines,6
fzlines,6
n_executed,6
executescript,6
report_data,6
reported_file,6
has_dynamic_source_filename,6
flat_rootname,6
get_python_source,6
ctrace,6
systrace,6
source_for_file,6
third_paths,6
source_match,6
source_pkgs_match,6
source_in_third_paths,6
pathdir,6
has_dynamic_filename,6
get_one,6
_FILENAME_SUBS,6
SYS_MOD_NAME,6
substitute_variables,6
HandyConfigParser,6
byte_pairs,6
executed_arcs,6
add_arcs,6
byte_to_line,6
instruction_offset,6
b2l,6
destination_offset,6
old_modules,6
contexts_label,6
exc2,6
index_file,6
_have_used,6
Dumping,6
inject_backslash,6
RELATIVE_DIR,6
CANONICAL_FILENAME_CACHE,6
ALWAYS_JUMPS,6
inst2,6
_ast_root,6
process_raise_exits,6
process_return_exits,6
root_node,6
my_block,6
CodeBuilder,6
_expr_code,6
branch_rate,6
_get_single,6
SELF_TYPE_NAMES,6
in_dynamic_func,6
allow_type_var_tuple,6
make_optional_type,6
not_declared_in_type_params,6
param_spec_name,6
get_typevarlike_argument,6
check_vec_type_args,6
p_analyzed,6
RET,6
find_type_var_likes,6
bind_new,6
method_frame,6
type_var_likes,6
var_expr,6
unpack_arg,6
diverging,6
non_optional,6
EXCLUDED_ENUM_ATTRIBUTES,6
Stubs,6
pkg_all,6
_filtered,6
NonOverlapErrorInfo,6
uselessness_errors,6
unreachable_lines,6
REDUNDANT_EXPR,6
target_module,6
true_or_false,6
s_item,6
s_unpack,6
t_item_type,6
fallback_type,6
read_str_opt_list,6
write_str_opt_list,6
LITERAL_NO,6
node_kinds,6
implicit_module_attrs,6
plugin_deps,6
_is_typeshed_file,6
is_future_flag_set,6
abs_custom_typeshed_dir,6
unanalyzed_items,6
num_flags,6
ARG_,6
TYPE_VAR_KIND,6
CALLABLE_TYPE,6
has_incompatible_baseclass,6
inferred_item_type,6
unreachable_else,6
subject_dummy,6
right_always,6
update_tuple_type,6
dump_tagged,6
SemanticAnalyzerPass2,6
type_vars_as_args,6
visit_file,6
yield_node,6
semanal_main,6
is_invalid_recursive_alias,6
inside_except_star_block_set,6
entering_loop,6
num_incomplete_refs,6
leave_class,6
pop_type_args,6
type_analyzer,6
property_name,6
check_decorated_function_is_method,6
setup_type_vars,6
setup_alias_type_vars,6
decorator_name,6
last_tvar_name_with_default,6
metas,6
metaclass_info,6
reexports,6
internal_name,6
all_type_params_names,6
pep_695,6
incomplete_target,6
cant_assign_to_final,6
is_from_error,6
basetype_or_fallback,6
rnode,6
lnode,6
numargs,6
has_param_spec,6
splitted_modules,6
tpan,6
nformals,6
actualt,6
expand_actual_type,6
StringFormatterChecker,6
non_standard_format_spec,6
next_index,6
check_expr,6
promote_targets,6
_attempted_protocols,6
_checked_against_members,6
_rechecked_types,6
PYTHON3_VERSION_MIN,6
find_unique_signatures,6
StdlibVersions,6
pyinfo,6
current_full_target,6
typeddict_bases_set,6
deserialize_imports,6
unpack_type,6
inner_unpack,6
has_erased_component,6
any_constraints,6
satisfiable,6
filtered_options,6
infer_constraints_from_protocol_members,6
instance_args,6
actual_item_type,6
template_unpack,6
template_prefix,6
infer_directed_arg_constraints,6
right_by_position,6
left_by_position,6
argument_by_position,6
left_only_names,6
try_synthesizing_arg_from_kwarg,6
ExpandTypeVisitor,6
tvmap,6
BaseStubGenerator,6
infer_method_arg_types,6
func_sigs,6
CFunctionStub,6
get_annotation,6
add_import_from,6
is_not_in_all,6
rw_properties,6
_include_docstrings,6
ELLIPSIS_TYPE_NAMES,6
NOT_IMPLEMENTED_TYPE_NAMES,6
_can_be_true,6
Synthetic,6
expects_literal,6
copy_with_extra_attr,6
include_star_args,6
done_with_positional,6
seen_star,6
left_item_type,6
is_anonymous,6
dotted_aliases,6
get_expression_type,6
ReportConfigContext,6
set_modules,6
get_method_signature_hook,6
ChainedPlugin,6
not_ready_callback,6
analyze_instance_member_access,6
checking_missing_await,6
mcs_fallback,6
Analyse,6
analyze_static_reference,6
allow_callable,6
dispatched_arg_type,6
__rOP__,6
orig_typ,6
StubtestFailure,6
safe_inspect_signature,6
get_stub,6
is_probably_private,6
SIZEOF_PYOBJECT,6
__basicsize__,6
__itemsize__,6
is_runtime_typeddict,6
get_mypy_type_of_runtime_value,6
is_subtype_helper,6
stub_default,6
_verify_final_method,6
runtime_module,6
parameter_kind,6
has_init,6
warning_callback,6
error_count,6
check_python_version,6
gc_start_time,6
expr_list,6
decl_names,6
has_name,6
set_line_column,6
fail_merge_overload,6
reporter_classes,6
report_dir,6
TYPE_UNANALYZED,6
any_line_map,6
package_element,6
class_element,6
require_targets,6
server_options,6
fine_grained_increment,6
to_delete,6
all_suppressed,6
error_summary,6
format_error,6
_find_changed,6
subject_type,6
required_patterns,6
rest_inner_types,6
has_local_errors,6
match_args_type,6
get_class_descriptors,6
TypeIndirectionVisitor,6
get_unique_redefinition_name,6
hide_success,6
psutil_cpu_count,6
available_threads,6
unrolled,6
get_protocol_member,6
param_star,6
param_star2,6
restrict_subtype_away,6
unary_op_methods,6
get_declaration,6
extract_var_from_literal_hash,6
has_return_statement,6
erase_to_union_or_bound,6
partial_reported,6
widened_vars,6
_globals_widened_in_func,6
var_decl_frames,6
assignment_expression_effect,6
marked_unreachable,6
all_,6
analyze_type_type_callee,6
is_generator_return_type,6
find_partial_types,6
old_binder,6
unsafely,6
reverse_base_erased,6
other_method,6
expr_cache,6
check_final,6
alias_type,6
index_lvalue,6
p_lvalue_type,6
new_rvalues,6
last_idx,6
iterable_start,6
left_lvs,6
right_lvs,6
type_parameters,6
old_type_inference,6
set_lvalue_type,6
allow_none_func_call,6
check_op,6
native_int,6
is_untyped_decorator,6
propagate_up_typemap_info,6
or_conditional_maps,6
base_classes_,6
pretty_names_list,6
full_name,6
partition_by_callable,6
narrowable_operand_index_to_hash,6
TypeMaps,6
all_if_maps,6
all_else_maps,6
or_if_maps,6
current_type_range,6
yes_items,6
note_msg,6
class_type_vars,6
_key_to_id,6
_root_id_to_values,6
root_id,6
operators_to_group,6
left_info,6
right_domain,6
implicit_any,6
self_tvar_expr,6
PER_MODULE_OPTIONS,6
untyped_calls_exclude,6
MypyOptions,6
TYPING_BUILTIN_REPLACEMENTS,6
CantImport,6
EMPTY_CLASS,6
_visit_literal_node,6
yield_name,6
e_default,6
collect_build_targets,6
environ_cache_dir,6
_disable_type_names,6
note_multiline,6
too_few_arguments,6
too_many_arguments,6
kwargs_without_suggestions,6
variable_may_be_undefined,6
type_dec,6
error_cnt,6
type_string,6
literal_items,6
infer_type_arguments,6
in_lambda_expr,6
validated_kwargs,6
unique_arg,6
typeddict_callable_from_context,6
proper_callee,6
is_unexpected_arg_error,6
inner_unpack_index,6
all_same_types,6
left_variants,6
all_results,6
all_inferred,6
left_possible_type,6
recent_context,6
expanded_left_type,6
values_set,6
seen_unpack_in_items,6
typeddict_contexts,6
p_type_context,6
validate_package_allow_list,6
AugmentedHelpFormatter,6
strict_flag_assignments,6
_extract_argument_name,6
func_placeholder_map,6
optional_block,6
set_journal_mode,6
ConstantValue,6
is_valid_constructor,6
class_callable,6
self_param_type,6
extra_attrs_set,6
unduplicated_literal_fallbacks,6
include_all,6
enter_block,6
can_be_redefined,6
record_skipped,6
get_vars,6
type_fullname,6
import_lines,6
module_map,6
real_module,6
ExtendedTraverserVisitor,6
find_node,6
combined_attrs,6
parse_location,6
write_bytes_bare,6
MIN_SIZE_HINT,6
SourcesDataMessage,6
missing_stub_packages,6
PRI_HIGH,6
import_priority,6
plugin_type,6
import_options,6
post_parse,6
ns_ancestors,6
load_fine_grained_deps,6
commit_module,6
meta_snapshot,6
deps_meta,6
_cache_dir_prefix,6
_load_json_file,6
log_success,6
meta_ex_file,6
meta_bytes,6
meta_pair,6
load_tree,6
ioerr,6
type_check_second_pass,6
detect_possibly_undefined_vars,6
verify_dependencies,6
suppressed_only,6
ancestor_mod,6
GraphMessage,6
graph_data,6
SccsDataMessage,6
process_fresh_modules,6
semantic_analysis_for_scc,6
meta_tuples,6
ConfigTOMLValueError,6
parse_section,6
old_config_name,6
FuncCollectorBase,6
extra_ignore,6
read_json_value,6
pyannotate,6
Callsite,6
all_use_types,6
is_tricky_callable,6
current_branch,6
in_finally,6
break_vars,6
decomposing,6
options_on_return,6
resulting_values,6
sub_sources,6
use_typeshed,6
third_party_stubs_dirs,6
parent_id,6
parent_gitignores,6
fake_package_cache,6
snapshot_simple_type,6
process_type_info,6
attribute_triggers,6
force_removed,6
NormalUpdate,6
preserved_module,6
fixup_and_reset_typeinfo,6
process_synthetic_type_info,6
options_dict,6
native_sep,6
typecheck_files,6
module_data,6
ignore_modules_order,6
expected_rechecked,6
expected_stale,6
alt_m,6
excluded_dir,6
filtered_output,6
InterfaceTypeFixture,6
tup_type,6
gs2a,6
gsba,6
lit_str2_inst,6
assert_simple_join,6
assert_not_same,6
deleted_paths,6
DataSuiteCollector,6
Y_a,6
readwrite_properties,6
readonly_properties,6
expected_ranges,6
actual_ranges,6
fmc_nons,6
deserialize_and_fixup_type,6
MAGIC_ATTR_NAME,6
display_typ,6
ideal_sig,6
enum_field_name,6
_MethodInfo,6
seen_args,6
max_group_width,6
max_cost,6
type_or_iterable,6
_registered_patterns,6
iter_tree_files,6
dir_full,6
match_files,6
orig_file,6
pattern_to_regex,6
_BEST_BACKEND,6
HyperscanExprDebug,6
__id,6
expr_id,6
Re2RegexDebug,6
match_ids,6
gitwildmatch,6
_GitIgnoreBasePattern,6
orig_segs,6
_bymonth,6
dayset,6
rep_rate,6
mrange,6
firstwkst,6
forceset,6
_tzfile,6
_trans_list,6
_dst_base_offset,6
compdt,6
wall_0,6
wall_1,6
zif,6
pds,6
default_filter,6
_remap_input,6
result_directory,6
_BACKEND,6
_parse_section_to_dict,6
find_kwargs,6
exclude_package_data,6
vs_vers,6
dist_data_scripts,6
egg_cache_dir,6
interpret_distro_name,6
py_ver,6
htmldecode,6
ContentChecker,6
fetched_urls,6
force_scan,6
rvcs,6
MACOSX_VERSION_VAR,6
macosx_target_ver,6
exec_param,6
WindowsScriptWriter,6
write_script,6
sdist_add_defaults,6
write_stub,6
bei,6
EasyInstallDeprecationWarning,6
always_copy,6
always_copy_from,6
is_tree,6
process_distribution,6
raw_bytes,6
path_to_setup,6
all_outputs,6
cStyleComment,6
downcaseTokens,6
removeQuotes,6
infixNotation,6
CloseMatch,6
sldkj,6
asDict,6
resTag,6
verbose_stacktrace,6
streamlined,6
modalResults,6
postParse,6
enablePackrat,6
packrat,6
Discontent,6
resultlist,6
tmpReqd,6
ender,6
retToks,6
thisFunc,6
openTag,6
div_end,6
signed_integer,6
hchar,6
blockStatementExpr,6
_regex_str,6
_InvalidELFFileHeader,6
groupby_transform,6
rlocate,6
sort_together,6
UnequalIterablesError,6
_growing,6
summarization,6
smallest_weight_key,6
_future,6
seenset,6
seenlist,6
designsize,6
codingscheme,6
op_byte,6
_composites,6
glifLib,6
KerningDict,6
PathOrFS,6
AGL2UV,6
E3F,6
A1B,6
E19,6
AC0,6
AB0,6
addOpenTypeFeatures,6
_c_m_a_p,6
O_S_2f_2,6
reserved1,6
reserved2,6
usFirstCharIndex,6
usLastCharIndex,6
buildCmapSubTable,6
setCFF2,6
varRegionList,6
_add_avar,6
ulVersion,6
usFlag,6
featureVars,6
varIndexMap,6
extfile,6
input_name,6
wOF2,6
opOrder,6
stackUse,6
vstemhm,6
hmoveto,6
vmoveto,6
numArgs,6
vvcurveto,6
hvcurveto,6
_addArgs,6
topDictOperators2,6
callgsubr,6
localBias,6
globalBias,6
calcSubrBias,6
op_cntrmask,6
processSubr,6
gsubrs,6
priv,6
all_subrs,6
expected_major,6
CFFWriter,6
TopDictIndexCompiler,6
IndexCompiler,6
getOffsets,6
binOffset,6
readCard32,6
nRanges,6
fdID,6
buildOperatorDict,6
Latin1Converter,6
getNameID,6
nLeftFunc,6
lastFDIndex,6
fdRange,6
blendOp,6
prevVal,6
privComp,6
decompilerClass,6
stringMapping,6
font_number_1,6
font_number_2,6
all_tags,6
otConverters,6
BEFORE_BUILD,6
_callbackTable,6
build_n_ary_tree,6
_PaintInput,6
MAX_PAINT_COLR_LAYER_COUNT,6
colorStop,6
colorLine,6
table_C_O_L_R_,6
colorGlyphItems,6
buildColrV1,6
DEFAULT_PALETTE_TYPE,6
ufo2ft,6
listToColrLayers,6
round_end,6
OTLOffsetOverflowError,6
ChainContextualRule,6
rulesetsByFirstGlyph,6
ruleSetAttr_,6
lookupList,6
SubClassSet,6
SubClassRule,6
ChainSubClassSet,6
PosClassSet,6
ChainPosClassSet,6
ChainPosClassRule,6
alts_for_glyph,6
hamza,6
buildMarkBasePosSubtable,6
buildMarkLigPosSubtable,6
GPOS2,6
classDef1_,6
classDef2_,6
CompCount,6
numMarkClasses,6
EntryExitCount,6
ComponentCount,6
Subtable,6
classes2,6
buildSinglePosSubtable,6
LigGlyphCount,6
MarkSetCount,6
nominalValue,6
axisRecords,6
_findUnusedNameID,6
MathConstants,6
TopAccentAttachment,6
ExtendedShapeCoverage,6
bit_indices,6
env_level,6
ext_subtable,6
lowest_cost_change,6
size_reduction,6
t1write,6
RD_key,6
subr_bin,6
findEncryptedChunks,6
deHexString,6
EEXECBEGIN,6
cypherText,6
x0300,6
glyphOrders,6
glyphSets,6
UnknownOptionError,6
VOWEL,6
LookupOrder,6
BaseScriptRecord,6
anchorsValidator,6
glyphNameToFileName,6
LAYERINFO_FILENAME,6
FORMAT_2_0,6
FilesystemClosed,6
_transformationInfo,6
valueType,6
haveSeenAdvance,6
haveSeenOutline,6
haveSeenLib,6
haveSeenNote,6
fromtree,6
prevOffCurveCount,6
UFO2,6
firstRenamedGroups,6
secondRenamedGroups,6
MMK_L_CGroup,6
secondGlyph,6
markColor,6
did_open,6
illegalCharacters,6
_con,6
filteredUserName,6
METAINFO_FILENAME,6
DEFAULT_LAYER_NAME,6
subfs,6
_fileStructure,6
formatVersionTuple,6
fontInfoAttributesVersion2ValueData,6
kerningNested,6
glyphSubFS,6
imagesFS,6
TempFS,6
rootDir,6
_downConversionKerningData,6
previousFormatVersion,6
removetree,6
dataName,6
kerningDict,6
movedir,6
validInfoData,6
dataDict,6
lerpRecordings,6
_TTGlyph,6
iup,6
rightSideX,6
E_B_L_C_,6
_h_m_t_x,6
_reverseGlyphOrderDict,6
closeStream,6
writeVersion,6
TSI0,6
Glat,6
gcid,6
table__g_v_a_r,6
getCompositeMaxpValues,6
WOFFFlavorData,6
directorySize,6
totalSfntSize,6
max_location,6
endPoint,6
instructionLength,6
bytesConsumed,6
pack255UShort,6
lastAdvance,6
parser_compress,6
subtable_entry,6
old_glyph_order,6
XPlacement,6
getDeltasAndSupports,6
PaintGlyph,6
newPaint,6
new_upem,6
subboxBitmap,6
hasOctaboxes,6
octabox,6
BitmapGlyphMetrics,6
BitmapPlusSmallMetricsMixin,6
BitmapPlusBigMetricsMixin,6
locatorName,6
xmlDataFunctions,6
tupleElement,6
axisSize,6
elementAttrs,6
defaultMinValue,6
defaultMaxValue,6
sharedCoordIndices,6
useByteEncoding,6
numPointsInData,6
getCoordWidth,6
decompileDeltas_,6
firstDelta,6
selfTuple,6
otherTuple,6
FeatureParamsSize,6
opcodeDict,6
argoffset,6
streamMnemonicDict,6
_skipWhite,6
numPalettes,6
offsetToPaletteTypeArray,6
offsetToPaletteLabelArray,6
offsetToPaletteEntryLabelArray,6
LLL,6
indexSubTableArrayOffset,6
sbitLineMetricsFormat,6
dataNames,6
indexingOffsets,6
overflowTuple,6
FT_FALLBACK,6
repack,6
hb_first_error_logged,6
readUInt24,6
writeSubTable,6
DeciPoints,6
ClassRangeRecord,6
BaseLangSysRecord,6
NumShorts,6
VarIdxMapValue,6
DefaultBaseline,6
Carets,6
MorxSubtable,6
DefaultProperties,6
StartGlyphID,6
EndGlyphID,6
xSkewAngle,6
ySkewAngle,6
tsi0Format,6
_make_map,6
newSubtable,6
cmap4_0_3,6
defOVSOffset,6
nonDefUVSOffset,6
exportMetrics,6
bitRange,6
cutPoint,6
ensureVersionIsLong,6
ve2fi,6
LazyList,6
get_read_item,6
_propagator,6
segEnd,6
lookupWriter,6
GlyphClassCount,6
entryTableData,6
actionOffset,6
eAttrs,6
lastEntryId,6
childEntryConjunctive,6
childIndices,6
entryIds,6
codePointsBias,6
quantizeRect,6
_write_uint32var,6
mapping_values,6
endID,6
OTS,6
subTableType,6
Silf_hdr_format_3,6
compilerVersion,6
numSilf,6
numColumns,6
silfs,6
numPseudo,6
tdata,6
stateTrans,6
oActions,6
strikeOffsets,6
stringPool,6
OpenSans,6
ttfautohint,6
glyphVariations,6
bezierTools,6
getCoordinates,6
newFlag,6
oldFlag,6
xBytes,6
yBytes,6
MORE_COMPONENTS,6
WE_HAVE_A_TWO_BY_TWO,6
xDataLen,6
lastflag,6
lastFlag,6
lastPt,6
scale10,6
OS2_format_1_addition,6
OS2_format_2_addition,6
ulUnicodeRange,6
intersectUnicodeRanges,6
ulCodePageRange,6
Vai,6
x31EF,6
Ogham,6
Hanunoo,6
Buhid,6
Gothic,6
Deseret,6
Syllabary,6
Shavian,6
Carian,6
Lycian,6
Tiles,6
lenOffset,6
vOriginRec,6
VOriginRecord,6
dropZeroes,6
avarSegments,6
sbixGlyphHeaderFormatSize,6
sbixGlyphDataOffsetFormatSize,6
GroupName,6
AnchorDefinition,6
exit_coverage,6
IgnorePosStatement,6
ChainContextPosStatement,6
lookupflags,6
GLYPH,6
SubstitutionDefinition,6
tempGlyphOrder,6
pos_type,6
ApproxNotFoundError,6
_validate_positive_tolerance,6
COMPILED,6
split_cubic_into_two,6
mid1,6
mid2,6
Approximate,6
oncurve,6
MAX_ERR,6
output_parser,6
quadratic_to_curves,6
i_sol_count,6
i_sol,6
langSysRec,6
filterset,6
getVFUserRegion,6
selectionName,6
posixpath_property,6
copyLib,6
copyGroups,6
copyFeatures,6
copyInfo,6
anisotropic,6
minVersion,6
formatTuple,6
userminimum,6
usermaximum,6
oldersibling,6
vfElement,6
instanceLocation,6
ruleName,6
locationFromElement,6
variableFontElement,6
familyNameElement,6
glyphSources,6
_transformPoint,6
r54,6
r68,6
r73,6
r112,6
printGreenPen,6
_PassThruComponentsMixin,6
incomingGoingUp,6
CairoPen,6
endPt,6
_currentContourStartIndex,6
recpen,6
pt1x,6
pt1y,6
StatisticsControlPen,6
wght_sum,6
slnt_sum,6
AXIS,6
ntos,6
lastPts,6
other_pens,6
_check_contour_is_open,6
BaseAxis,6
exclude_dflt,6
start_feature,6
end_feature,6
FontRevision,6
markAttach,6
markFilter,6
varstorebuilder,6
default_language_systems_,6
lookup_locations,6
get_chained_lookup_,6
minmax_record,6
IncludingLexer,6
glyphclasses_,6
num_lookups,6
vrd,6
stylisticset,6
cv_feature,6
RANGES,6
Palmyrene,6
Sidetic,6
Meroitic,6
Arabian,6
Inscriptional,6
Pahlavi,6
Chorasmian,6
Elymaic,6
Egyptian,6
Pictographs,6
B7F,6
B80,6
FE0,6
ACF,6
tr24,6
Elba,6
x060C,6
Mand,6
Tagb,6
Samr,6
Lina,6
CF3,6
CF4,6
DEFAULT_SCRIPT,6
Nko,6
Lana,6
Hmng,6
SVGPath,6
parse_path,6
current_point,6
pathdef,6
raw_args,6
ady,6
accentGlyph,6
ref_id,6
mostCommon,6
advIdxes_,6
retainAdvMap,6
advIdxes,6
axisIndicesList,6
unicodes_missing,6
glyphs_missing,6
glyphs_retained,6
visitorFunc,6
BinomialCoefficient,6
penName,6
greens,6
cipherstring,6
testStr,6
ConfigUnknownOptionError,6
fileType,6
Overall,6
mapOffset,6
absTypeListOffset,6
refListOffset,6
curveLineIntersections,6
origDist,6
e1x,6
e2x,6
slope34,6
_curve_curve_intersections_t,6
yx1,6
contentOnly,6
_closeStream,6
fillStart,6
rangeStart,6
end_args,6
next_ti,6
T2OutlineExtractor,6
currentPoint,6
sbx,6
PSTokenError,6
proclevel,6
topobject,6
idlecounter,6
IllegalDestination,6
DirectoryNotEmpty,6
isbase,6
removedir,6
_directory_fs,6
ShouldBeConstant,6
point_type,6
_varDataIndices,6
storeMasters,6
get_support,6
_varData,6
_getScalar,6
combining_gain,6
combined_encoding,6
min1,6
max1,6
varFeatureIndex,6
hvar_table,6
OVERLAP_SIMPLE,6
mvarTag,6
widthClass,6
head_color,6
glyph_problems,6
last_glyphname,6
perContourPen1,6
segment1,6
segment2,6
glyph_width,6
glyph_height,6
designspace_filename,6
reverseMapping,6
getSubModel,6
orderedAxes,6
prev_region,6
varRegionIndices,6
cvData,6
vsindex_by_key,6
var_pen,6
_hint_op,6
nullRow,6
selfless,6
pv1,6
pv2,6
allAnchors,6
newLayerList,6
_add_VHVAR,6
_get_advance_metrics,6
greenStats,6
controlStats,6
matchings,6
midSize,6
mid_d0,6
mid_d1,6
locDict,6
min_cost,6
lookback,6
all_pgms,6
sb1,6
sb2,6
directStore,6
_denormalize,6
defaultV,6
axisIndexes,6
peakLocation,6
processAxis,6
logMax,6
freq_sum,6
calculatedMinVal,6
calculatedMaxVal,6
targetMin,6
designspaceSnippets,6
renormalizeValue,6
defaultRecord,6
family_prefix,6
axis_tag,6
privateDicts,6
allCommandPrivates,6
newMapping,6
defaultDeltaArray,6
newAxisValueTables,6
downgradeCFF2,6
NPY_AVAILABLE_MEM,6
TooHardError,6
DisplayModes,6
openblas,6
load_library,6
CONTIGUOUS,6
_dtype_,6
_shape_,6
c_int_array,6
matrix_transpose,6
getlimits,6
_rename_parameter,6
end_version,6
int128,6
float80,6
_npt,6
AR_T,6
SEED_SEED_SEQ,6
standard_cauchy,6
dirichlet,6
multivariate_hypergeometric,6
AR2,6
array_2d,6
_ufunc_config,6
b_b,6
_BoolCodes,6
_UInt8Codes,6
_UInt16Codes,6
_UInt32Codes,6
_UInt64Codes,6
_Int8Codes,6
_Int16Codes,6
_Int32Codes,6
_Int64Codes,6
_Float16Codes,6
_Float32Codes,6
_Float64Codes,6
_Complex64Codes,6
_Complex128Codes,6
_ByteCodes,6
_ShortCodes,6
_IntCCodes,6
_LongLongCodes,6
_IntPCodes,6
_IntCodes,6
_UByteCodes,6
_UShortCodes,6
_UIntCCodes,6
_ULongLongCodes,6
_UIntPCodes,6
_UIntCodes,6
_HalfCodes,6
_SingleCodes,6
_DoubleCodes,6
_CSingleCodes,6
_CDoubleCodes,6
_CLongDoubleCodes,6
_DT64Codes,6
_TD64Codes,6
_StrCodes,6
_BytesCodes,6
_VoidCodes,6
_ObjectCodes,6
_DTypeLikeNested,6
_UnknownType,6
_8Bit,6
isf,6
baseshape,6
_variables,6
pierregm_at_uga_dot_edu,6
count_masked,6
mask_cols,6
_fromnxfunction_seq,6
xnm_dtype,6
float_types_list,6
ufunc_domain,6
mbfunc,6
green_eggs,6
masked_,6
flatten_sequence,6
ndarray_subclass,6
num_of_axes,6
my_dtype,6
subw0,6
expected_wavg,6
wavg,6
suppress_copy_mask_on_assignment,6
dt_,6
dma_1,6
btest,6
t_2d,6
xmr,6
aminimum,6
amaximum,6
xmmeth,6
mXvar1,6
b2m,6
base_c,6
ma_min,6
ma_max,6
_str_eps,6
_str_epsneg,6
f16,6
ii32,6
_get_ndarray_c_version,6
Hertz,6
modifiedfollowing,6
modifiedpreceding,6
int_conv,6
betain,6
int_kind,6
FloatingFormat,6
full_results,6
new_input_sets,6
split_subscripts,6
tmp_subscripts,6
FLOP,6
broadcast_indices,6
new_view,6
Partition,6
parent_index,6
first_index,6
english_upper,6
english_capitalize,6
_construction_repr,6
fieldsep,6
concrete_type,6
newfp,6
err_handler,6
_over,6
_under,6
function_base,6
has_delayed_bufalloc,6
itviews,6
sys_is_le,6
shape_base,6
int_name,6
_nfields,6
dbe,6
datastring,6
umr_sum,6
dtype_from_ctypes_type,6
check_support_sve,6
_aligned_zeros,6
carray,6
test_partition,6
assert_c,6
ufunc_override_expected,6
pow_for,6
elision,6
IsPythonScalar,6
x02cnumpy,6
x01cnumpy,6
x02K,6
x85U,6
x01b,6
x85cnumpy,6
x04U,6
x00K,6
NNJ,6
xffJ,6
xfftb,6
usg_data,6
tst_basic,6
testpassed,6
omat,6
wh_partial,6
_cases,6
msqr,6
whf,6
whp,6
tgt11,6
if_needed_vals,6
true_passed,6
from_c,6
NotConvertible,6
test_arr,6
arr_ref,6
BadAttributeArray,6
to_device,6
fp_base,6
MemmapSubClass,6
std_out,6
var_out,6
mean_b,6
inff,6
signf,6
signd,6
ft_tiny,6
c64,6
_generate_int_data,6
min_int,6
check_function,6
compare_array_value,6
tgtshape,6
mit2,6
TestComparisons,6
ABCDE6789,6
simple_dtype_instances,6
stride2,6
other_DT,6
str_arr_long,6
U30,6
expected_off,6
_signs,6
plst,6
numpy_type,6
res_obj,6
cross1d,6
col_vec,6
row_vec,6
a_check,6
orig_dt,6
res_c,6
bad_offset,6
dispatched_two_arg,6
NoOverrideSub,6
_array_tests,6
NEON,6
data_fma,6
hlanes,6
sfxes,6
data_cast_b,6
cast_data,6
ifsub,6
ifadd,6
ifdiv,6
ifdivz,6
fp_sfx,6
uni_arr1,6
Pdescr,6
Ndescr,6
lim3,6
ijn,6
bde,6
edge_test4,6
make_dtype,6
align_flag,6
creation_func,6
new_field_descr,6
two_arg_result,6
PaddedStruct,6
arraylikes,6
dtype_char,6
too_big_int,6
val_obj,6
pass_count,6
prepare_args,6
test_record,6
stra,6
strb,6
all_f32,6
b_nn,6
a_bits,6
orig_policy,6
PyArrayInterface,6
platform_skip,6
y_r,6
cabs,6
limited_api,6
s_bool,6
in_indices,6
dt_b,6
str_b,6
times_swapped,6
to_strings,6
a_lst,6
ex_val,6
divisor_dtype,6
dec_,6
wref,6
arr_f64,6
arr_f32,6
ncontig_sign_in,6
maxulperr,6
x_f32_large,6
_check_ldexp,6
bitwise_types,6
OverriddenArrayNew,6
opt_out,6
real_dtype,6
IS_PYPY_LT_7_3_16,6
worl,6
xyzzyhelloxyzzy,6
bobob,6
nab,6
solve_diophantine,6
X_simplified,6
check_unary_fuzz,6
a_orig,6
b_orig,6
invalid_str,6
fsingle,6
fdouble,6
flongdouble,6
newarr,6
na1,6
na2,6
ores,6
orres,6
olres,6
arr_rev,6
cast_answer,6
call_func,6
old_refcount,6
setall_,6
data_range,6
data_subset,6
datafp16,6
features_map,6
features_flags,6
load_flags,6
non_baseline_features,6
AVX512VL,6
AVX512BW,6
AVX512DQ,6
pfu,6
print_coercion_table,6
flags_table,6
floupi,6
make_cycle,6
compile_extra,6
usecomplex,6
actualr,6
actuali,6
desiredr,6
desiredi,6
func_assert_same_pos,6
y_id,6
remarks,6
mem_free,6
NannyNag,5
filename_only,5
Indentation,5
city,5
CommandCompiler,5
last_tb,5
read_code,5
_fix_name,5
path_hook,5
_NAME_PATTERN,5
_setoption,5
_filters_version,5
Prime,5
manipulations,5
nul,5
_get_bothseps,5
normalizations,5
optimizing,5
_getfullpathname,5
getcwdb,5
spath,5
genops,5
ideas,5
exhaustively,5
Opcode,5
complication,5
elegant,5
BININT,5
cheaper,5
NEWTRUE,5
NEWFALSE,5
TAKEN_FROM_ARGUMENT8U,5
uint2,5
int4,5
uint4,5
stringnl,5
bracketing,5
read_string4,5
read_bytes4,5
read_bytes8,5
read_bytearray8,5
uabcd,5
unicodestring1,5
decimalnl_short,5
OpcodeInfo,5
LONG4,5
BINBYTES8,5
BINUNICODE8,5
TUPLE2,5
STACK_GLOBAL,5
complains,5
complaint,5
NEWOBJ_EX,5
FRAME,5
name2i,5
code2i,5
code2op,5
oldids,5
newids,5
_Pickler,5
commit_frame,5
markstack,5
annocol,5
memo_idx,5
mild,5
_Example,5
_codecs,5
copy_reg,5
_reconstructor,5
formatargvalues,5
getouterframes,5
lfw,5
MemberDescriptorType,5
getset,5
CO_COROUTINE,5
isasyncgenfunction,5
CoroutineType,5
tb_lasti,5
co_lnotab,5
last_cls,5
cope,5
visit_ClassDef,5
passline,5
indecorator,5
body_col0,5
formatargandannotation,5
kwonly_given,5
global_ns,5
builtin_ns,5
FrameInfo,5
_static_getmro,5
instance_result,5
_signature_get_user_defined_method,5
bind_partial,5
move_to_end,5
delayed_comma,5
skip_next_comma,5
_signature_fromstr,5
NodeTransformer,5
_self,5
Holds,5
kwargs_started,5
top_kind,5
follow_wrapped,5
parameters_ex,5
arg_vals,5
arg_val,5
render_pos_only_separator,5
SpooledTemporaryFile,5
_use_fd_functions,5
supports_fd,5
_errno,5
O_NOFOLLOW,5
_once_lock,5
_sanitize_params,5
TMP,5
SYSTEMROOT,5
_mkstemp_inner,5
chflags,5
close_called,5
seeks,5
flags2,5
_rolled,5
SMTPServer,5
MailmanProxy,5
async_chat,5
_set_rset_state,5
__greeting,5
__mailfrom,5
__rcpttos,5
__fqdn,5
__peer,5
__conn,5
__addr,5
process_message,5
localaddr,5
listnames,5
backported,5
becoming,5
DecimalTuple,5
ROUND_05UP,5
self_padded,5
_PyHASH_INF,5
Engineering,5
resultexp,5
Swaps,5
self_is_subnormal,5
mth,5
_Zero,5
_NegativeInfinity,5
Infinite,5
Plus,5
decreased,5
_ilog,5
Taylor,5
_log10_digits,5
lxc,5
happily,5
is_negative,5
BasicInterpolation,5
space_around_delimiters,5
_ChainMap,5
NoOptionError,5
InterpolationDepthError,5
InterpolationMissingOptionError,5
ParsingError,5
before_set,5
she,5
BOOLEAN_STATES,5
_strict,5
readfp,5
_get_conv,5
_mimetypes_read_windows_registry,5
MimeTypes,5
guess_all_extensions,5
common_types,5
ppt,5
powerpoint,5
csh,5
hdf5,5
texinfo,5
mpa,5
webm,5
rtf,5
BaseStream,5
Seeking,5
_decomp_factory,5
_decomp_args,5
CompletedProcess,5
STD_OUTPUT_HANDLE,5
Detach,5
_internal_poll,5
bytes_warning,5
warnopts,5
dev_mode,5
_communicate,5
sunos5,5
_child_created,5
Groups,5
DuplicateHandle,5
stdout_thread,5
stderr_thread,5
sigset,5
unix_shell,5
deadlocks,5
_handle_exitstatus,5
get_map,5
Impossible,5
_input_offset,5
_create_pseudo_member_,5
use_args,5
_member_type_,5
clobbered,5
enumerations,5
Derive,5
not_covered,5
MandatoryRelease,5
all_feature_names,5
generator_stop,5
fallthrough,5
median_low,5
median_high,5
relations,5
linear_regression,5
LinearRegression,5
naturally,5
widely,5
computational,5
_ss,5
Fixme,5
Pearson_correlation_coefficient,5
doi,5
X_var,5
Y_var,5
sepIndex,5
filenameIndex,5
_pyprofile,5
_Utils,5
strip_dirs,5
sort_arg_dict_default,5
Atomic,5
TCSAFLUSH,5
sha3_224,5
sha3_384,5
sha3_512,5
shake_128,5
shake_256,5
algorithms_available,5
inspects,5
SHA1,5
SHA256,5
_sha256,5
_blake2,5
__func_name,5
maxdict,5
repr_instance,5
newlevel,5
grabs,5
x7fffffff,5
nntp,5
receipt,5
AUDIO_FILE_ENCODING_ALAW_8,5
_hdr_size,5
MyLocal,5
create_dict,5
idt,5
_DAYS_IN_MONTH,5
_days_in_month,5
_DI100Y,5
_DI4Y,5
OTOH,5
n100,5
_build_struct_time,5
Zreplace,5
tzsign,5
_check_tzinfo_arg,5
_divide_and_round,5
prone,5
convoluted,5
fromisocalendar,5
tm_zone,5
myoffset,5
stated,5
AIFC,5
SSND,5
setmark,5
_read_float,5
fsmant,5
_marklength,5
datasize,5
curpos,5
CFLAG,5
LFLAG,5
putline,5
OOB,5
STOR,5
print_line,5
PWD,5
PROT,5
_150_re,5
_227_re,5
check_hash_based_pycs,5
alt_path_sep,5
_read_directory,5
_get_module_info,5
x800,5
_importing_zlib,5
Someone,5
dostime,5
b10,5
_RAW_MAGIC_NUMBER,5
import_error,5
TTY,5
read_eager,5
arpa,5
emulates,5
Frozen,5
_HAS_DEFAULT_FACTORY,5
__dataclass_fields__,5
_hash_exception,5
cls_dict,5
getcaps,5
Refusing,5
_fmt_chunk_read,5
_headerwritten,5
FNAME,5
uncompress,5
upcoming,5
Jim,5
Unittest,5
set_unittest_reportflags,5
DocTests,5
_ellipsis_match,5
intervening,5
_find_lineno,5
report_unexpected_exception,5
report_failure,5
_fakeout,5
interrupts,5
totalt,5
u1234,5
kick,5
Beyond,5
day_abbr,5
HTMLCalendar,5
MONDAY,5
SUNDAY,5
_months,5
different_locale,5
textgroup,5
__imatmul__,5
no_type_check_decorator,5
WrapperDescriptorType,5
alphabetized,5
ev_args,5
Passes,5
Generics,5
Subsequent,5
_PROTO_ALLOWLIST,5
_proto_hook,5
base_locals,5
Strips,5
_overload_dummy,5
totality,5
OPENSSL_VERSION_NUMBER,5
TLSv1_2,5
PROTOCOL_VERSION,5
dNSName,5
longname,5
_connected,5
recvmsg_into,5
PEM_HEADER,5
PEM_FOOTER,5
trackcalls,5
ignoredirs,5
write_results,5
CoverageResults,5
Tried,5
_modname,5
pfile,5
lines_hit,5
n_hits,5
linenumber,5
Annotate,5
token_bytes,5
_sysrand,5
weakcontainer,5
symmetric_difference_update,5
CODE,5
capline,5
von,5
envvars,5
_get_locale_encoding,5
CODESET,5
CP1255,5
CP1256,5
nl_NL,5
iw_IL,5
lv_LV,5
zh_cn,5
eucTW,5
hebrew,5
sd_IN,5
devanagari,5
valencia,5
arabic,5
be_BY,5
nb_NO,5
da_DK,5
el_GR,5
gl_ES,5
id_ID,5
iu_CA,5
GEORGIAN,5
no_NO,5
ro_RO,5
ta_IN,5
tt_RU,5
uz_UZ,5
vi_vn,5
x0484,5
x045e,5
x3001,5
x3009,5
Germany,5
x040e,5
x0487,5
Portuguese,5
Northern,5
Venezuela,5
Argentina,5
Puerto,5
Rico,5
Turkish,5
Vietnamese,5
Nick,5
run_path,5
_saved_module,5
run_globals,5
whitespace_split,5
intermixed,5
prog_args,5
unique_match,5
immortal,5
_Printer,5
_getlang,5
ATTRIBUTES,5
Mondays,5
format_regex,5
dict_values,5
MASK,5
SRE,5
RANGE_UNI_IGNORE,5
MIN_REPEAT,5
CATEGORY_DIGIT,5
CATEGORY_NOT_DIGIT,5
CATEGORY_SPACE,5
CATEGORY_NOT_SPACE,5
SRE_INFO_PREFIX,5
SRE_INFO_CHARSET,5
gi_yieldfrom,5
TopologicalSorter,5
node2stacki,5
topological,5
liable,5
arising,5
redistribute,5
_ver,5
bgpic,5
onkey,5
onkeypress,5
isdown,5
onrelease,5
shapetransform,5
showturtle,5
tiltangle,5
undobufferentries,5
leftright,5
topbottom,5
default_cfg,5
cfgdict1,5
hscroll,5
vscroll,5
columnspan,5
cheight,5
itemconfigure,5
backgroundcolor,5
ButtonRelease,5
Motion,5
after_idle,5
_createimage,5
srx1,5
sry1,5
minvalue,5
modeling,5
nopic,5
_turtles,5
_drawturtle,5
DEFAULT_MODE,5
to_angle,5
_tracer,5
newLine,5
shf,5
drawingLineItem,5
_cc,5
a21,5
_polytrafo,5
pet,5
_LANGUAGE,5
defText,5
callText,5
_os_preferred_browser,5
raise_opts,5
elinks,5
Grail,5
chromium,5
MacOSXOSAScript,5
isc,5
toWindow,5
osascript,5
California,5
disks,5
_siftdown,5
_heapreplace_max,5
_heapify_max,5
intelligence,5
kangaroo,5
Algorithms,5
_recreate_cm,5
Immediately,5
enter_result,5
PAT,5
pairing,5
whathdr,5
sample_bits,5
acm,5
Py2,5
autojunk,5
adaptive,5
isbjunk,5
non_adjacent,5
Isolate,5
contrary,5
format_key,5
diff_header,5
diff_next,5
difflib_chg_,5
_format_line,5
messagebox,5
_dummy_thread,5
htmlentitydefs,5
izip_longest,5
SimpleHTTPServer,5
CGIHTTPServer,5
IMAP4_stream,5
IMAP,5
CAPABILITY,5
SEARCH,5
Untagged_status,5
enclose,5
Tagged,5
_get_response,5
QUOTA,5
administrator,5
literator,5
stream_command,5
gur,5
slave_name,5
master_read,5
stdin_read,5
_fieldnames,5
rowdict,5
writerows,5
sniffed,5
chunkLength,5
charFrequency,5
thisType,5
unfinished_tasks,5
formerly,5
reformatted,5
Honor,5
hdr_text,5
SERVER_PROTOCOL,5
SERVER_SOFTWARE,5
HTTP_HOST,5
_cmd,5
TWOPI,5
_floor,5
lognormvariate,5
vonmisesvariate,5
istop,5
Mike,5
Exponential,5
Statistical,5
University,5
fromshare,5
AddressFamily,5
_intenum_converter,5
Disk,5
_check_sendfile_params,5
transmit,5
_decref_socketios,5
_blocking_errnos,5
EINTR,5
ST_ATIME,5
S_IFDIR,5
S_IRUSR,5
S_IWRITE,5
S_IXUSR,5
i_count,5
rpt,5
pframe,5
stopwatch,5
elapsed_noprofile,5
type_comments,5
old_node,5
iter_fields,5
BOR,5
FACTOR,5
unicode_escape,5
_write_str_avoiding_backslashes,5
Repeatedly,5
JoinedStr,5
unparser,5
visit_List,5
Div,5
NotEq,5
visit_Compare,5
visit_BoolOp,5
visit_Subscript,5
compileall,5
AIX_BUILDDATE,5
BLDSHARED,5
BUILD_GNU_TYPE,5
CCSHARED,5
dynload,5
Ext,5
HAVE_FACCESSAT,5
HAVE_FSTATAT,5
HOST_GNU_TYPE,5
INCLUDEPY,5
LIBDEST,5
GroupInfo,5
art_num,5
_statcmd,5
xFDD0,5
u0313,5
u1f20,5
get_instructions,5
FORMAT_VALUE,5
_disassemble_bytes,5
hasjabs,5
hasjrel,5
ONE_OR_MORE,5
_add_item,5
_format_action_invocation,5
_format_args,5
_fill_text,5
_get_action_name,5
argument_name,5
_StoreConstAction,5
_SubParsersAction,5
_ActionsContainer,5
_registries,5
mutex_group,5
conflicting_actions,5
Parsers,5
exit_on_error,5
arg_string_pattern_parts,5
option_tuples,5
option_prefix,5
deactivate,5
incorporating,5
Beware,5
monomorphic_operator,5
delegating,5
dinv,5
_richcmp,5
vrmf,5
bos,5
mp64,5
awk,5
build_date,5
common_files,5
NoSuchMailboxError,5
NotEmptyError,5
message_from_bytes,5
_append_newline,5
_dump_message,5
_toc_mtimes,5
get_date,5
dominant_subpath,5
skewed,5
TOC,5
_pending_sync,5
_pre_message_hook,5
_mboxMMDF,5
all_sequences,5
babyl,5
body_start,5
_type_specific_attributes,5
_from,5
xstatus_flags,5
freeing,5
_have_functions,5
statvfs,5
his,5
removedirs,5
execvp,5
execvpe,5
supports_bytes_environ,5
_Environ,5
decodekey,5
decodevalue,5
_spawnvef,5
_declstringlit_match,5
ENTITY,5
Office,5
Caldera,5
_syscmd_ver,5
win16,5
CurrentType,5
ProductVersion,5
vm_name,5
vm_release,5
vm_vendor,5
Fold,5
_os_release_cache,5
FMT_XML,5
public_id,5
end_array,5
_undefined,5
offset_size,5
_ref_size,5
offset_table_offset,5
_object_offsets,5
_read_object,5
_objlist,5
_FORMATS,5
fix_sentence_endings,5
punct,5
tbar,5
space_left,5
_glob1,5
usercustomize,5
customizations,5
Prefixes,5
addsitedir,5
_get_path,5
system_site,5
uuid1,5
RFC_4122,5
sbin,5
administered,5
cards,5
_ifconfig_getnode,5
arp,5
_windll_getnode,5
synopsis,5
pythonX,5
PYTHONDOCS,5
stripid,5
_repr_instance,5
fgcol,5
prelude,5
marginalia,5
filelink,5
Revision,5
xDFFF,5
plainpager,5
use_pager,5
BASICMETHODS,5
DocServer,5
docserver,5
Topics,5
_key_from_fd,5
_selector_cls,5
POLLIN,5
POLLOUT,5
max_ev,5
_can_use,5
_sentinel_dict,5
literal_text,5
funcobj,5
_maybe_open,5
new_archive,5
first_2,5
MAIN,5
UnixStreamServer,5
UnixDatagramServer,5
BaseRequestHandler,5
ThreadingTCPServer,5
poll_interval,5
verify_request,5
service_actions,5
socket_type,5
__shutdown_request,5
SHUT_WR,5
downside,5
regularly,5
wbufsize,5
packets,5
active_count,5
CTRL,5
_parties,5
Active,5
_set_native_id,5
uncaught,5
old_excepthook,5
introduction,5
default_number,5
local_ns,5
directs,5
format_time,5
getincrementaldecoder,5
REPLACEMENT,5
namereplace,5
_PY_VERSION_SHORT,5
unresolved,5
pydebug,5
_temp,5
suspicious,5
_b32tab2,5
_b32rev,5
b32tab2,5
quanta,5
padchars,5
_a85chars2,5
framed,5
_b85chars2,5
set_location,5
frame_returning,5
user_return,5
returnframe,5
do_clear,5
__return__,5
PosixPath,5
root2,5
parts2,5
MSDN,5
bpath,5
_make_child_relpath,5
as_uri,5
grouprefpos,5
ELSE,5
sigh,5
_parse_sub,5
setappend,5
lappend,5
OptParseError,5
check_choice,5
DIRECT,5
BUSINESS,5
ADVISED,5
POSSIBILITY,5
SUCH,5
DAMAGE,5
format_epilog,5
check_builtin,5
convert_value,5
format_option_help,5
process_default_values,5
disable_interspersed_args,5
set_default,5
get_prog_name,5
wordmap,5
compfunc,5
colwidths,5
GNU_FORMAT,5
PAX_FORMAT,5
DEFAULT_FORMAT,5
POSIX_MAGIC,5
LENGTH_NAME,5
AREGTYPE,5
SUPPORTED_TYPES,5
o200,5
o111,5
gettarinfo,5
frombuf,5
isextended,5
fromtarfile,5
fallback_encoding,5
copybufsize,5
Appending,5
getnames,5
Excluded,5
unfiltered,5
makedev,5
StatsProfile,5
newstats,5
clist,5
solves,5
Regardless,5
set_blocking,5
SEMI,5
RIGHTSHIFT,5
ASYNC,5
_posix_lib,5
PickleError,5
file_readline,5
Protect,5
Pickling,5
save_global,5
load_newobj,5
u0000,5
_Unpickler,5
_unframer,5
list_obj,5
_dumps,5
IPv6Interface,5
dedup,5
_IPAddressBase,5
exploded,5
_split_addr_prefix,5
_address_fmt_re,5
partly,5
subnet,5
is_multicast,5
is_link_local,5
manipulates,5
best_doublecolon_start,5
best_doublecolon_len,5
doublecolon_start,5
doublecolon_len,5
F800,5
Seed,5
WEBP,5
readahead,5
nodata_val,5
crlf,5
Conversely,5
_read_chunk,5
skip_back,5
bytes_fed,5
_all_string_prefixes,5
Triple,5
triple_quoted,5
perror,5
log_rounds,5
SCOPE_OFF,5
SCOPE_MASK,5
is_free,5
__scope,5
__namespaces,5
line_prefix,5
_previous_sigint_handler,5
commands_bnum,5
_error_exc,5
decremented,5
Oldest,5
do_run,5
_user_requested_quit,5
LargeZipFile,5
structEndArchive,5
create_system,5
_end_offset,5
_crctable,5
_read1,5
_file_size,5
_compress_size,5
Successfully,5
_allowZip64,5
_fileRefCnt,5
offset_cd,5
zinfo_or_arcname,5
_get_codename,5
archivename,5
FastLookup,5
__lookup,5
_ZLIB_SUPPORTED,5
_BZ2_SUPPORTED,5
_LZMA_SUPPORTED,5
disk_usage,5
outfd,5
_nop,5
_copytree,5
linkto,5
_make_tarball,5
_unpack_tarfile,5
X_OK,5
YIELD_FROM,5
COMPARE_OP,5
Dragon,5
SMTPAuthenticationError,5
challenges,5
_host,5
command_encoding,5
nonnumeric,5
ehlo_or_helo_if_needed,5
send_message,5
Bcc,5
asserted,5
getaddresses,5
cgitb,5
Backslash,5
new_string,5
lexicon,5
conformed,5
_binary_ops,5
msgid,5
masteridx,5
transidx,5
encourages,5
_PY_SOURCE,5
newname,5
globalnames,5
find_head_package,5
new_filename,5
default_netrc,5
encodestring,5
_combine_flags,5
tolower,5
skipyes,5
rmcmd,5
_UNIVERSAL_CONFIG_VARS,5
_INITPRE,5
stripArch,5
argvar,5
old_group,5
all_frames,5
_CacheInfo,5
Formerly,5
oldroot,5
_c3_mro,5
abstract_bases,5
_find_impl,5
REGEXP,5
_ERR_MSG,5
C_BUILTIN,5
load_dynamic,5
raise_conversion_error,5
u05d4,5
u05d5,5
u05d6,5
u05d7,5
u05d8,5
u05da,5
u05db,5
u05dc,5
u05dd,5
u05de,5
u05df,5
u05e0,5
u05e1,5
u05e3,5
u05e4,5
u05e5,5
u05e6,5
u05e7,5
u05e9,5
x0106,5
x0107,5
x0142,5
x0141,5
x0118,5
x0160,5
x0119,5
x0161,5
x0143,5
x0144,5
zlib_codec,5
u0652,5
u0621,5
u0622,5
u0623,5
u0624,5
u0625,5
u0626,5
u0627,5
u0628,5
u0629,5
u062a,5
u062b,5
u062c,5
u062d,5
u062e,5
u062f,5
u0630,5
u0631,5
u0632,5
u0633,5
u0634,5
u0635,5
u0636,5
u0637,5
u0638,5
u0639,5
u063a,5
u0642,5
u0643,5
u0644,5
u0645,5
u0646,5
u0647,5
u0648,5
u0649,5
u064c,5
u064d,5
u064e,5
u064f,5
u0650,5
u200f,5
u0384,5
u03b0,5
ace_prefix,5
RandAL,5
u0e30,5
u0e32,5
u0e3a,5
u0e46,5
u0e4e,5
u0e50,5
u0e59,5
u0162,5
u0163,5
cp1140,5
u0405,5
u040b,5
u040c,5
u0455,5
u045b,5
u045c,5
DEL,5
DLE,5
DC1,5
DC2,5
HERE,5
IND,5
ACK,5
EOT,5
mac_iceland,5
mac_turkish,5
u0491,5
u0490,5
DDAL,5
u0660,5
u06d5,5
x0131,5
x2018,5
x0388,5
x0391,5
x0392,5
x0394,5
x0395,5
x0396,5
x0397,5
x0399,5
x039a,5
x039b,5
x039c,5
x039d,5
x039e,5
x039f,5
x03a0,5
x03a1,5
x03a4,5
x03a5,5
x03a7,5
x03a8,5
x03b3,5
x03b6,5
x03b7,5
x03b8,5
x03b9,5
x03ba,5
x03bb,5
x03bc,5
x03bd,5
x03be,5
x03bf,5
x03c1,5
x03c2,5
x03c5,5
x03c7,5
x03c8,5
x03c9,5
cp737,5
cp855,5
euc_jisx0213,5
gb18030,5
utf16,5
ESCAPE_DCT,5
xdc00,5
_one_shot,5
_floatstr,5
_item_separator,5
_intstr,5
_CONSTANTS,5
_load_file,5
countries,5
Transition,5
doy,5
reset_tzpath,5
InvalidTZPathWarning,5
tz_root,5
open_binary,5
abbr_vals,5
yield_expression,5
attributeref,5
augtarget,5
expressing,5
with_stmt,5
a_expr,5
Floor,5
shift_expr,5
xor_expr,5
and_test,5
keyword_item,5
Programmer,5
Compound,5
while_stmt,5
try_stmt,5
Managers,5
case_block,5
Tutorial,5
as_pattern,5
sequence_pattern,5
mapping_pattern,5
class_pattern,5
emphasize,5
star_pattern,5
Lambdas,5
informal,5
Py_ssize_t,5
abnormally,5
FAQ,5
starred_item,5
Presence,5
Multiplication,5
Shifts,5
frameworks,5
parameterization,5
class_of_obj,5
lowercasing,5
Numeric_Type,5
Splitting,5
Consequently,5
distinguished,5
dishes,5
sausage,5
recipe,5
_PACKAGE_NAMES,5
_PACKAGES,5
shouldStop,5
wasSuccessful,5
assert_called,5
assert_any_call,5
_mock_side_effect,5
AsyncMockMixin,5
_spec_as_instance,5
_mock_add_spec,5
inner_mock,5
_spec_asyncs,5
_get_child_mock,5
_extract_mock_name,5
m_name,5
nExpected,5
_calls_repr,5
mock_call_name,5
has_local,5
additional_patchers,5
decorate_async_callable,5
decorate_callable,5
temp_original,5
MagicMixin,5
all_awaits,5
len_other,5
file_spec,5
shutdown_default_executor,5
BaseTestSuite,5
_classSetupFailed,5
currentModule,5
trunk,5
_FailedTest,5
_jython_aware_splitext,5
three_way_cmp,5
use_load_tests,5
loadTestsFromName,5
parts_copy,5
_get_name_from_path,5
should_recurse,5
defaultTestLoader,5
makeSuite,5
_MIN_COMMON_LEN,5
_Mismatch,5
_subtest_msg_sentinel,5
first_matching,5
_AssertLogsContext,5
_truncateMessage,5
FunctionTestCase,5
_main_parser,5
registerResult,5
old_level,5
Req,5
______,5
ImproperConnectionState,5
VCHAR,5
HTAB,5
_is_legal_header_name,5
Reason,5
_read_status,5
nonsensical,5
_http_vsn,5
_get_content_length,5
one_value,5
origins,5
MSIE,5
LWPCookieJar,5
CookiePolicy,5
MISSING_FILENAME_TEXT,5
_warn_unhandled_exception,5
request_host,5
get_full_url,5
eff_request_host,5
set_ok,5
path_return_ok,5
hide_cookie2,5
strict_rfc2965_unverifiable,5
strict_ns_unverifiable,5
_blocked_domains,5
_allowed_domains,5
is_blocked,5
tld,5
sld,5
gov,5
HTTPCookieProcessor,5
LWP,5
attrs_set,5
cookie_tuples,5
bad_cookie,5
ns_hdrs,5
httponly,5
Fielding,5
log_request,5
Serve,5
translate_path,5
head_parts,5
is_python,5
HTTP_,5
handler_class,5
Malley,5
Dave,5
_has_control_character,5
TYPE_ATTRIBUTE,5
brew,5
Detected,5
binutils,5
redhat,5
exploring,5
_parse_template_line,5
stringent,5
varied,5
compilations,5
set_runtime_library_dirs,5
granularity,5
punting,5
lbar,5
_store_pypirc,5
bombs,5
slurp,5
Mixin2to3,5
FrameworkDir,5
moderately,5
_is_gcc,5
atid,5
Applications,5
EXEC_PREFIX,5
configure_cppflags,5
coincidence,5
worthwhile,5
reinitialized,5
_dry_run,5
SxS,5
VC7,5
KEY_READ,5
PLAT_SPEC_TO_RUNTIME,5
x86_arm,5
x86_arm64,5
runtimes,5
newer_pairwise,5
GHSKFJDLGDS7543FJKLFHRE75642756743254,5
PyInit_,5
RTLD_GLOBAL,5
RTLD_LOCAL,5
build_libraries,5
unix_local,5
Transformation,5
director,5
uselessly,5
dist_version,5
convert_paths,5
clue,5
PURELIB,5
privileged,5
dialogs,5
Reinstall,5
Factored,5
manifest_only,5
system_message,5
influenced,5
disable_existing_loggers,5
MemoryHandler,5
addFilter,5
BaseRotatingHandler,5
rotation_filename,5
dayOfWeek,5
baseName,5
timeTuple,5
NTP,5
crit,5
ntp,5
logtype,5
flushLevel,5
Initialise,5
BASIC_FORMAT,5
lastResort,5
asctime_search,5
rsa,5
Formatters,5
Filterer,5
Boilerplate,5
mistakenly,5
swallow,5
contributor,5
create_if_needed,5
python_exe,5
relative_symlinks_ok,5
Executes,5
preferences,5
PYTHONHOME,5
dstdir,5
register_adapter,5
Masinter,5
WHATWG,5
uses_relative,5
gopher,5
shttp,5
sftp,5
uses_params,5
_parse_cache,5
_hostinfo,5
_NetlocResultMixinStr,5
_hextobyte,5
parsed_result,5
attack,5
relaxed,5
_typeprog,5
_hostprog,5
_portprog,5
splitquery,5
splitvalue,5
_splitvalue,5
HTTPDigestAuthHandler,5
CacheFTPHandler,5
HTTPDefaultErrorHandler,5
HTTPPasswordMgrWithDefaultRealm,5
FancyURLopener,5
cadefault,5
handle_open,5
default_classes,5
Recover,5
reduce_uri,5
http_request,5
parse_http_list,5
proxy_auth_hdr,5
localfile,5
relocated,5
open_,5
proxy_auth,5
auth_cache,5
get_user_passwd,5
_localhost,5
_ftperrors,5
_noheaders,5
hostonly,5
sitemaps,5
useragents,5
Dev,5
_set_attribute_node,5
has_internal_subset,5
_finish_end_element,5
createProcessingInstruction,5
cheat,5
isSameNode,5
startContainer,5
whatToShow,5
_old_start,5
_old_end,5
FragmentBuilder,5
_ns_ordered_prefixes,5
_ensure_attributes,5
START_ELEMENT,5
pending_events,5
_xmlns_attrs,5
fatalError,5
bring,5
cloneNode,5
_user_data,5
qName,5
_get_name,5
_get_elem_info,5
schemaType,5
setNamedItem,5
getAttribute,5
unlinked,5
Childless,5
CharacterData,5
name_or_tuple,5
DOMImplementation,5
external_parameter_entities,5
external_general_entities,5
validate_if_schema,5
_name_xform,5
getFeature,5
baseURI,5
snode,5
SAXParseException,5
DTDHandler,5
EntityResolver,5
_ent_handler,5
setErrorHandler,5
setProperty,5
AttributesImpl,5
feature_validation,5
feature_namespace_prefixes,5
feature_external_ges,5
feature_external_pes,5
feature_string_interning,5
property_xml_string,5
property_interning_dict,5
_ref,5
apair,5
processors,5
Driver,5
default_parser_list,5
_create_parser,5
tostringlist,5
BOTH,5
shadowing,5
serializes,5
c14n,5
child_indentation,5
pullparser,5
element_factory,5
insert_comments,5
insert_pis,5
_tail,5
fixname,5
_prefix_map,5
_pending_start,5
_escape_cdata_c14n,5
parsed_qnames,5
_isinstance,5
surprise,5
select_negated,5
XInclude,5
_include,5
socket_helper,5
unload,5
bind_port,5
captured_stdout,5
RefClass,5
attribute2,5
OtherClass,5
args_from_interpreter_flags,5
is_resource_enabled,5
pgo_extended,5
nwarmup,5
saved_test_environment,5
is_failed,5
ChildError,5
setup_tests,5
PROGRESS_UPDATE,5
ExitThread,5
_kill,5
display_result,5
accumulate_result,5
cancel_dump_traceback_later,5
save_env,5
clear_caches,5
EnvChanged,5
nottests,5
abstest,5
test_bytes,5
test_decimal,5
RLIMIT_NOFILE,5
fd_limit,5
dash_R_cleanup,5
Processor,5
QueryInfoKey,5
_query,5
orig_unraisablehook,5
orig_threading_excepthook,5
testsuite_xml,5
alltests,5
Euro,5
codepage,5
_can_symlink,5
_can_xattr,5
waitall,5
dir_created,5
sysconf,5
EADDRINUSE,5
EADDRNOTAVAIL,5
_isolated,5
_testcapi,5
err_string,5
_1G,5
watchdog,5
accept_func,5
ignore_func,5
_is_android_emulator,5
pid2,5
_iso8601_format,5
WRAPPERS,5
unmarshaller,5
end_value,5
FastParser,5
gzf,5
_use_builtin_types,5
send_request,5
get_host_info,5
make_connection,5
__handler,5
CGIXMLRPCRequestHandler,5
resolve_dotted_attribute,5
Enabling,5
_marshaled_dispatch,5
dispatch_method,5
Dispatches,5
dispatchers,5
server_documentation,5
server_title,5
ISOlat2,5
ISOdia,5
ISOamso,5
leftwards,5
frac12,5
larr,5
APL,5
ISOamsb,5
pound,5
U0001d51e,5
amalg,5
apos,5
U0001d49c,5
u2216,5
U0001d505,5
bigcap,5
bigcup,5
bigodot,5
bigoplus,5
bigotimes,5
bigvee,5
bigwedge,5
u20e5,5
U0001d539,5
bowtie,5
u224e,5
u224f,5
u2145,5
clubsuit,5
u2102,5
coprod,5
U0001d49e,5
Cup,5
dashv,5
ddagger,5
U0001d507,5
dfr,5
diamondsuit,5
u21d4,5
u21d2,5
u2225,5
downharpoonleft,5
downharpoonright,5
U0001d49f,5
u2242,5
U0001d50a,5
U0001d4a2,5
u210f,5
heartsuit,5
hookleftarrow,5
hookrightarrow,5
u2124,5
U0001d50d,5
U0001d4a5,5
U0001d4a6,5
u2266,5
lessapprox,5
lesssim,5
Longleftarrow,5
longleftarrow,5
Longleftrightarrow,5
longleftrightarrow,5
longmapsto,5
Longrightarrow,5
mapsto,5
mcy,5
u2115,5
NewLine,5
u2226,5
u2282,5
U0001d4a9,5
u223c,5
u221d,5
U0001d514,5
U0001d4ac,5
u2192,5
u211d,5
setminus,5
U0001d516,5
sol,5
spadesuit,5
sqcap,5
sqcup,5
sqsubset,5
sqsupset,5
U0001d4ae,5
triangleq,5
upharpoonleft,5
upharpoonright,5
varphi,5
vdash,5
u22ee,5
u2118,5
U0001d51c,5
u2128,5
charref,5
handle_starttag,5
handle_endtag,5
_html5,5
x3e,5
_bakfile,5
mirroring,5
_modified,5
_verify_open,5
wsgi_input,5
wsgi_errors,5
wsgi_iterator,5
WSGIServer,5
FileWrapper,5
guess_scheme,5
tspecials,5
CGIHandler,5
read_environ,5
os_environ,5
Luckily,5
Bypass,5
smalltalk,5
self_get,5
_keep_positive,5
Lookups,5
_set_bootstrap_module,5
_relax_case,5
_path_isabs,5
adoption,5
rc2,5
_OPT,5
pycache_filename,5
pycache,5
base_filename,5
_NamespacePath,5
path_finder,5
_recalculate,5
MetadataPathFinder,5
_install,5
_init_module_attrs,5
_load_unlocked,5
is_reload,5
_sanity_check,5
alleviate,5
resource_path,5
MultiplexedPath,5
_RELOADING,5
cache_wrapper,5
apparent,5
method2,5
FreezableDefaultDict,5
sec1,5
bing,5
getfixture,5
locate_file,5
enumerates,5
discovering,5
legacy_normalized,5
_name_from_stem,5
MessageError,5
StartBoundaryNotFoundDefect,5
MultipartInvariantViolationDefect,5
UndecodableBytesDefect,5
NonPrintableDefect,5
terminology,5
herein,5
_pp,5
Atom,5
had_qp,5
get_encoded_word,5
remstr,5
get_qcontent,5
quoted_string,5
get_dot_atom_text,5
dot_atom_text,5
dot_atom,5
get_word,5
last_non_ws_was_dot,5
get_domain,5
RFC5322,5
no_fold_literal,5
mtoken,5
get_section,5
semi_valid,5
stringified,5
_steal_trailing_WSP_if_exists,5
encoded_part,5
newparts,5
encoded_word,5
_nonctext,5
input_codec,5
output_codec,5
charsets,5
_initial_size,5
add_get_handler,5
encode_rfc2231,5
get_output_charset,5
raw_items,5
append_param,5
subtly,5
newparams,5
_disp,5
message_factory,5
addrspec,5
format_datetime,5
_maintype,5
mktime_tz,5
military,5
LWS,5
sdlist,5
getdelimited,5
body_enc,5
this_line,5
_encoded_NL,5
experiment,5
_write_lines,5
munge_cte,5
_handle_text,5
_AddressList,5
NLCRE_eol,5
ftext,5
_parsegen,5
_pop_message,5
_parse_headers,5
capturing_preamble,5
_QUOPRI_BODY_MAP,5
sleepers,5
_SHM_NAME_PREFIX,5
h_map,5
Dynamically,5
_types_mapping,5
_offset_data_start,5
_offset_packing_formats,5
new_format,5
getfd,5
sharedctypes,5
reducer,5
HAVE_SEND_HANDLE,5
_new_value,5
SynchronizedBase,5
make_property,5
DupSocket,5
destination_pid,5
is_exiting,5
target_process,5
resource_sharer,5
_reduce_method,5
get_temp_dir,5
is_abstract_socket_namespace,5
minpriority,5
get_inherited_fds,5
connect_to_new_process,5
_preload_modules,5
preload,5
unused_fds,5
WINSERVICE,5
spawn_main,5
stolen,5
sys_argv,5
_check_readable,5
PIPE_ACCESS_DUPLEX,5
CreateNamedPipe,5
FILE_FLAG_FIRST_PIPE_INSTANCE,5
PIPE_WAIT,5
ConnectNamedPipe,5
ERROR_PIPE_BUSY,5
ready_objects,5
_ignore_epipe,5
_jointhread,5
real_stop,5
mapstar,5
stringification,5
apply_async,5
_map_async,5
imap_unordered,5
ApplyResult,5
taskqueue,5
worker_handler,5
result_handler,5
_error_callback,5
AsyncResult,5
_number_left,5
PID,5
accepter,5
gettypeid,5
DECREF,5
subnodes,5
was_changed,5
NodePattern,5
does_tree_import,5
_accept_type,5
ConditionalFix,5
skip_on,5
_should_skip,5
PatternSyntaxError,5
quintuple,5
parse_tokens,5
Refactoring,5
find_root,5
fix_,5
head_nodes,5
exec_function,5
processed_file,5
refactor_stdin,5
fxr,5
Wrote,5
block_lineno,5
line0,5
show_diffs,5
append_suffix,5
listmaker,5
ImportAndCall,5
consuming_calls,5
make_suite,5
insert_pos,5
leaf_to_root,5
rec_test,5
match_nodes,5
end_nodes,5
next_node,5
LOOKUP,5
open_args,5
future_builtins,5
except_clause,5
feel,5
containing_stmt,5
simple_expr,5
imp_name,5
significance,5
stmt_node,5
last_metaclass,5
meta_txt,5
pass_leaf,5
l_newargs,5
symbol2label,5
addtoken,5
isfinal,5
Bracket,5
endprogs,5
async_def_nl,5
idempotency,5
_OTHER_ENDIAN,5
LittleEndianStructure,5
BigEndianStructure,5
ULONG,5
USHORT,5
LPVOID,5
HINSTANCE,5
approaches,5
c_compiler,5
ia64,5
get_one_match,5
_CFuncPtr,5
_calcsize,5
_FUNCFLAG_CDECL,5
use_last_error,5
CFunctionType,5
_func_flags_,5
_FuncPtr,5
PyDLL,5
c_ssize_t,5
_HAS_IPv6,5
_format_pipe,5
addrinfos_by_family,5
_ssl_handshake_timeout,5
_serving,5
_wakeup,5
add_reader,5
wait_closed,5
_timer_cancelled_count,5
_stopping,5
_internal_fds,5
_exception_handler,5
_task_factory,5
Schedule,5
rawsock,5
_make_subprocess_transport,5
_log_destroy_pending,5
thread_name_prefix,5
happy_eyeballs_delay,5
laddr_infos,5
addr_pairs_info,5
addr_infos,5
fam,5
_add_callback,5
_wake_up_first,5
_get_function_source,5
remove_signal_handler,5
remove_writer,5
_test_selector_event,5
_loop_factory,5
_drain_waiters,5
_stream_reader_wr,5
_stream_reader,5
_maybe_resume_transport,5
winning,5
trio,5
_pending_data_length,5
_accept_futures,5
_unregister_task,5
_release_waiter,5
_cancel_and_wait,5
stdin_rfd,5
stdin_wh,5
stdout_rh,5
stderr_rh,5
_wakeup_next,5
opportunities,5
_DO_HANDSHAKE,5
_WRAPPED,5
_server_hostname,5
_incoming,5
feed_ssldata,5
close_notify,5
app_protocol,5
_on_handshake_complete,5
_transports,5
runners,5
_unregister_wait_cb,5
_unregister_wait,5
_WaitCancelFuture,5
_free_instances,5
_accept_pipe_future,5
loop_accept_pipe,5
event_loop,5
source_loop,5
BrokenExecutor,5
_Waiter,5
num_pending_calls,5
ref_collect,5
_global_shutdown,5
_ThreadWakeup,5
_ResultItem,5
BrokenProcessPool,5
Processes,5
_call_queue,5
terminfo,5
addch,5
backyx,5
setupterm,5
_overload_registry,5
annotation_origin,5
mutable_keys,5
greet,5
original_evaluated,5
_DefaultMixin,5
_backported_typevarlike,5
_EllipsisDummy,5
Reveal,5
Revealed,5
original_new,5
TypeVarLikes,5
__type_params__,5
editors,5
_CapsuleType,5
urllib_error,5
_globs_,5
PATH_PLACEHOLDER,5
_EditableNamespaceFinder,5
Callables,5
_NativeIntMeta,5
reading_trailer_comments,5
iptc_im,5
DCTDecode,5
ImageB,5
Predictor,5
ImageC,5
is_appending,5
im_sequence,5
ExtraSamples,5
CFAPattern,5
UNDONE,5
Contrast,5
LIBTIFF_CORE,5
PIXAR,5
_read_token,5
_comment_spans,5
in_byte_count,5
QIODevice,5
qt_openmode,5
bytes_per_line,5
_Palm8BitColormapValues,5
true_color_offset,5
register_handler,5
HDF5StubImageFile,5
MIC,5
si32,5
PsdImageFile,5
_min_frame,5
FlashPix,5
YCC,5
PdfFormatError,5
contiguous_keys,5
dam,5
page_ref,5
read_indirect,5
expect_indirect,5
new_entry,5
check_codec,5
read_32,5
sizesq,5
read_mk,5
SIZES,5
_webp,5
__physical_frame,5
kmin,5
kmax,5
jfif_unit,5
jfif_density,5
xFFE2,5
brighter,5
xFFEF,5
libjpeg,5
_getmp,5
max_data_bytes_in_marker,5
dlig,5
FLIP_TOP_BOTTOM,5
ROTATE_180,5
XDG_DATA_DIRS,5
first_font_with_a_different_extension,5
walkfilename,5
PERF203,5
wBlAJr,5
compress_level,5
range_map,5
range_map1,5
range_map2,5
MESH,5
cazabon,5
bleed_pixels,5
output_ratio,5
crop_width,5
crop_height,5
MpegImageFile,5
QoiImageFile,5
_pushes_fd,5
__mpoffsets,5
mpo,5
BufrStubImageFile,5
isSpiderHeader,5
FITS,5
darker,5
Superimposes,5
ImageChops,5
hlen,5
xsiz,5
csiz,5
npc,5
jp2,5
image_or_list,5
res_max,5
thumbnail_offset,5
Err,5
headlen,5
palette_padding,5
b_mask,5
a_mask,5
bitfields,5
byte_count,5
PSDraw,5
setfont,5
currentdict,5
setgray,5
ImageOps,5
BITSPERSAMPLE,5
PHOTOMETRIC_INTERPRETATION,5
SAMPLESPERPIXEL,5
STRIPBYTECOUNTS,5
RESOLUTION_UNIT,5
group3,5
stripoffsets,5
footprint,5
bps_count,5
inverted_im,5
readShort,5
Hidden,5
numpy_table,5
ch_out,5
LUMINANCE,5
DX10,5
BC5S,5
DdsImageFile,5
BC5,5
b1100,5
pixel_flags,5
x000000FF,5
BDF,5
displacement,5
textbbox,5
_getformat,5
encoding_offset,5
McIdas,5
_Enhance,5
GribStubImageFile,5
max_threads,5
FLI,5
im_cropped,5
session_type,5
PILLOW_VERSION,5
EXTENT,5
WEB,5
MEDIANCUT,5
FASTOCTREE,5
SAVE_ALL,5
SgiImagePlugin,5
TgaImagePlugin,5
packs,5
delete_trns,5
srgb,5
kmeans,5
libimagequant,5
palette_data,5
alpha_only,5
maxcolors,5
exif_info,5
xmp_tags,5
flatLut,5
Expands,5
factor_x,5
factor_y,5
f00,5
warp,5
set_alignment,5
GPS,5
libjpeg_turbo_version,5
version_feature,5
MspImageFile,5
Attribution,5
runcount,5
FreeMono,5
coord_at_angle,5
stroke_ink,5
current_angle,5
alpha_encoding,5
UNCOMPRESSED,5
BlpImageFile,5
_alpha_encoding,5
_Wrap,5
ImageMath,5
LOADING_STRATEGY,5
global_palette,5
dispose_bits,5
_Palette,5
background_im,5
include_color_table,5
ppmtogif,5
quant_proc,5
optimise,5
info_background,5
pyCMSdll,5
proofRenderingIntent,5
x0200,5
dye,5
INTERNAL,5
WmfStubImageFile,5
xdpi,5
War,5
mipmap_size,5
eventloop,5
graylevel,5
b22,5
fuchsia,5
lightgreen,5
orchid,5
palegreen,5
peachpuff,5
silver,5
_imagingmath,5
notequal,5
IFUNC,5
ImImageFile,5
Depth,5
zTXt,5
OP_BACKGROUND,5
OP_PREVIOUS,5
composited,5
tEXt,5
IHDR,5
PngStream,5
im_text,5
im_size,5
rewind_state,5
chunklen,5
fcTL,5
XBM,5
interchangeable,5
Rating,5
D65,5
XpmImageFile,5
x3b,5
provided_im,5
parse_warning_filter,5
pytest_plugin_registered,5
pytest_cmdline_parse,5
pytest_itemcollected,5
pytest_collection_finish,5
warn_on_impl_args,5
pytest_runtest_logstart,5
pytest_fixture_setup,5
Hooks,5
pytest_report_collectionfinish,5
SKIPPED,5
pytest_keyboard_interrupt,5
_nodeid,5
gethookproxy,5
get_closest_marker,5
excludepath,5
_initialpaths,5
Collectors,5
add_report_section,5
versioning,5
PytestAssertRewriteWarning,5
PytestCollectionWarning,5
PytestUnraisableExceptionWarning,5
strict_xfail,5
evaluate_xfail_marks,5
XFAIL,5
ThreadExceptionMeta,5
last_cache_date_str,5
cached_dict,5
getfuncargnames,5
safe_isclass,5
MARKED_FIXTURE,5
_FixtureFunc,5
FixtureManager,5
getfixturemarker,5
_arg2scope,5
items_deque,5
no_argkey_items,5
slicing_argkey,5
furthest,5
_fixture_defs,5
_check_scope,5
requested_fixturedef,5
requested_scope,5
nofuncargs,5
_autouse,5
_finalizers,5
my_cache_key,5
fixture_function_marker,5
_fixture_function,5
Fixtures,5
parentnode,5
fixturenames_closure,5
CHECKER_CLASS,5
DoctestModule,5
DoctestTextfile,5
DoctestItem,5
_initrequest,5
from_exc_info,5
usepdb,5
remove_prefixes,5
fault_handler_original_stderr_fd_key,5
exit_on_timeout,5
_getfailureheadline,5
UnraisableMeta,5
is_async_function,5
UnitTestCase,5
newinstance,5
_explicit_tearDown,5
TWISTED_RAW_EXCINFO_ATTR,5
twisted_version,5
_repr_compare,5
_yield_comparisons,5
get_value_from_nested_list,5
_as_numpy_array,5
vetted_tolerance,5
relative_tolerance,5
asymmetric,5
log_passing_tests,5
junit_family,5
record_testsuite_property,5
node_reporters,5
open_reports,5
get_unpacked_marks,5
_getobj,5
init_mod,5
id_suffixes,5
_idval_from_value,5
Parts,5
argvalue,5
OverrideIniAction,5
PathAwareHookProxy,5
collect_one_node,5
Processed,5
debugconfig,5
initstate,5
_do_configure,5
USAGE_ERROR,5
ignore_paths,5
ignore_globs,5
path_,5
collection_args,5
CouldNotResolvePathError,5
_import_module_using_spec,5
module_parts,5
teardown_exact,5
_update_current_test_var,5
mod2,5
caplog_records_key,5
color_opts,5
LEVEL,5
log_file_mode,5
_HandlerType,5
_initial_handler_level,5
set_level,5
WarningsChecker,5
capsysbinary,5
Deprecate,5
Decrease,5
import_plugin,5
WarningReport,5
_main_color,5
_known_types,5
_keyboardinterrupt_memo,5
ensure_newline,5
write_raw,5
warning_reports,5
needed_opt,5
_outrep_summary,5
main_markup,5
_get_node_id_with_markup,5
unknown_types,5
found_type,5
pluralize,5
collected_output,5
_emit_progress,5
LFPlugin,5
_skipped_files,5
cached_nodeids,5
stringify_exception,5
_diff_text,5
i_rem,5
successful_str,5
subexcs,5
cached_param,5
delenv,5
_setattr,5
undoes,5
ns_pkg,5
autocomplete,5
pdbcls,5
_wrapped_pdb_cls,5
_retention_policy,5
temproot,5
rootdir_stat,5
make_hook_recorder,5
makeini,5
cmdlineargs,5
runpytest_inprocess,5
runpytest_subprocess,5
IniConfig,5
leaked_files,5
inamepart,5
getfailures,5
__saved,5
PYTEST_ADDOPTS,5
_fail,5
entry_data,5
Emscripten,5
PYTEST_PLUGINS,5
debugfile,5
indent_len,5
_format_repr_exception,5
DEFAULT_REPR_MAX_SIZE,5
Purple,5
x200B,5
asian,5
fullsource,5
cur_,5
ReprTracebackNative,5
entry_path,5
TWMock,5
_PLUGGY_DIR,5
NOT_SET,5
current_overrides,5
ConfigDict,5
load_config_dict_from_file,5
toml_text,5
PluginManager,5
must_warn,5
_confcutdir,5
Blocking,5
warning_text,5
required_plugins,5
required_plugin,5
global_level,5
EBUSY,5
_statcache,5
_osstatresult,5
strself,5
mypid,5
udir,5
appveyor,5
all_kwargs,5
requested_mark,5
consider_mro,5
optimisation,5
stackcnt,5
issequence,5
left_repr,5
faulty,5
_set_one_sided_diff,5
_marked_for_rewrite_cache,5
get_cache_dir,5
_should_repr_global_name,5
is_or,5
expls,5
variable_counter,5
circuiting,5
arg_expls,5
left_res,5
next_expl,5
final_line,5
actionable,5
NULL_OBJECTS,5
NP_NAT_OBJECTS,5
TIMEZONES,5
TIMEZONE_IDS,5
parametrize_fixture_doc,5
utc_fixture2,5
OBJECT_DTYPES,5
DATETIME64_DTYPES,5
TIMEDELTA64_DTYPES,5
FLOAT_PYARROW_DTYPES_STR_REPR,5
HANDLERS,5
full_tag,5
plus_or_dot,5
_ArrayLikeInt_co,5
ListLike,5
TimestampConvertibleTypes,5
ConvertersArg,5
ParseDatesArg,5
FuncType,5
AggObjType,5
_get_filepath_or_buffer,5
ReadPickleBuffer,5
SingleManager,5
PositionalIndexer2D,5
HTMLFlavors,5
_missing_dependencies,5
is_numpy_dev,5
_built_with_meson,5
normalize_i8_timestamps,5
tz_convert_from_utc_single,5
periods_per_second,5
interp1d,5
PeriodIndexResampler,5
_get_grouper,5
_get_timestamp_range_edges,5
freq_mult,5
first_ts,5
last_ts,5
localizing,5
foffset,5
loffset,5
fresult_int,5
lresult_int,5
agg_or_apply_list_like,5
agg_or_apply_dict_like,5
apply_empty_result,5
col_idx_order,5
ScalarResult,5
mangle,5
is_dict,5
StructAccessor,5
SparseAccessor,5
unpack_1tuple,5
INFO_DOCSTRING,5
interval_values,5
Decorated,5
misalignment,5
Compat,5
get_rows_with_mask,5
_is_view,5
Repeating,5
Newly,5
Lazily,5
IntegerNA,5
Correlation,5
nancov,5
autocorrelation,5
to_append,5
try_float,5
populations,5
fill_binop,5
_delegate_property_set,5
_add_delegate_accessors,5
geographic,5
Cartopy,5
nonna,5
allow_nearest,5
interpolate_2d_inplace,5
extrapolation,5
pad_or_backfill_inplace,5
_fillna_prep,5
_fill_limit_area_1d,5
f_idx,5
unique_label_indices,5
decons_obs_group_ids,5
test_sort_values_key,5
labs,5
__frozen,5
_internal_names,5
imum,5
arithmetic_op,5
sid_vars,5
zst,5
maxima,5
_AXIS_TO_AXIS_NUMBER,5
levels_to_drop,5
labels_to_drop,5
upfront,5
Indicator,5
ser_empty,5
nbconvert,5
dialects,5
df_multiindex,5
float_format_,5
staff,5
sliceable,5
idelete,5
temp_fahrenheit,5
index_labels_to_array,5
index_labels,5
Firefox,5
response_time,5
_reindex_multi,5
weighting,5
subtract_national_insurance,5
dtype_ser,5
_NoDefault,5
_replace_columnwise,5
replace_regex,5
fillna_methods,5
Assigns,5
include_start,5
Reindex,5
morning,5
afternoon,5
rankings,5
DatetimeIndexes,5
misaligned,5
orig_freq,5
Shanghai,5
Descriptive,5
_cnum_doc,5
_stat_func_see_also,5
_bn_ok_dtype,5
maybe_operate_rowwise,5
_maybe_arg_null_out,5
_zero_out_fperr,5
non_nulls,5
Operands,5
accum_func,5
mask_a,5
mask_b,5
rangeindex,5
timedeltaindex,5
categoricalindex,5
materialize,5
check_key_length,5
nested_data_to_arrays,5
treat_as_nested,5
get_console_size,5
howto,5
wld,5
EtreeXMLFormatter,5
LxmlXMLFormatter,5
col_mgr,5
is_mi,5
_sanitize_column,5
cols_droplevel,5
iindex,5
Portland,5
Bullwhip,5
Grade,5
Mammals,5
Carnivore,5
_arith_op,5
lcols,5
combiner,5
aggregates,5
df_multi_level_cols2,5
Merging,5
Estimation,5
Pairwise,5
has_keepdims,5
_UFunc_Nin2_Nout1,5
_LocIndexer,5
_valid_types,5
_convert_to_indexer,5
wrt,5
lplane_indexer,5
sub_indexer,5
plane_indexer,5
curr_dtype,5
single_aligner,5
_MINIMUM_COMP_ARR_LEN,5
ismember,5
npresult,5
l_count,5
map_infer,5
is_bool_array,5
all_none,5
qtconsole,5
max_info_rows,5
use_mathjax,5
_xlsm_options,5
_xlsx_options,5
_ods_options,5
quantile_compat,5
masked_accumulations,5
otypes,5
rownames_mapper,5
colnames_mapper,5
dup_names,5
max_ndim,5
empties,5
removed_name,5
num_cells,5
rlocs,5
ccodes,5
__placeholder__,5
column_codes,5
abca,5
sp_indices,5
data_to_decode,5
tile_compat,5
_factorizers,5
ObjectFactorizer,5
_validate_operand,5
cross_col,5
lby,5
Designed,5
_validate_left_right_on,5
_indicator_name,5
left_key,5
right_key,5
get_join_indexers,5
right_join_indexer,5
left_by_values,5
right_by_values,5
lany,5
rany,5
_round_frac,5
num_cols_adjusted,5
pivot_cols,5
index_growth_sign,5
ExponentialMovingWindowIndexer,5
target_len,5
sequence_to_td64ns,5
infer_time_format,5
time_object,5
maybe_convert_dtype,5
_guess_datetime_format_for_array,5
_maybe_cache,5
datamodel,5
_numba_data,5
lowered,5
object_getattr_string,5
objtype,5
float_dtype_mapping,5
sliding_sum,5
grouped_sum,5
sliding_mean,5
grouped_mean,5
common_dtype_categorical_compat,5
dtypes_all_equal,5
any_ea,5
_get_result_dtype,5
iuf,5
recode,5
_categories,5
has_fill_value,5
_subtype_with_str,5
np_dtypes,5
ABCPeriodArray,5
_classes_and_not_datetimelike,5
is_all_strings,5
is_ea_or_datetimelike_dtype,5
valid_dtype,5
_astype_nansafe,5
astype_array_safe,5
new_numpy_dtype,5
_maybe_promote,5
consolidation,5
_DTypeDict,5
validate_all,5
validate_mean,5
generate_regular_range,5
__richcmp__,5
_validate_td64_dtype,5
_scalar_divlike_op,5
_cast_divlike_op,5
_vector_divlike_op,5
iend,5
_get_dtype_mapping,5
values_object,5
_coerce_to_array,5
_extension_array_shared_docs,5
equal_values,5
indent_for_name,5
Reshaping,5
get_kind_from_how,5
_create_method,5
coerce_to_dtype,5
delta_to_tick,5
extract_ordinals,5
_add_timedelta_arraylike,5
FR_QTR,5
integer_op_not_supported,5
_get_i8_values_and_mask,5
UInt,5
to_numpy_dtype_inference,5
IntervalMixin,5
IntervalOrNA,5
_maybe_convert_platform_interval,5
_ensure_simple_new_inputs,5
Present,5
_str_isalnum,5
_str_isalpha,5
_str_isdecimal,5
_str_isdigit,5
_str_islower,5
_str_isnumeric,5
_str_isspace,5
_str_istitle,5
_str_isupper,5
iso_calendar_df,5
utf8_slice_codeunits,5
is_windows_or_32bit,5
arr_list,5
inferred_codes,5
_set_categories,5
not_included,5
levheader,5
levstring,5
_reverse_indexer,5
code_values,5
new_cat,5
old_categories,5
SparseIndexKind,5
left_sp_values,5
right_sp_values,5
sparse_op,5
sparse_array,5
_valid_sp_values,5
new_len,5
old_fill_indices,5
list_value_length,5
hotfix,5
ArrowTypeError,5
migrate,5
pa_indices,5
_to_datetimearray,5
_str_extract,5
split_pattern,5
REDUCTIONS,5
LOCAL_TAG,5
infix,5
rhs_rt,5
lhs_rt,5
UNARY_OPS_SYMS,5
pad_size,5
prettier,5
old_key,5
_TEST_MODE,5
_evaluate_standard,5
used_numexpr,5
Joint,5
bin_op,5
unary_ops,5
tokenized,5
GeneratorExp,5
op_instance,5
bop,5
unique_pcts,5
cur_frame,5
data_buff,5
sentinel_val,5
str_list,5
USE_NAN,5
ColumnBuffers,5
Unclear,5
date64,5
target_klass,5
_outer_indexer,5
outer_join_indexer,5
_no_setting_name,5
Int8Engine,5
_format_duplicate_message,5
_and_,5
trim_front,5
Able,5
_validate_index_level,5
_dti_setop_align_tzs,5
setops,5
left_diff,5
casted_key,5
is_index_slice,5
_raise_invalid_indexer,5
tractor,5
_join_level,5
left_lev_indexer,5
negates,5
_raise_if_missing,5
no_matches,5
no_steps,5
old_r,5
start_r,5
end_r,5
dtis,5
_maybe_convert_timedelta,5
_disallow_mismatched_indexing,5
attr_abbrev,5
_as_range_index,5
_can_range_setop,5
lslice,5
_can_fast_union,5
left_end,5
to_object_array_tuples,5
leg_num,5
sparsify_labels,5
sort_order,5
lead_key,5
test_partial_string_timestamp_multiindex,5
k_index,5
item_indexer,5
self_codes,5
recompute,5
time_obj,5
forbid,5
_get_series_list,5
union_mask,5
fuz,5
bao,5
caribou,5
a1a2,5
Golden,5
match_tuple,5
_hash_ndarray,5
num_groups,5
nkeys,5
reconstructed_codes,5
Aggregation,5
preserve_dtype,5
get_grouper,5
_all_grouper,5
_orig_cats,5
_uniques,5
group_idx,5
Groupers,5
result_a,5
_wrap_applied_output,5
b_min,5
Wrapping,5
group_names,5
_obj_1d_constructor,5
levels_list,5
_mask_selected_obj,5
fox,5
gorilla,5
OnlineExponentialMovingWindow,5
ewmcov,5
update_times,5
is_observation,5
roll_table,5
window_apply_parameters,5
prep_binary,5
num_levels,5
nuisance,5
rolling_indexer,5
zmask,5
should_extension_dispatch,5
xrav,5
see_also_desc,5
_common_examples_comparison_SERIES,5
df_examples,5
as_slice,5
dtype_future,5
dtypes_future,5
_slice_take_blocks_ax0,5
res_blks,5
slocs,5
old_len,5
_equal_values,5
check_ndim,5
obj_columns,5
fast_multiget,5
to_object_array,5
BaseArrayManager,5
new_indexer2D,5
to_concat_no_proxy,5
getitem_block_columns,5
referenced_blocks,5
set_inplace,5
oth,5
previous_loc,5
get_values,5
value_getitem,5
first_nb,5
Christmas,5
next_workday,5
previous_workday,5
filter_start_date,5
filter_end_date,5
calendar_class,5
USColumbusDay,5
USPresidentsDay,5
GoodFriday,5
Juneteenth,5
inferer,5
Weekly,5
_maybe_coerce_freq,5
_is_quarterly,5
class_instance,5
IncompatibilityWarning,5
q_arr,5
left_right_inclusive,5
new_arg_value,5
_docstring_components,5
Jason,5
cell_height,5
_get_cells,5
_make_table,5
col_df,5
_get_sys_info,5
_get_dependency_info,5
Deliberately,5
abusing,5
call_op,5
test_invalid,5
min_elements,5
scalar_result,5
MyAccessor,5
arr_obj,5
arr_float1_nan,5
arr_nan_2d,5
arr_float_nan_2d,5
check_results,5
targartempval,5
o_values,5
month_sums,5
test_factorize,5
__nan__,5
trues,5
seaborn,5
test_pipe,5
test_align_frame,5
ser_other_result,5
df2_is_view,5
df_nullable,5
indexer_func,5
mklbl,5
test_concat_series,5
_common_mismatch,5
s_nat,5
didx1,5
cls_and_kwargs,5
box_pandas_1d_array,5
adjust_negative_zero,5
mismatched_freq,5
xbox2,5
rev_box,5
assert_dtype,5
get_expected_name,5
zerodim,5
_NaT,5
dt64nat,5
exp_levels,5
result7,5
Multiindex,5
A2010,5
A2011,5
B2010,5
A11,5
wide_df,5
Sedan,5
get_expected,5
customer,5
firstname,5
res_na,5
x_a,5
aba,5
_check_merge,5
i1_,5
pnum,5
df_result_custom_name,5
test_validation,5
left_copy,5
right_copy,5
incompat,5
Enforced,5
on_index,5
right_empty,5
IDEA,5
from_date,5
on_cols_multi,5
cola,5
colb,5
colc,5
aaabbb,5
TestJoin,5
MergedA,5
wrong_type,5
lgroup,5
rgroup,5
exp_index2,5
sorted_keys,5
dfx,5
index_b,5
Monotonic,5
end_frame,5
df_columns,5
test_isna,5
test_pickle_roundtrip,5
Q05,5
test_constructor_corner,5
MONTH,5
tup2,5
ival_D_end_of_quarter,5
interval3,5
expected_timestamp,5
date_obj,5
too_low,5
utc_stamp,5
test_names,5
expected_day,5
expected_month,5
test_resolution,5
np_unit,5
expt,5
arg_class,5
pdtoday,5
test_dates,5
Melbourne,5
tsmax_in_days,5
test_dataframe,5
exp_now,5
err_message,5
series_length,5
naive_first,5
both_strs,5
fails_on_non_english,5
maybe_list_like,5
MyDataFrame,5
tsa,5
test_construction_from_string,5
wxyz,5
IntervalA,5
source_dtypes,5
init_args,5
test_nonzero,5
starwars,5
assert_level_reference,5
assert_label_values,5
test_validate_bool_args,5
test_align,5
test_concat,5
test_median,5
np_res,5
NumericOps,5
test_constructor_dtype,5
toarray,5
test_shape,5
sparse_dtype,5
s_sparse,5
test_mean,5
eloc,5
bresult,5
sp_array,5
EXTREME_VALUES,5
test_compare_scalar,5
test_compare_array,5
nName,5
string_view,5
DTYPE_HIERARCHY,5
fillna_kwargs,5
dt_cat,5
run_cell,5
BAC,5
test_isin_empty,5
U32,5
_all_locales,5
base_delta_code_pair,5
test_different_normalize_equals,5
testRollback1,5
testRollback2,5
testRollforward1,5
test_roll_date_object,5
makeFY5253NearestEndMonthQuarter,5
edgar,5
formtypeID,5
JNJ,5
offset_neg1,5
_hypothesis,5
utc_offset_standard,5
last_sat,5
Weekend,5
cday,5
_ARITHMETIC_DATE_OFFSET,5
_relativedelta_kwds,5
lhs_new,5
rhs_new,5
nlhs,5
_var_s,5
to_,5
dataBuf,5
decimal128,5
desc_cat,5
NCOLS,5
dict_null,5
ado,5
is_ser,5
res_deep,5
from_stream,5
should_be_view,5
gen2,5
row_one,5
row_two,5
preserver,5
check_views,5
as_td,5
CustomSeries,5
cdcd,5
WWXX,5
yzyz,5
ccddccdd,5
_check_mixed_int,5
idx_eq,5
exvals,5
value3,5
larger_series,5
missing_df,5
__idiv__,5
my_extra_data,5
is_windows_or_is32,5
bool_frame_with_na,5
expected_dt_series,5
expected_float_series,5
invalidates,5
exp_hair_stacked,5
aaaabbbb,5
period1,5
period2,5
Params,5
dict2,5
ISSUE,5
zip_frames,5
this_df,5
dfbool,5
test_len,5
test_deepcopy,5
EXPIRY,5
indexed_frame,5
original_columns,5
test_drop_duplicates,5
df_rev,5
nonContigFrame,5
cabe,5
index_df,5
test_combine_first,5
reordered_frame,5
fcopy2,5
sample1,5
routine2,5
renamed2,5
buzz1,5
fizz2,5
bas,5
expected_start,5
df_main_dtypes,5
test_rank,5
e60,5
a_id,5
nnat,5
_to_uni,5
whatsnew,5
csv_str,5
item_getter,5
float_frame_orig,5
df_reversed,5
list_of_nans,5
compute_quantile,5
no_overlap,5
index_0,5
bad_string,5
dt5,5
output_data,5
inferred_ts,5
Neutral,5
catX,5
c_1,5
col10,5
bool_col,5
_safe_add,5
E712,5
random_text,5
not_na,5
rw_df,5
ro_df,5
init_value,5
inconsistency,5
date_dt,5
spmatrix_t,5
Index1,5
arr_inds,5
jkl,5
aaaaaaa,5
non_complex_data,5
subidx,5
Stock,5
frame_random_data_integer_multi_index,5
m_idx,5
level0_value,5
df_flat,5
idx_unique,5
idx_unique_nan,5
dt_conv,5
test_is_monotonic,5
indexer_2014,5
non_comparable_idx,5
pm_local,5
TestRepeat,5
result_na,5
ConstructorTests,5
gained,5
subtype_end,5
test_cache,5
check_freq_ascending,5
check_sort_values_with_freq,5
check_sort_values_without_freq,5
Engines,5
carr,5
edate,5
rnum,5
nonmonotonic,5
exp_uniques,5
invalidating,5
t1c,5
tidx,5
first_list,5
second_list,5
abcaab,5
mi5,5
MyName1,5
MyName2,5
test_rjust,5
xxxjpgzzz,5
f_g,5
some_equal_splits,5
with_no_nans,5
fgh,5
to_type,5
BAD__,5
uno,5
dave,5
ab3,5
test_slice,5
any_allowed_skipna_inferred_dtype,5
foo_nom,5
bar_foo,5
commutatively,5
_assert_not_almost_equal,5
dict_val,5
MySeries,5
rows_list,5
by_blocks_fixture,5
activated_tracemalloc,5
nvals,5
sequence_index,5
null_group_values,5
na_group,5
frame_for_truncated_bingrouper,5
grouped_test,5
grouped_ref,5
key_strs,5
cartesian_product_for_groupers,5
dose,5
groups_double_key,5
other_id,5
series_groupby,5
unobserved_cats,5
col_cat,5
gb_lambda,5
df_single,5
by_columns,5
Tiger,5
agg_expected,5
word2,5
override_dtype,5
filter_col,5
test_df,5
Charlie,5
multiindex_data,5
column_group_df,5
sliding,5
GH4620,5
has_numeric_only,5
guidance,5
mock_op,5
float_missing,5
syn,5
ababa,5
gni,5
expected_col,5
venus,5
seed_nans,5
Food,5
nulls_df,5
a_vals,5
c_mean,5
d_mean,5
pydates,5
bmask,5
tsdf,5
special_func_defs,5
painted,5
ok_for_dt,5
ok_for_dt_methods,5
ii1,5
series_copy,5
maindtype,5
expected_default,5
params_dict,5
test_to_csv,5
nontemporal_method,5
interp_methods_ind,5
indkey,5
get_freq_code,5
py_td64_to_tdstruct,5
hrs,5
modby,5
check_accumulate,5
test_reduce_series_boolean,5
_get_expected_reduction_dtype,5
test_construct_from_string_own_name,5
test_is_dtype_from_name,5
test_is_not_string_type,5
defg,5
date_type,5
test_combine_le,5
test_fillna_length_mismatch,5
viable,5
test_equals_same_data_different_object,5
test_series_constructor_scalar_with_index,5
test_setitem_invalid,5
test_setitem_mask_broadcast,5
test_setitem_scalar_key_sequence_raise,5
test_setitem_mask,5
test_setitem_integer_array,5
test_setitem_integer_with_missing_raises,5
test_setitem_loc_iloc_slice,5
test_ffill_limit_area,5
jsons,5
DecimalArrayWithoutFromSequence,5
Simulate,5
_check_op,5
uniques_1,5
test_min_periods,5
dfp,5
create_series,5
_check_patches_all_filled,5
_gen_two_subplots,5
_daily_finder,5
_quarterly_finder,5
nminutes,5
nhours,5
expected_l,5
dfreq,5
toggling,5
TimeSeries_TimedeltaFormatter,5
_check_grid_settings,5
Weird,5
Asymmetrical,5
restore_backend,5
rsl,5
is_grid_on,5
ca02c,5
expected_xticklabel,5
_all_kinds,5
input_log,5
PiePlot,5
masked2,5
dtime,5
tdf_err,5
has_err,5
touched,5
bad_name,5
axes_x_coords,5
datetime_mixed_tz,5
_check_bar_alignment,5
downsample_method,5
df_standard,5
s10_2,5
add_arg,5
Group_obj,5
end_freq,5
buyer,5
adjusted_count_ts,5
jsonl_file,5
s3_base,5
tidyverse,5
HAVEN_LICENSE,5
HAVEN_MIT,5
input_buffer,5
writer_name,5
somethingelse,5
create_pickle_data,5
default_headers,5
flatten_buffer,5
compare_element,5
python_pickler,5
_test_roundtrip,5
TestMemoryFS,5
s3a,5
test_dtype_backend,5
python_docs,5
out_border_default,5
from_encoding,5
from_string,5
rewindable,5
U0001f44d,5
PRECISION,5
create_and_load_iris,5
checkfirst,5
iris_view,5
create_and_load_types,5
sqlite_buildin_iris,5
sqlalchemy_connectable_types,5
all_connectable_types,5
expected_row_count,5
test_dtype_argument,5
CONSTRAINT,5
d1187b08,5
c8d,5
a7f6,5
sql_schema,5
test_trans,5
ins_sql,5
test_foo_data,5
declarative_base,5
test_weird_name,5
AbstractFileSystem,5
pa_version_under15p0,5
df_cross_compat,5
incompletely_labeled,5
parsed_118,5
label3,5
VALID_RANGE,5
ColumnTooBig,5
filter_level,5
fully_labelled,5
expected_b,5
imgids,5
_compare_with_tz,5
df_mixed_tz,5
TableIterator,5
NaturalNameWarning,5
uint_data,5
_table_file_open_policy_is_strict,5
_maybe_adjust_name,5
create_h5_and_return_checksum,5
third_group,5
select_as_coordinates,5
tstore,5
cols2load,5
Unclosed,5
hod,5
hat,5
d67,5
multiindex_frame,5
has_doubly_truncated_repr,5
df_small,5
df_wide,5
df_tall,5
unicode_series,5
dolor,5
max_L1,5
bolder,5
output_color,5
YlOrRd,5
clip_df,5
fba7d,5
expected_substring,5
_parse_latex_css_conversion,5
cap_exp,5
raw_11,5
T__level0_row0,5
IDXNAME,5
BLANK,5
_blank,5
foot0_,5
html_lines,5
cellstyle_map_columns,5
cellstyle_map_index,5
_update_ctx,5
idx_level_0,5
idx_level_1,5
infer_word,5
my_handler_raises,5
mock_bucket_name,5
deep_nested,5
last_updated,5
nested_meta,5
family_tree,5
encode_html_chars,5
arr_in_arr_input,5
date_input,5
alone_input,5
float_number,5
_table_schema,5
integer_data,5
set_default_names,5
XSLTParseError,5
na_expected,5
pvt,5
out_csv,5
xml_prefix_nmsp,5
Park,5
LineStyle01,5
clampedToGround,5
df_iter_lxml,5
df_iter_etree,5
Rod,5
attempted_compression,5
OpenpyxlReader,5
table_cell_name,5
unstyled,5
null_styler,5
si_cell,5
sc_cell,5
_XlsxWriter,5
DummyClass,5
XLRDError,5
engine_and_read_ext,5
Sheet3,5
Usecols,5
Test1,5
StrCol,5
num_rows_to_pull,5
poi,5
uyt,5
GHI,5
rez,5
Text1,5
Text2,5
I11,5
DateTimeHi,5
dt_as_float,5
date_as_float,5
date_as_date,5
BaseParser,5
float_precision_choices,5
update_kwargs,5
custom_dialect,5
base_parser,5
sep_override,5
write_to_compressed,5
bab,5
ActualTime,5
TDew,5
TAir,5
Windspeed,5
WindDir,5
nominalTime,5
bad_line,5
_concatenate_chunks,5
actual_val,5
corruption,5
ensure_dtype_objs,5
nFalse,5
tline,5
_msg_validate_usecols_arg,5
csv_param,5
table_param,5
create_single_mgr,5
mgr_items,5
MANAGERS,5
bpl,5
frame_transform_kernels,5
series_transform_kernels,5
f_abs,5
unpack_obj,5
raising_op,5
handle_or_str,5
left_base,5
right_base,5
l_slc,5
CallableDynamicDoc,5
is_type_factory,5
out_locales,5
install_name,5
Patched,5
ARGSORT_DEFAULTS_KIND,5
CUM_FUNC_DEFAULTS,5
SORT_DEFAULTS,5
STAT_DDOF_FUNC_DEFAULTS,5
_get_canonical_key,5
snail,5
giraffe,5
backend_str,5
_initialize_stacker,5
_get_stacked_values,5
KdePlot,5
plot_group,5
BASE_COLORS,5
_layout_type,5
_default_rot,5
_rot_set,5
seen_columns,5
include_type,5
color_kwds,5
_get_errorbars,5
get_shared_y_axes,5
msus,5
viewlim_to_dt,5
_period_break_mask,5
week_start,5
fgroup,5
amplitudes,5
Sharing,5
get_shared_x_axes,5
_color_attrs,5
parse_data,5
curr_elem,5
raw_doc,5
get_data_from_filepath,5
preprocess_data,5
xsl_doc,5
flatter,5
use_bqstorage_api,5
max_results,5
progress_bar_type,5
_href_getter,5
_text_getter,5
_parse_tbody_tr,5
_parse_tfoot_tr,5
_parse_tables,5
_equals_tag,5
table_html,5
tbl_list,5
soup,5
flav,5
convert_year_month_safe,5
bad_locs,5
bad_loc,5
float64_max,5
e07f,5
get_base_missing_value,5
strL,5
_set_endianness,5
_read_uint16,5
first_char,5
_data_label,5
_time_stamp,5
_lbllist,5
v_size,5
svals,5
_max_string_length,5
_value_labels,5
_converted_names,5
converted_names,5
StrLs,5
encoded_label,5
vl_len,5
TextClause,5
_create_sql_schema,5
insert_statement,5
req_info,5
zip_names,5
_IOWrapper,5
_BufferedWriter,5
combined_bytestring,5
_v_name,5
_fletcher32,5
_check_if_open,5
_create_storer,5
read_column,5
remain_key,5
AppendableFrameTable,5
validate_version,5
values_cols,5
table_attrs,5
axis_labels,5
append_axis,5
new_table,5
values_,5
pbcopy,5
PyperclipTimeoutException,5
wcslen,5
PySide,5
border_declarations,5
UNIT_RATIOS,5
declarations_str,5
size_to_pt,5
_get_font_size,5
font_size_string,5
em_pt,5
_number_format,5
col_line,5
frame_dicts,5
_build_elems,5
ExtFormatter,5
xcolor,5
noting,5
css_list,5
hide_obj,5
cell_css,5
HTMLFormatter,5
should_show_dimensions,5
show_index_names,5
_get_formatted_values,5
format_col,5
element_props,5
adjoin_width,5
str_lst,5
memory_usage_string,5
table_builder,5
_TableBuilderAbstract,5
display_memory_usage,5
add_dtypes_line,5
strrows,5
comprising,5
header_colwidth,5
_gen_dtypes,5
color_to_excel,5
width_name,5
colindex,5
justfunc,5
_pprint_seq,5
_TextAdjustment,5
CSSPair,5
_default_formatter,5
index_blanks,5
idx_row,5
_make_fixed_width,5
cheader,5
str_columns_tuple,5
decimal_formatter,5
padded_parts,5
int_pow10,5
nrows_seen,5
_get_object_parser,5
in_range,5
_try_convert_dates,5
normalised_json_object,5
_pull_field,5
invalid_row_handler,5
pyarrow_csv,5
new_schema,5
_name_processed,5
_clean_index_names,5
_maybe_make_multi_index_columns,5
_clean_mapping,5
clean_dtypes,5
data_tups,5
conv_data,5
old_col,5
usecols_key,5
no_thousands_columns,5
detect_rows,5
_c_parser_defaults,5
row_number,5
Serialisable,5
end_row,5
font_script,5
border_color,5
stylekey,5
max_row_len,5
get_writer,5
_style_dict,5
valuetype,5
style_key,5
engine_name,5
cell_typ,5
field_length,5
Xport,5
_parse_date,5
fieldnamelength,5
fielddata,5
record_length,5
record_start,5
convert_text,5
_current_row_in_file_index,5
current_column_number,5
row_size_index,5
column_size_index,5
subheader_counts_index,5
column_text_index,5
column_attributes_index,5
format_and_label_index,5
column_list_index,5
colormapnorms,5
in_init,5
_ColorizerInterface,5
_get_colorizer,5
_family_punc,5
_value_punc,5
SegmentedBivarColormap,5
_fast_from_codes_and_verts,5
first_vert,5
dzeros,5
encloses,5
innerCircle,5
__sqrt__,5
leftbrace,5
rightangle,5
rightbrace,5
widehat,5
widetilde,5
x7b,5
leftparen,5
rightparen,5
x6a,5
uni2type1,5
x300,5
scr,5
stix_virtual_fonts,5
keypresslock,5
NonIntersectingPathException,5
cx2,5
cy2,5
control_points,5
tangential,5
hash_pos,5
is_writable_file_like,5
return_opened,5
_next_order,5
nrecs,5
_combine_masks,5
estimates,5
STEP_LOOKUP_MAP,5
index_of,5
_alias_map,5
_lock_path,5
_array_perimeter,5
origs,5
_setup_new_guiapp,5
TensorFlow,5
is_tensor,5
HourLocator,5
ConciseDateConverter,5
_construct,5
inner_func,5
hms0d,5
_Edge_integer,5
_deprecated_since,5
fonttypes,5
validate_color_or_inherit,5
validate_fontstretch,5
validate_sketch,5
_prop_aliases,5
cycling,5
open_in_browser,5
port_retries,5
dejavuserif,5
negative_linestyle,5
axisbelow,5
distiller,5
impression,5
font_scalings,5
set_weight,5
set_math_fontfamily,5
json_dump,5
json_load,5
defaultFamily,5
_expand_aliases,5
stretch1,5
stretch2,5
rc_params,5
fpaths,5
best_score,5
_get_dash_pattern,5
_convert_xy_units,5
RegularPolygon,5
_update_path,5
_recompute_path,5
_recompute_transform,5
get_vertices,5
get_co_vertices,5
Geometry,5
sqrt_discrim,5
box_path,5
thetas,5
stretching,5
Arc3,5
in_start,5
in_stop,5
y_armB,5
_beginarrow_bracket,5
_endarrow_bracket,5
beginarrow,5
verticesA,5
codesA,5
verticesB,5
codesB,5
b_minus,5
set_boxstyle,5
get_mutation_aspect,5
_path_original,5
set_arrowstyle,5
_get_path_in_displaycoord,5
coords1,5
coords2,5
_annotation_clip,5
figbbox,5
HandlerNpoints,5
_yoffsets,5
get_colors,5
size_min,5
plotlines,5
HandlerTuple,5
get_legend_handler_map,5
first_color,5
_bbox_artist,5
offsets_,5
xoffsets,5
clip_children,5
paddings,5
box_alignment,5
_get_position_xy,5
save_offset,5
finalize_offset,5
DraggableLegend,5
new_gc_dict,5
spacing_px,5
s_tick,5
x_tick,5
delta_s,5
fontnames,5
x0590,5
weighted_wiggle,5
RGBColorType,5
_supports_transparency,5
_args_key,5
_frame_counter,5
FFMpeg,5
FFMpegWriter,5
fill_frames,5
frame_seq,5
progress_callback,5
logarithmically,5
log_base,5
PercentFormatter,5
_useOffset,5
lmin,5
_locs,5
_linthresh,5
_labelled,5
_is_decade,5
subsample,5
min_precision,5
scaled_range,5
_steps,5
large_steps,5
_decade_less_equal,5
_decade_greater_equal,5
beneath,5
standard_minpos,5
majorlocs,5
is_slash_name,5
_decrypt,5
FontDirectory,5
preferable,5
Shrink,5
_proportional_y,5
xlim_changed,5
ylim_changed,5
minorformatter,5
LinearScale,5
ss_main,5
ss_cb,5
FontMetrics,5
fontsize1,5
fontsize2,5
get_xheight,5
BakomaFonts,5
Bakoma,5
UnicodeFonts,5
StixSansFonts,5
new_fontname,5
script_space,5
subdrop,5
delta_slanted,5
DejaVuSansFontConstants,5
_set_glue,5
stretch_order,5
shrink_order,5
AutoHeightChar,5
hlist_out,5
base_line,5
csname,5
_space_widths,5
style_literal,5
_state_stack,5
as_list,5
prev_char,5
vlt,5
lc_height,5
superkern,5
subkern,5
_genfrac,5
_expand_text_props,5
text_size,5
textalignment,5
bb_widthtext,5
index_selected,5
lineh,5
linev,5
connect_default_events,5
_get_animated_artists,5
set_props,5
rect_artist,5
_draw_shape,5
ToolHandles,5
min_index,5
eclick,5
_allow_creation,5
size_on_press,5
box_handle_props,5
_polygon_handles,5
old_bbox,5
new_verts,5
_get_tightbbox_for_layout_only,5
tight_bbox,5
fig_width_inch,5
axes_or_locator,5
destroy_all,5
TABLEAU_COLORS,5
darkish,5
puke,5
pea,5
royal,5
clay,5
twilight,5
lemon,5
berry,5
jade,5
c11,5
forest,5
_autopos,5
cbp_rspan,5
cbp_cspan,5
legendloc,5
padbox,5
trans_fig_to_subfig,5
cb_rspans,5
cb_cspans,5
bboxparent,5
rasterizing,5
GridSpecBase,5
_AllowedKeys,5
_gridspec,5
_from_subplot_args,5
nipy_spectral,5
LogitTransform,5
mathcal,5
scale_factory,5
add_label_near,5
rightside_up,5
blocking_input_loop,5
labelIndiceList,5
ctr_size,5
hbsize,5
_split_path_and_get_label_rotation,5
new_xy_blocks,5
new_code_blocks,5
cvalue,5
_extend_max,5
contouring,5
_default_cursor,5
_mouse_event_to_message,5
_on_trigger,5
set_navigate_mode,5
can_zoom,5
can_pan,5
get_rgba,5
_texcache,5
charter,5
ff_val,5
requested_family,5
ttfamily,5
ifdefined,5
texmf,5
sum_n,5
_supports_rasterization,5
start_rasterizing,5
get_agg_filter,5
get_setters,5
_stale,5
_animated,5
mouseover,5
get_clip_box,5
PickEvent,5
set_gid,5
set_clip_rectangle,5
matchfunc,5
_draw_disabled,5
DECORATORS,5
wrapped_func,5
_sci,5
nNotes,5
IPYTHON,5
backend2gui,5
pulled,5
pycairo,5
required_framework,5
_idle_draw_cntx,5
depended,5
_projection_init,5
_process_projection_requirements,5
subplots_axes_and_figures,5
set_rgrids,5
set_thetagrids,5
requested_backend,5
_get_backend_or_none,5
minshaft,5
caller_name,5
traditionally,5
barb_increments,5
flip_barb,5
fontstyle,5
DrawEvent,5
effective_kwargs,5
align_labels,5
rowspanc,5
this_level,5
_mouse_handler,5
print_png,5
isarray,5
_texmanager,5
_cached_vertices,5
_preprocess_math,5
font_properties,5
text_alignment,5
_transform_rotates_text,5
get_rotation_mode,5
_verticalalignment,5
_linespacing,5
lp_d,5
ymax1,5
_get_xy_transform,5
bbox_name,5
ypos,5
_INVALID_FULL,5
fully_contains,5
_points_orig,5
mutatedx,5
mutatedy,5
other_transform,5
CompositeAffine2D,5
inw,5
inh,5
outw,5
outh,5
Face,5
scalarmappable,5
_CollectionWithSizes,5
verts_i,5
cds,5
diff_values,5
get_orientation,5
fliplr,5
_widths,5
_angles,5
match_original,5
TriMesh,5
_shading,5
meshes,5
p_center,5
c_center,5
_zorder,5
get_tick_padding,5
get_xaxis_text1_transform,5
get_yaxis_text1_transform,5
get_yaxis_text2_transform,5
_locator_is_default,5
_formatter_is_default,5
isDefault_label,5
deprecate_privatize_attribute,5
_converter_is_explicit,5
_get_shared_axes,5
set_inverted,5
_stale_viewlims,5
_get_ticklabel_bboxes,5
tlb1,5
get_offset_text,5
_copy_tick_props,5
gridkw,5
_set_converter,5
tlb,5
tick_bottom,5
tick_left,5
_LUTSIZE,5
sp2,5
corrections,5
suited,5
_loc_doc_base,5
_fontsize,5
title_prop_fp,5
set_draggable,5
_loc_used_default,5
_find_best_position,5
_default_handler_map,5
legendBox,5
get_draggable,5
axx,5
spline16,5
spline36,5
quadric,5
catrom,5
bessel,5
mitchell,5
get_interpolation,5
clip_bbox,5
scaled_dtype,5
_check_unsampled_image,5
_extent,5
runits,5
thetaunits,5
x_frac,5
y_frac,5
StrCategoryFormatter,5
IsFixedPitch,5
StartKernData,5
first_frame,5
play_animation,5
reverse_animation,5
Play,5
CARETLEFTBASE,5
CARETRIGHTBASE,5
CARETUPBASE,5
is_filled,5
_set_triangle,5
_tickvert_path,5
_set_caretdown,5
_default_backends,5
_iter_collection_uses_per_path,5
_draw_text_as_path,5
_set_inaxes,5
on_press,5
xydata,5
Dead,5
_button,5
last_axes,5
_draw,5
_allow_interrupt,5
handler_args,5
_device_pixel_ratio,5
backend_wx,5
_window_title,5
_navigate_mode,5
press_zoom,5
drag_zoom,5
Coherence,5
get_window,5
Single_Spectrum,5
averaged,5
Procedures,5
Wiley,5
Sons,5
periodograms,5
_single_spectrum_docs,5
ColorSequenceRegistry,5
rrggbbaa,5
xind,5
_i_under,5
_i_over,5
get_under,5
get_over,5
radially,5
_origin,5
radii_sqr,5
misinterpretation,5
bound_init_signature,5
AsinhNorm,5
North,5
exaggeration,5
imax,5
surfaces,5
from_levels_and_colors,5
math_to_image,5
emsg,5
_slice_or_none,5
lineStyles,5
_lineStyles,5
drawStyles,5
_markeredgecolor,5
set_markeredgecolor,5
is_sorted_and_has_non_nan,5
_get_markerfacecolor,5
recomputing,5
_slope,5
_xy1,5
set_xy1,5
process_selected,5
_visible_edges,5
CustomCell,5
AXESPAD,5
get_configdir,5
Revert,5
Qt5Agg,5
auto_select,5
varkwargs_name,5
bboxins,5
rectbbox,5
berlin,5
post_post,5
slen1,5
_dtable,5
_width_of,5
stackexchange,5
packet_len,5
psfonts,5
_unparsed,5
luatex,5
lua,5
cursord,5
comp_rule,5
_owns_mainloop,5
xorg,5
is_fullscreen,5
pack_toolbar,5
_Button,5
hovers,5
_image_file,5
image_kwargs,5
GTK3,5
source_remove,5
_FigureCanvasGTK,5
set_property,5
get_native,5
queue_draw,5
stroke_preserve,5
add_css_class,5
Justification,5
add_filter,5
MessageDialog,5
backend_cairo,5
_timers,5
singleshot,5
RendererWx,5
FONTWEIGHT_LIGHT,5
GraphicsContextWx,5
SetPen,5
NullBitmap,5
filter_index,5
GetParent,5
_skipwheelevent,5
websocket,5
IOLoop,5
RequestHandler,5
set_header,5
get_javascript,5
send_json,5
get_glyphs_subset,5
drop_tables,5
font_as_file,5
_afm_font_dir,5
ControlModifier,5
buttond,5
devicePixelRatioF,5
event_key,5
singleShot,5
locLabel,5
QMessageBox,5
setLayout,5
QVBoxLayout,5
_clip_path_ids,5
_hatchd,5
ensure_metadata,5
_make_flip_transform,5
convert_to_string,5
_glyphs,5
FigureCanvasQTAgg,5
_create_pdf_info_dict,5
_get_preamble,5
normalsize,5
LatexError,5
includegraphics,5
typeout,5
pgfpicture,5
text_args,5
_n_figures,5
post_processing,5
_print_pil,5
source_date,5
begin_text,5
end_text,5
setlinecap,5
pdfFile,5
quads_mid_on,5
Beziers,5
pageList,5
dviFontInfo,5
_hatch_patterns,5
annotsObject,5
positionRect,5
xobjects,5
fontdesc,5
FontDescriptor,5
Ascent,5
charprocDict,5
unicode_groups,5
capHeight,5
fill_rgb,5
streamarr,5
can_do_optimization,5
_setup_textpos,5
kerns,5
curx,5
singlebyte_chunks,5
_ensure_file,5
_append_path,5
get_target,5
sly,5
slx,5
raster_renderer_class,5
_raster_renderer,5
_force_full,5
ack,5
_ETS,5
pyside6,5
incompletely,5
F811,5
_l_o_c_a,5
_hatches,5
rgb_or_rgba,5
_draw_ps,5
_get_bbox_header,5
_psDefs,5
_try_distill,5
psfrag_rotated,5
epsfile,5
Javascript,5
gtk4cairo,5
QLineEdit,5
lineedit,5
colorbtn,5
combobox,5
fedit,5
Curves,5
mappable_settings,5
triangulations,5
TriContourGenerator,5
z_check,5
_cpp_trifinder,5
refines,5
midside,5
refi_npts,5
ancestor_mask,5
n_points,5
Interpolator,5
edge_apexes,5
new_pt_corner,5
get_edges,5
min_circle_ratio,5
added_mask,5
bending,5
curvature,5
_pts,5
_eccs,5
_DOF_estimator,5
_DOF_estimator_min_E,5
_pseudo_inv22sym_vectorized,5
dot_a,5
dot_b,5
dot_c,5
dfdksi,5
d2sdksi2,5
Kff,5
Kff_rows,5
Kff_cols,5
Kff_vals,5
tris_f,5
dM_inv,5
Uf0,5
_cg,5
kvec,5
Unstructured,5
GeoAxes,5
_gen_axes_spines,5
AitoffAxes,5
MollweideAxes,5
ilow,5
large_delta,5
LambertAxes,5
_scale_transform,5
last_t,5
PolarAffine,5
RadialLocator,5
get_rmin,5
_ThetaShift,5
inner_spine,5
_theta_offset,5
_r_label_position,5
backend_marker,5
text_placeholders,5
get_ax,5
our_baseline_images,5
ipython_in_subprocess,5
_ConverterError,5
cache_stat,5
_load_image,5
mplU,5
inliner,5
node_list,5
add_directive,5
nofigs,5
state_machine,5
confdir,5
html_show_formats,5
multi_image,5
PlotError,5
source_ext,5
imagerel,5
srcsetst,5
emit_warning,5
_attr,5
inner_kwargs,5
bound_child,5
alias_d,5
picking_child,5
extent_kind,5
hpacker,5
vpacker,5
std_results,5
mini_me2,5
row_labels,5
C12,5
slti,5
edata,5
test_init,5
GITHUB_ACTION,5
result_after,5
qt5_bindings,5
qt6_bindings,5
pause_time,5
y_vals,5
new_angles,5
set_linewidths,5
alpha_flat,5
masked_y,5
pngsuite,5
rgbf,5
rgbaf,5
rgbau,5
scalar_alpha,5
array_alpha,5
im_rgba,5
pyparsing_version,5
rho_1,5
mathtex,5
mathbf,5
font_tests,5
acc_map,5
vert_offsets,5
func_no_label,5
AFM_TEST_DATA,5
FontSpecific,5
set_charmap,5
typefaces,5
sold,5
Institute,5
Elsevier,5
x5F0F3CF5,5
sFamilyClass,5
poly_clipped,5
p_copy,5
millions,5
raise_on_transform,5
real_trans,5
stack3,5
other_elements,5
closefile,5
SpineMock,5
nodec,5
after_align,5
mfigure,5
loaded_fig,5
host_axes,5
twin_func,5
Smoketest,5
rtheta,5
date_edges,5
hists,5
test_ax,5
cs1,5
c_case,5
WARN_MSG,5
transform_stats,5
Randomness,5
Simplest,5
plotline,5
colors1,5
linelengths1,5
par1,5
tkw,5
bad_lim,5
titleOffsetTrans,5
set_axisbelow,5
yleft,5
xaxis_date,5
mk_tzaware,5
dtend,5
draw_quiver,5
cbar_kw,5
anchor_y,5
caxx,5
lons,5
contour_zorder,5
byteswapped,5
triangle1,5
_save_figure,5
jpl,5
slider_,5
polygon_remove_vertex,5
failing_test_cases,5
fvalues,5
cutout,5
qhull,5
verif_mask,5
expect_rms,5
other_param,5
npDates,5
_EXPECTED_WARNING_TOOLMANAGER,5
ylim0,5
t_start,5
Interestingly,5
zeroind,5
kwo,5
hinted_font,5
fontent,5
fontprops,5
x1Nom0,5
x1Nom,5
gs_n,5
subfig_bl,5
fig5,5
draw_box,5
horal,5
doctrees,5
range_10,5
modification_times,5
event_loop_handler,5
MyArtist3,5
OpenGL,5
tkcanvas,5
todos,5
_LogitHelper,5
vmin2,5
vmax2,5
test_extending,5
minor_tlocs,5
OTHERSTUFF,5
Foobar,5
minorticksubplot,5
minortickstoggle,5
lsc3,5
dem,5
velocity_field,5
y_visible,5
xlabel_position,5
ylabel_position,5
mquiver,5
_autotitlepos,5
_secax_docstring,5
_check_no_units,5
_convert_dx,5
patch_labels,5
add_container,5
endpt,5
_plot_args,5
barcols,5
errorbar_container,5
zdelta,5
cap_lo,5
cap_hi,5
orig_edgecolor,5
zig,5
iy1,5
iy2,5
dep_dir,5
_interp_grid,5
pxy,5
flipud,5
par_lines,5
_setdefaults,5
_subclass_uses_cla,5
patch_trf,5
twins,5
pscale,5
sorted_results,5
all_blocks,5
cc_visit,5
to_method,5
classes_complexity,5
total_complexity,5
h_visit,5
TOKEN_NUMBER,5
_generate,5
token_values,5
parsed_lines,5
cfg_f,5
sample_results,5
dict_to_xml,5
dict_to_md,5
raw_to_dict,5
_open_function,5
os_path_mod,5
dict_to_codeclimate_issues,5
FileConfig,5
closure_names,5
BASE_CONFIG_WITH_IPYNB_AND_CELLS,5
cElementTree,5
CONFIG_SECTION_NAME,5
file_cfg,5
check_filled,5
check_lines,5
concat_codes,5
codes_from_points,5
concat_points_with_nan,5
concat_codes_or_none,5
concat_points_or_none,5
y_chunk_count,5
x_chunk_count,5
export_svg,5
MplRenderer,5
vsenv,5
enable_vt_processing,5
GREY,5
erase_line,5
_wipe_internal_state_for_tests,5
atexit_done,5
fixed_windows_console,5
BRIGHT_BACKGROUND,5
_default_fore,5
_default_back,5
LIGHT_EX,5
assert_autoresets,5
DirectiveToken,5
DocumentStartToken,5
DocumentEndToken,5
StreamEndToken,5
BlockMappingStartToken,5
ScalarToken,5
BaseRepresenter,5
tag_prefixes,5
indentless,5
simple_key,5
followed_by_whitespace,5
previous_space,5
previous_break,5
U00010000,5
anchor_node,5
serialize_node,5
RepresenterError,5
represent_data,5
add_multi_representer,5
represent_sequence,5
constructed_objects,5
recursive_objects,5
tag_suffix,5
construct_sequence,5
find_python_name,5
object_name,5
set_python_instance_state,5
min_token_number,5
add_indent,5
ResolverError,5
resolver_prefix_paths,5
compose_node,5
implicit_document,5
explicit_document,5
block_collection,5
block_sequence,5
block_mapping,5
flow_sequence,5
flow_mapping,5
parse_block_node,5
tag_mark,5
parse_block_mapping_key,5
no_cov,5
should_fail_under,5
combining_cov,5
html_report,5
xml_output,5
json_output,5
lcov_output,5
_warn_unimported_source,5
_warn_preimported_source,5
action_by_type,5
find_param_docs,5
split_doc,5
ensure_dashes,5
_signatures,5
vname,5
UnicodeMixin,5
_directive_regex,5
NOQA,5
_what,5
_is_in_section,5
_section_indent,5
_is_section_break,5
_partition_field_on_colon,5
result_lines,5
napoleon_use_ivar,5
push_item,5
__pip,5
_Hash,5
failed_step,5
MetadataGenerationFailed,5
gotten_hash,5
InvalidInstalledPackage,5
invalid_exc,5
InstallWheelBuildError,5
build_reqs,5
get_backend_for_scheme,5
CONFIG_BASENAME,5
environmental,5
check_path_owner,5
copy_directory_permissions,5
pypi_version,5
find_best_candidate,5
open_spinner,5
lib_dirs,5
build_constraint_feature_enabled,5
constraint_file,5
prepare_linked_requirements_more,5
requirements_to_install,5
_lib_dirs,5
_site_dir,5
original_sys_path,5
check_requirements,5
canonical_package_name,5
SimpleWheelCache,5
origin_path,5
setup_py,5
SUPPORTED_EXTENSIONS,5
match_count,5
get_sorted_tags,5
_project_name,5
allows_prereleases,5
build_tag,5
_all_candidates,5
_best_candidates,5
pip_trusted_origins,5
find_all_candidates,5
best_candidate_result,5
vendoring,5
Candidates,5
_path_to_urls,5
expand_dir,5
RetryError,5
is_archive_file,5
request_desc,5
_NotHTTP,5
twine,5
extra_index_urls,5
deduplicate,5
DEFAULT_POOLBLOCK,5
BaseAdapter,5
InsecureRequestWarning,5
MultiDomainBasicAuth,5
has_tls,5
openssl_version,5
init_poolmanager,5
proxy_manager_for,5
Vary,5
AuthBase,5
remove_auth_from_url,5
split_auth_netloc_from_url,5
get_auth_info,5
save_auth_info,5
MemoryWheel,5
response_chunks,5
download_size,5
Stufft,5
Downloader,5
resume_resp,5
SeparateBodyFileCache,5
CacheControl,5
body_path,5
build_tracker_id,5
SourceDistribution,5
make_distribution_for_install_requirement,5
redact_auth_from_requirement,5
unpack_file,5
_check_download_dir,5
check_against_path,5
is_wheel_from_cache,5
needs_more_preparation,5
cached_wheel_source_link,5
check_if_exists,5
should_ignore,5
packages_affected,5
exclude_editable,5
FrozenRequirement,5
from_dist,5
req_files,5
_format_as_name_version,5
set_extracted_file_to_default_mode_plus_executable,5
sorted_scripts,5
pip_script,5
scripts_dir,5
make_data_scheme_file,5
file_paths,5
dest_info_dir,5
install_wheel,5
distinfo_dir,5
add_target_python_options,5
actual_version,5
no_build_isolation,5
check_build_constraints,5
get_requirements,5
make_requirement_preparer,5
make_resolver,5
trace_basic_info,5
latest_filetype,5
get_similar_commands,5
InstallationResult,5
protect_pip_from_modification_on_windows,5
warn_if_run_as_root,5
virtualenv_no_global,5
json_report_file,5
get_cache_info,5
http_cache_location,5
old_http_cache_location,5
wheels_cache_location,5
Kinds,5
formatted_exc,5
stop_after_delay,5
ZIP_EXTENSIONS,5
TAR_EXTENSIONS,5
_is_url,5
get_file_content,5
NetlocTuple,5
ask_path_exists,5
orig_stream,5
is_odd,5
info_dirs,5
dist_info_dir,5
hex_digest,5
arch_sep,5
RichCast,5
RichHandler,5
_log_state,5
Patching,5
setup_logging,5
handler_classes,5
drop_comment,5
dirval,5
_moved_paths,5
_normalize_path_cached,5
groupname,5
SUPPORTED_OPTIONS_REQ,5
_archive_source,5
_supported_features,5
nudge,5
check_invalid_constraint_type,5
RequirementParts,5
markers_as_string,5
install_req_drop_extras,5
get_src_prefix,5
_infer_prefix,5
_log_context,5
root_reqs,5
links_equivalent,5
format_name,5
REQUIRES_PYTHON_IDENTIFIER,5
request_chain,5
rejecting_candidate,5
ending_round,5
PreferenceInformation,5
SpecifierRequirement,5
requirement_keys,5
pruning,5
breaker,5
incompatible_ids,5
_installed,5
_build_failures,5
locked_ireqs,5
_given_py_version_info,5
_valid_tags,5
_valid_tags_set,5
tag_to_priority,5
is_local_path,5
metadata_isdir,5
metadata_listdir,5
as_zipfile,5
FileMetadata,5
get_dist_canonical_name,5
find_path_to_project_root_from_repo_root,5
git_dir,5
SSH,5
dirurl,5
get_remote_call_options,5
vcs_backends,5
create_main_parser,5
_CommandT,5
CommandContextMixIn,5
no_input,5
UpdatingDefaultsHelpFormatter,5
final_status,5
RateLimiter,5
_in_main_context,5
raise_option_error,5
debug_mode,5
exists_action,5
DownloadColumn,5
SpinnerColumn,5
TimeElapsedColumn,5
override_order,5
RecentlyUsedContainer,5
_DEFAULT_BLOCKSIZE,5
from_int,5
proxy_ssl_context,5
use_forwarding_for_https,5
PoolError,5
header_parts,5
_ResponseOptions,5
encode_multipart,5
multipart_boundary,5
choose_boundary,5
_first_try,5
_first_try_data,5
_unfed_data,5
HAS_ZSTD,5
_decoders,5
CONTENT_DECODERS,5
_request_url,5
_sock_shutdown,5
_error_catcher,5
c_int_max,5
max_chunk_amt,5
_raw_read,5
is_connection_dropped,5
num_connections,5
connect_timeout,5
_validate_conn,5
response_kw,5
destination_scheme,5
_stacktrace,5
is_ipaddress,5
resolve_ssl_version,5
probe_http2_host,5
probe_http2_port,5
acquire_and_get,5
asserted_hostname,5
ensure_can_construct_http_header_dict,5
evicted_item,5
_HTTP2_PROBE_CACHE,5
port_int,5
normalize_uri,5
_ReturnValue,5
wait_for_write,5
poll_obj,5
rewind_body,5
Zone,5
_TYPE_VERSION_INFO,5
VERIFY_X509_STRICT,5
X509,5
_OP_NO_TLSv1_3,5
SOCKS5,5
PySocks,5
SOCKSProxyManager,5
Promise,5
_StreamingError,5
connection_id,5
Atomics,5
js_worker,5
fetch_data,5
run_sync,5
AbortController,5
is_in_browser_main_thread,5
internal_response,5
x171F,5
x1B00,5
x202F,5
x20D0,5
x2DDF,5
x2DE0,5
x3000,5
x309F,5
x3130,5
x3190,5
x319F,5
x31A0,5
x31F0,5
x3300,5
dm2,5
x33FF,5
xA700,5
xA840,5
xA95F,5
xA9CF,5
xFE20,5
xFF70,5
x10100,5
x1018F,5
x1039F,5
x1083F,5
x1091F,5
x1093F,5
x1107F,5
x11300,5
x1133B,5
x1D360,5
x1E08F,5
uts46data,5
InvalidCodepoint,5
InvalidCodepointContext,5
valid_label_length,5
uts46_remap,5
code_point,5
uts46,5
x1CED,5
x1CF4,5
xFE0F,5
xE007F,5
xE01EF,5
inside_aot,5
dec_str,5
incompatibilities_from_broken,5
optimistic,5
optimistic_rounds_cutoff,5
NORMALIZED_DISTRO_ID,5
full_distribution_name,5
netbsd,5
is_root_dir_defined,5
_lsb_release_info,5
_distro_release_info,5
_uname_info,5
SubprocessRunner,5
_subprocess_runner,5
path_part,5
backend_module,5
_truststore_SSLContext_dunder_class,5
_truststore_SSLContext_super_class,5
CFStringEncoding,5
CFArray,5
CFArrayAppendValue,5
error_message_cfstring,5
cf_data,5
sec_cert_ref,5
cf_str_hostname,5
ssl_policy,5
ctx_ca_certs,5
sec_trust_ref,5
sec_trust_result_type,5
sec_trust_eval_result,5
cf_error_code,5
cf_error_string_ref,5
PCERT_CHAIN_PARA,5
PCERT_CHAIN_CONTEXT,5
CertCreateCertificateChainEngine,5
CertVerifyCertificateChainPolicy,5
FormatMessageW,5
chain_params,5
trusts,5
custom_ca_certs,5
hRootCertStore,5
cert_chain_engine_config,5
cache_controller,5
PERMANENT_REDIRECT_STATUSES,5
cacheable_status_codes,5
parse_cache_control,5
no_store,5
update_headers,5
controller_class,5
build_response,5
FileLock,5
p_fmt,5
p_idx,5
p_offset,5
p_filesz,5
IIIIIIII,5
IIQQQQQQ,5
PT_INTERP,5
parse_requirement,5
Earliest,5
CDDL,5
mach,5
ECL,5
IPA,5
pddl,5
DFS,5
swift,5
boot,5
opinion_value,5
_optionally_create_directory,5
B009,5
Downgrade,5
AppName,5
getExternalFilesDir,5
site_config_path,5
PROPS,5
app_name,5
TYPE_BIN,5
_max_buffer_size,5
_max_str_len,5
_max_array_len,5
_max_map_len,5
_max_ext_len,5
_autoreset,5
_MetadataType,5
PEP440Warning,5
_declare_state,5
get_entry_info,5
set_extraction_path,5
get_default_cache,5
register_loader_type,5
requirers,5
_find_adapter,5
provMac,5
get_resource_filename,5
to_activate,5
find_plugins,5
shadow_set,5
_distmap,5
PYTHON_EGG_CACHE,5
egg_root,5
_extract_resource,5
namespace_handler,5
file_ns_handler,5
new_extra,5
write_binary_file,5
dfname,5
MARKER_OP,5
record_as_written,5
hashed_invalidation,5
use_abspath,5
opt1,5
opt2,5
rich_path_glob,5
is_container,5
finder_maker,5
_userprog,5
BaseZipFile,5
InvalidJSONError,5
ConnectTimeout,5
TooManyRedirects,5
InvalidSchema,5
ChunkedEncodingError,5
ContentDecodingError,5
FileModeWarning,5
prepend_scheme_if_needed,5
select_proxy,5
parse_dict_header,5
HA1,5
prepare_auth,5
resolve_redirects,5
merge_cookies,5
session_setting,5
merged_setting,5
session_hooks,5
Receives,5
current_position,5
_new_headers,5
create_cookie,5
toReturn,5
find_plugin_formatters,5
_deprecated_ansicolors,5
alias_filenames,5
moduledocstrings,5
moddoc,5
stripall,5
get_tokens,5
gt_kwargs,5
_tokens,5
insleft,5
U00010427,5
Preproc,5
Python2Lexer,5
fstringescape,5
asscalar,5
byte_bounds,5
abap,5
agda,5
bbcode,5
webmisc,5
pascal,5
Genshi,5
Smarty,5
erl,5
groff,5
handlebars,5
haxe,5
idl,5
unicon,5
igor,5
jmespath,5
jsgf,5
typescript,5
Mako,5
mojo,5
Myghty,5
pony,5
prql,5
slim,5
twig,5
lexername,5
_load_formatters,5
cacert,5
bool_true,5
bool_false,5
get_row,5
MINIMAL,5
chop_cells,5
word_match,5
CARRIAGE_RETURN,5
CLEAR,5
CURSOR_DOWN,5
CURSOR_MOVE_TO_COLUMN,5
SET_WINDOW_TITLE,5
NoAltScreen,5
measure_renderables,5
_attr_module,5
insert_line,5
pretty_str,5
iter_tokens,5
fake_attributes,5
write_styled,5
terminal_theme,5
is_default,5
color_24,5
loop_first,5
LegacyWindowsError,5
generate_segments,5
mangoes,5
ThemeStack,5
is_renderable,5
bar_count,5
half_bar_count,5
remaining_bars,5
_char,5
PromptBase,5
_choices,5
render_width,5
NULL_STYLE,5
from_color,5
style_definition,5
theme_color,5
column_no,5
lorem,5
Story,5
LOCALS_MAX_LENGTH,5
LOCALS_MAX_STRING,5
use_theme,5
pineapple,5
LogRender,5
ThemeContext,5
PagerContext,5
ScreenContext,5
set_alt_screen,5
force_jupyter,5
_record_buffer_lock,5
_thread_locals,5
_render_hooks,5
force_color,5
render_iterable,5
split_and_crop_lines,5
default_variant,5
raw_output,5
style_number,5
GuideType,5
json_instance,5
_signature_text,5
do_replace,5
right_crop,5
rendered_text,5
copy_self,5
new_length,5
include_separator,5
cell_position,5
new_indent,5
ratio_resolve,5
maximums,5
NullFile,5
enable_link_path,5
tracebacks_width,5
tracebacks_code_width,5
tracebacks_extra_lines,5
tracebacks_theme,5
tracebacks_word_wrap,5
tracebacks_suppress,5
tracebacks_max_frames,5
level_width,5
message_text,5
_live,5
style_before,5
number_style,5
highlight_line,5
text_format_no_percentage,5
finished_speed,5
binary_units,5
update_completed,5
truncate_width,5
colorless_style,5
_ColorTuple,5
path_text,5
VerticalOverflowMethod,5
_Cell,5
width_ranges,5
_update_speed,5
_restore_stdout,5
_restore_stderr,5
exchanges,5
LayoutRender,5
RenderMap,5
_render_map,5
AnchoredDrawingArea,5
size_bar,5
label_x,5
label_y,5
_get_axes_aspect,5
RGBAxes,5
AxisDict,5
share_x,5
share_y,5
_get_col_row,5
_colorbar_location,5
h_ax_pos,5
h_cb_pos,5
v_ax_pos,5
v_cb_pos,5
_axisnum,5
_calc_offsets,5
click_on,5
big_on_axes,5
small_on_axes,5
tbb,5
zz_viewLim,5
_verts3d,5
seg3d,5
Patch3D,5
_path2d,5
pathpatch,5
_z_markers_idx,5
Path3DCollection,5
_in_draw,5
_offset_zordered,5
old_offset,5
_facecolors2d,5
pb_aspect,5
_view_transformation_uvw,5
_PLANES,5
rotate_label,5
_get_coord_info,5
mb_rev,5
edge_point_0,5
edgep1s,5
edgep2s,5
deltas_per_point,5
zz_dataLim,5
focal,5
_on_move,5
_button_press,5
_roll_to_vertical,5
get_autoscalez_on,5
set_zticks,5
_view_w,5
from_cardan_angles,5
scale_v,5
zlabel,5
avg_z,5
verts_zs,5
x_p,5
shaft_dt,5
face_inds,5
_apply_mask,5
i_xyz,5
quaternion,5
zdirs,5
GridlinesCollection,5
get_attribute_from_ref_artist,5
get_tick_out,5
max_ascent,5
max_descent,5
_locs_angles_labels,5
tick_direction,5
get_line_transform,5
angle_label,5
get_axislabel_transform,5
get_axislabel_pos_angle,5
FloatingAxisArtistHelper,5
FixedAxisArtistHelper,5
tick_loc,5
orig_patch,5
select_step,5
LocatorDMS,5
deg_part,5
min_part,5
_line_path,5
FilledArrow,5
iter_major,5
_FixedAxisArtistHelperBase,5
_FloatingAxisArtistHelperBase,5
fixed_coord,5
_line_num_points,5
lon_or_lat,5
FormatterPrettyPrint,5
_aux_transform,5
DEFAULT_DATAFILE,5
info_header,5
save_signal,5
extension_modifier,5
check_preimported,5
set_relative_directory,5
ensure_dir_for_file,5
PythonFileReporter,5
render_report,5
_no_warn_slugs,5
run_omit,5
run_include,5
debug_file,5
configurers,5
dycon,5
dynamic_contexts,5
supports_plugins,5
tracer_name,5
file_disposition_class,5
source_pkgs_unmatched,5
decorate_methods,5
nice_pair,5
tonos,5
n_excluded,5
missing_arcs,5
line2region,5
pc_covered_str,5
near0,5
BRANCH_RIGHT,5
BRANCH_LEFT,5
journal_mode,5
fail_ok,5
execute_one,5
summarizing,5
missing_branches,5
set_query_contexts,5
_convert_branch_arcs,5
this_region,5
TPluginConfig,5
_add_plugin,5
find_executable_files,5
python_reported_file,5
DummyLoader,5
PyTracer,5
packed_arcs,5
morf_path,5
pylib_paths,5
pylib_match,5
include_match,5
new_env,5
suppress_callers,5
short_filenames,5
ppformat,5
singleton_module,5
plugin_options,5
any_set,5
CONFIG_FILE_OPTIONS,5
regexlist,5
num_in_numbits,5
Tracers,5
_needs_to_implement,5
credit,5
missing_arc_description,5
arc_description,5
skipped_count,5
write_items,5
static_context,5
_start_tracer,5
post_fork,5
add_file_tracers,5
TBranchTrails,5
tslug,5
code_objects,5
sysmon_on,5
code_ids,5
dest_info,5
parse_source,5
body_node,5
dataio,5
rel_file_name,5
prev_html,5
next_html,5
HTML_SAFE,5
template_globals,5
page_data,5
SCHEMA_VERSION,5
_init_db,5
_choose_lines_or_arcs,5
ATTACH,5
other_file_id,5
COALESCE,5
other_tracer,5
other_arc,5
lineno_contexts_map,5
mark_end,5
zip_location,5
py_filename,5
abs_curdir,5
actpath,5
DebugFn,5
file_to_close,5
ByteParser,5
iwalker,5
AstArcAnalyzer,5
missing_arc_fragments,5
end_next,5
ArcStarts,5
process_break_exits,5
process_continue_exits,5
LoopBlock,5
is_constant_test_expr,5
nearest_blocks,5
constant_test,5
case_start,5
lnum_tot,5
lhits_tot,5
bnum_tot,5
bhits_tot,5
class_branches,5
TWant,5
INVALID_PARAM_SPEC_LOCATION,5
INVALID_PARAM_SPEC_LOCATION_NOTE,5
TYPEDDICT_OVERRIDE_MERGE,5
check_param_names,5
paramspec_args,5
paramspec_kwargs,5
FINAL_TYPE_NAMES,5
NEVER_NAMES,5
TYPE_ALIAS_NAMES,5
TYPE_NAMES,5
get_type_analyze_hook,5
TYPE_PARAMETERS_SHOULD_BE_DECLARED,5
INVALID_UNPACK_POSITION,5
use_standard_error,5
NAME_DEFINED,5
param_spec_with_args,5
param_spec_invalid,5
check_unpacks_in_list,5
req_keys,5
Remap,5
FindTypeVarVisitor,5
UnboundTypes,5
is_StrExpr_list,5
new_class_name,5
calculate_metaclass_type,5
seq_items,5
non_bundled_packages_flat,5
grpcio,5
IMPORT_NOT_FOUND,5
IMPORT_UNTYPED,5
nonoverlaps,5
note_info,5
global_watcher,5
simplify_path,5
set_file_ignored_lines,5
many_errors_threshold,5
UNUSED_IGNORE,5
unused_ignored_codes,5
is_errors,5
is_blockers,5
file_messages,5
srcloc,5
format_messages,5
TypeVarLikeTypes,5
source_tv,5
class_id,5
class_frame,5
join_instances,5
ta_proper,5
sa_proper,5
join_instances_via_supertype,5
is_similar_callables,5
match_generic_callables,5
unify_generic_callable,5
DT_SPEC,5
LIST_STR,5
LITERAL_FALSE,5
LITERAL_TRUE,5
read_literal,5
is_sunder,5
FUNCBASE_FLAGS,5
FUNC_NO_INFO,5
write_flags,5
read_type_opt,5
read_flags,5
FUNC_DEF,5
DECORATOR,5
is_cls,5
read_type_var_likes,5
unanalyzed_index_type,5
is_alias_rvalue,5
MaybeTypeExpression,5
assuming_proper,5
supertypes,5
resolution_steps,5
format_id,5
TUPLE_TYPE,5
TYPED_DICT_TYPE,5
TYPE_VAR_TYPE,5
_node_bytes,5
seen_named,5
TYPES_FOR_UNIMPORTED_HINTS,5
calculate_mro,5
DynamicClassDefContext,5
infer_reachability_of_match_statement,5
semanal_enum,5
ALLOW_INCOMPATIBLE_OVERRIDE,5
PRIORITY_FALLBACKS,5
calculate_tuple_fallback,5
FINAL_DECORATOR_NAMES,5
TYPE_VAR_LIKE_NAMES,5
store_argument_type,5
deferrals,5
basic_type_applications,5
current_overload_item,5
return_stmt_inside_except_star_block,5
allow_redefinition_old,5
named_tuple_analyzer,5
push_type_args,5
function_fullname,5
Overlap,5
leading_type,5
FuncDefs,5
get_deprecated,5
name_already_defined,5
class_status,5
static_status,5
fail_invalid_classvar,5
no_progress,5
apply_class_plugin_hooks,5
analyze_type_expr,5
all_tvars,5
analyze_unbound_tvar_impl,5
type_exprs,5
global_name,5
get_name_repr_of_expr,5
use_implicit_reexport,5
implicit_reexport,5
current_symbol_kind,5
i_id,5
should_wait_rhs,5
analyze_simple_literal_type,5
declared_type_vars,5
tp_expr,5
typevarlike_type,5
Explain,5
report_invalid_typevar_arg,5
add_exports,5
concrete_slots,5
ASYNC_FOR_OUTSIDE_COROUTINE,5
record_imported_symbol,5
logical_deps,5
debug_context,5
add_plugin_dependency,5
report_incompatible_typevar_value,5
mypy_cache,5
map_formals_to_actuals,5
ArgTypeExpander,5
tuple_index,5
kwargs_used,5
dmypy_server,5
DEFAULT_STATUS_FILE,5
prepare_sccs,5
check_str_format_call,5
format_re,5
next_spec,5
conversion_type,5
original_repl,5
target_sym,5
disable_bytearray_promotion,5
disable_memoryview_promotion,5
in_type_alias_expr,5
reset_global_state,5
SQLITE_NUM_SHARDS,5
CONFIG_NAMES,5
USER_CONFIG_FILES,5
REPORTER_NAMES,5
WORKER_CONNECTION_TIMEOUT,5
quote_docstring,5
arg_default,5
get_signatures,5
parse_all_signatures,5
stdlib_versions,5
getsearchdirs,5
build_typeddict_typeinfo,5
validations,5
field_name_expr,5
nativeparse,5
native_parse,5
transform_source,5
expanded_actual,5
ConstraintBuilderVisitor,5
param_spec_target,5
a_unpack_index,5
template_suffix,5
actual_unpack,5
common_suffix,5
left_star,5
left_star2,5
ref_path,5
expand_unpack,5
get_cached,5
set_cached,5
has_no_typevars,5
parse_type_comment,5
stubdoc,5
resort_members,5
get_default_function_sig,5
get_type_fullname,5
get_type_annotation,5
print_annotation,5
should_reexport,5
IGNORED_DUNDERS,5
alt_docstr,5
infer_pattern_value,5
guard_value,5
is_sys_attr,5
_alt_prefix,5
astdiff,5
name_with_suffix,5
NoneTyp,5
contravariantly,5
nested_unpacked,5
item_names,5
handle_type_alias_type,5
union_item,5
ALL_STRATEGY,5
scoped_type_var_name,5
skip_alias_target,5
report_config_data,5
get_additional_deps,5
get_function_signature_hook,5
get_class_attribute_hook,5
supported_self_type,5
Overloads,5
get_final_context,5
analyze_decorator_or_funcbase_access,5
dunder_get,5
owner_type,5
dunder_set,5
dunder_set_type,5
is_instance_var,5
original_itype,5
handle_partial_var_type,5
type_ctx,5
active_self_type,5
check_func_def,5
visit_typeddict_index_expr,5
__OP__,5
runtime_file,5
silent_import_module,5
_all_stubs,5
_is_disjoint_base,5
mangled_entry,5
defaults_match,5
from_inspect_signature,5
_resolve_funcitem_from_decorator,5
warn_runtime_is_object_init,5
find_submodules,5
default_data_dir,5
submodule_name,5
process_error_codes,5
copy_type,5
special_function_elide_names,5
ast_data,5
kw_value,5
strip_contents_from_if_stmt,5
type_of_any_name_map,5
physical_lines,5
annotated_funcs,5
visit_untyped_defs,5
total_expr,5
precision_names,5
TYPE_IMPRECISE,5
viewable,5
count_stats,5
daemonize,5
grandchild,5
process_start_options,5
fswatcher_dump_file,5
load_plugins,5
flush_cache,5
is_fresh,5
print_memory_profile,5
new_unsuppressed,5
meminfo,5
get_type_range,5
capture_types,5
get_var,5
narrow_type_by_identity_equality,5
captures_list,5
new_inner_types,5
construct_sequence_child,5
star_length,5
original_type_map,5
BINARY_MAGIC_METHODS,5
MUTABLE_OVERRIDE,5
unsound,5
NO_UNTYPED_DEF,5
RETURN_TYPE_EXPECTED,5
TYPEDDICT_KEY_MUST_BE_STRING_LITERAL,5
_visit_type_tuple,5
CODE_START,5
decode_python_encoding,5
read_py_file,5
write_junit_xml,5
first_offset,5
num_indent,5
tparm,5
marker_line,5
new_marker_line,5
_AVAILABLE_THREADS,5
os_cpu_count,5
right_unpack,5
left_unpack,5
fast_check,5
members_not_to_check,5
ignore_names,5
right_by_pos,5
return_constraint_direction,5
covers_at_runtime,5
ops_with_inplace_method,5
neg_ops,5
DeferredNodeType,5
last_pass,5
_variance_dummy_type,5
_is_final_def,5
allow_abstract_call,5
check_second_pass,5
enter_partial_types,5
should_report_unreachable_issues,5
exit_condition,5
last_pop_changed,5
check_default_params,5
is_unsafe_overlapping_overload_signatures,5
is_async_generator_return_type,5
get_generator_receive_type,5
get_coroutine_return_type,5
push_function,5
suppress_unreachable_warnings,5
lvalue_name,5
rvalue_name,5
reverse_class,5
forward_base_erased,5
emitted_msg,5
base_tvar,5
enum_base,5
make_fake_typeinfo,5
p_second_type,5
is_false_literal,5
p_rvalue_type,5
type_contexts,5
iterable_end,5
undefined_rvalue,5
rvalue_literal,5
star_rv_types,5
alt_rvalue_type,5
is_lambda,5
true_map,5
curr_module,5
ityp,5
if_types,5
else_types,5
get_isinstance_type,5
and_conditional_maps,5
can_be_narrowed_with_len,5
narrow_with_len,5
Narrow,5
expr_in_type_expr,5
get_type_range_of_type,5
_propagate_walrus_assignments,5
supertype_str,5
note_call,5
allow_untyped_globals,5
with_attr,5
remaining_type,5
p_current_type,5
normalized_items,5
sig_variant,5
other_variant,5
is_subset_no_promote,5
inplace_method,5
subtree_root,5
root_id_to_keys,5
operand_to_literal_hash,5
EqualityDomainInfo,5
right_info,5
translate_type_list,5
listexpr,5
td_type,5
BuildType,5
follow_imports_for_stubs,5
OPTIONS_AFFECTING_CACHE_NO_PLATFORM,5
exclude_gitignore,5
warn_unused_configs,5
sqlite_cache,5
dump_type_stats,5
line_checking_stats,5
fast_exit,5
FUNC,5
dataclass_field_specifier,5
retname,5
foundl,5
is_alias_expression,5
is_explicit_type_alias,5
mypy_opts,5
MAX_TUPLE_ITEMS,5
MAX_UNION_ITEMS,5
UNION_ATTR,5
value_type_str,5
expected_value_type_str,5
unexpected_kwargs,5
all_valid_kwargs,5
override_target,5
pretty_callable_or_overload,5
arg_num,5
var_used_before_def,5
attrs_with_none,5
recommended_type,5
typeddict_key_not_found,5
cannot_use_function_with_type,5
format_type_inner,5
different_setter,5
invariant_type,5
covariant_suggestion,5
non_matching,5
replace_meta_vars,5
has_await_expression,5
strfrm_checker,5
_arg_infer_context_cache,5
type_overrides,5
defn_returns_none,5
check_typeddict_call_with_dict,5
item_name_expr,5
orig_ret_type,5
formal_arg_names,5
skip_non_overlapping,5
call_function,5
argument_infer_context,5
p_actual_type,5
p_callee_type,5
new_kinds,5
too_complex,5
arg_approximate_similarity,5
allow_reverse,5
original_container,5
left_name,5
rev_op_name,5
variants_raw,5
right_variants,5
try_getting_int_literals,5
min_tuple_length,5
nonliteral_tuple_index_helper,5
apply_type_arguments_to_callable,5
check_lst_expr,5
tuple_context_matches,5
unpack_in_context,5
stargs,5
typeddict_context,5
instance_info,5
sequence_type,5
ctx_items,5
p_default,5
name_exprs,5
member_exprs,5
arg_idx,5
meet_type_list,5
flag_prefix_map,5
infer_python_executable,5
no_executable,5
running_mypy,5
CapturableArgumentParser,5
platform_group,5
set_package_root,5
parse_type_string,5
SqliteMetadataStore,5
_shard_index,5
_IPCHandle,5
frame_from_buffer,5
ready_to_read,5
conns,5
allow_cache,5
default_ret_type,5
self_vars,5
typeargs,5
simplified_set,5
try_getting_instance_fallback,5
_get_type_method_ret_type,5
try_getting_literals_from_type,5
NodeFixer,5
record_assignment,5
transitive_closure,5
compute_dependencies,5
free_solutions,5
best_free,5
reverse_union_cs,5
new_solutions,5
_import_lines,5
real_short,5
attrs_dict,5
base_attrs,5
inspection_str,5
inspection_strs,5
initial_gc_freeze_done,5
WorkerClient,5
PRI_MED,5
old_plugins_snapshot,5
quickstart_state,5
shadow_equivalence_map,5
process_graph,5
real_only,5
parallel_parsed_states,5
parallel_parsed_states_set,5
cur_id,5
find_module_simple,5
to_scc_id,5
trigger_to_target,5
log_error_fmt,5
cachedir_tag,5
skip_diagnose,5
stale_scc,5
stale_indirect,5
new_hash,5
pri_spread,5
missing_sccs,5
sid,5
prev_scc,5
meta_files,5
scc_deps_map,5
SCC_REQUEST_MESSAGE,5
_INI_PARSER_CALLABLE,5
ini_config_types,5
ndec,5
expr_string,5
YieldFrom,5
translate_stmt_list,5
_strip_contents_from_if_stmt,5
empty_string,5
node_stack,5
refresh_node,5
TUPLE_GEN,5
PyAnnotateSignature,5
crawl_up,5
TType,5
checked_scopes,5
is_undefined,5
non_skipped_branches,5
pop_undefined_ref,5
DefinedVariableTracker,5
subkeys,5
resulting_types,5
possible_types,5
init_under_package_root,5
initial_components,5
dir_chain,5
is_init_file,5
third_party_inline_dirs,5
non_stub_match,5
candidate_base_dirs,5
path_stubs,5
isfile_case_cache,5
exists_case_cache,5
WILDCARD_TAG,5
non_trivial_bases,5
add_operator_method_dependency_for_type,5
add_iter_dependency,5
merge_asts,5
previous_messages,5
dedupe_modules,5
blocker_messages,5
propagate_changes_using_dependencies,5
old_snapshots,5
BlockedUpdate,5
targets_with_errors,5
to_process,5
stale_protos,5
stale_proto,5
NodeReplaceVisitor,5
other_dir,5
find_steps,5
check_test_output_files,5
FileOperation,5
module_from_path,5
assert_target_equivalence,5
output_inline_start,5
typefixture,5
basic_input,5
two_groups,5
testfile_pyversion,5
get_semanal_options,5
testfinegrained,5
expected_errors,5
_p1,5
Flags1,5
Flags2,5
FLAG,5
has_nativeparse,5
flags_str,5
ignore_node,5
AA2,5
lit3_inst,5
lit_str3_inst,5
gfb,5
type_c,5
tvar1,5
tvar2,5
assert_same,5
assert_simple_is_same,5
is_last,5
cobertura_package,5
child_package,5
str_type_info,5
GS2,5
typevar_tuple_index,5
bool_func,5
gfi,5
tmp_output,5
data_prefix,5
_fixes,5
assert_unrelated,5
root_deps,5
applied_root_deps,5
out_dir,5
wait_time,5
new_time,5
build_cache,5
num_regular_incremental_steps,5
run_pytest_data_suite,5
_run_pytest,5
_get_bool_argument,5
slots_default,5
dataclass_makers,5
_TRANSFORM_SPEC_FOR_DATACLASSES,5
to_argument,5
_is_kw_only_type,5
order_tvar_def,5
SINGLEDISPATCH_REGISTER_RETURN_CLASS,5
register_callable,5
register_arg,5
callee_node_type,5
MethodSpec,5
root_method,5
ActionFunction,5
show_stats,5
matching_exceptions,5
nonmatching_exceptions,5
_safe_string,5
need_close,5
margin_char,5
possible_name,5
max_distance,5
norm_files,5
AlreadyRegisteredError,5
_backend_name,5
match_tree_files,5
RegexMatchResult,5
SimpleGiBackend,5
prev_index,5
_debug_regex,5
range_error,5
rfc5545,5
M365MASK,5
M29,5
MDAY365MASK,5
_invalidates_cache,5
recurrences,5
FREQ,5
original_rule,5
ddayset,5
gettimeset,5
nwdaymask,5
poslist,5
numweeks,5
_genitem,5
unfold,5
_parse_rfc_rrule,5
tzlookup,5
rrulevals,5
rdatevals,5
exdatevals,5
nlyearday,5
jumpdays,5
_TzSingleton,5
_validate_fromutc_inputs,5
ttisgmtcnt,5
ttisstdcnt,5
lastdst,5
lastbaseoffset,5
_get_ttinfo,5
_dst_base_offset_,5
_parsetz,5
_comps,5
_cachedate,5
VTIMEZONE,5
rrulelines,5
second_offset,5
LoadStringW,5
tzr,5
tzname_str,5
tzwinbase,5
_stddayofweek,5
_dstdayofweek,5
_stdweeknumber,5
_dstweeknumber,5
_stdhour,5
_dsthour,5
_stdminute,5
_dstminute,5
_DatetimeWithFold,5
METADATA_FN,5
_takes_ascii,5
_DATE_SEP,5
ordinal_day,5
_timelex,5
isword,5
isnum,5
dstridx,5
_to_decimal,5
_tzparser,5
offattr,5
RemovedCommandError,5
unpack_directory,5
SandboxViolation,5
UnpickleableException,5
_install_setup_requires,5
_fix_config,5
dist_infos,5
parse_configuration,5
attrs_path,5
values_parser,5
forcex86,5
ProgramFilesx86,5
WindowsSdkVersion,5
NetFxSdkDir,5
_build_paths,5
allow_hosts,5
_tmp_extras_require,5
command_consumes_arguments,5
egg_info_for_url,5
adns,5
package_pages,5
_scan,5
fetch_distribution,5
_Command,5
get_macosx_target_ver,5
syscfg_ver,5
env_ver,5
split_version,5
if_dl,5
shlibs,5
upload_dir,5
build_sphinx,5
write_or_delete_file,5
_remove_files,5
u_path,5
PthDistributions,5
no_find_links,5
all_site_dirs,5
is_site_dir,5
install_wrapper_scripts,5
egg_distribution,5
install_egg,5
fix_zipimporter_caches,5
sitedir_name,5
new_header,5
sorted_walk,5
src_dirs,5
_OrderedDict,5
LineStart,5
NoMatch,5
ParseSyntaxException,5
WordEnd,5
WordStart,5
withClass,5
singleArgBuiltins,5
line_str,5
_ErrorStop,5
_iterkeys,5
locn,5
doctag,5
namedItemsOnly,5
namedItems,5
nextLevelIndent,5
failAction,5
keepTabs,5
key_fifo,5
packrat_cache,5
packrat_cache_stats,5
parseWithTabs,5
nextLoc,5
makeOptionalList,5
fullDump,5
asKeyword,5
bodychars,5
throwException,5
unquoteResults,5
convertWhitespaceEscapes,5
matchWhite,5
exprtokens,5
tmpOpt,5
algebraic,5
joinString,5
paArgs,5
hex_integer,5
closeTag,5
ANY_VALUE,5
rightLeftAssoc,5
opExpr1,5
opExpr2,5
items_to_remove,5
LegacySpecifier,5
ELFCLASS32,5
e_ident_class,5
consecutive_groups,5
distinct_permutations,5
exactly_n,5
interleave_longest,5
make_decorator,5
nth_or_last,5
split_after,5
split_before,5
stagger,5
zip_equal,5
zip_offset,5
value_chain,5
_validator,5
next_item,5
set_partitions_helper,5
Largest,5
items_seen,5
first_true,5
extraheader,5
fontdimens,5
lig_step,5
lig_kern_command,5
left_boundary_char,5
char_tag,5
leftchar,5
rightchar,5
_comments,5
xOffset,5
yOffset,5
UFOFormatVersionInput,5
KerningGroups,5
EE0,5
F7FF,5
F8FF,5
colonmonetary,5
A5E,5
FB00,5
fiveeighths,5
FF70,5
EDF,5
AD0,5
onedotenleader,5
oneeighth,5
onethird,5
threeeighths,5
twothirds,5
UVs,5
isZapfDingbats,5
D7FF,5
setupHorizontalMetrics,5
setupNameTable,5
glyphTable,5
getCharString,5
x00005000,5
reserved3,5
advanceHeightMax,5
cmapping_3_1,5
nameValue,5
recalcAvgCharWidth,5
calcGlyphBounds,5
postscriptfontname,5
GVAR,5
postTable,5
addOpenTypeFeaturesFromString,5
getMacCreatorAndType,5
mergeFile,5
validOptions,5
loadData,5
output_name,5
USE_ZOPFLI,5
importXML,5
guessFileType,5
ttcf,5
wOFF,5
specializeProgram,5
optimizeWidths,5
programToString,5
lenBlendStack,5
hstem,5
token_list,5
rcurveline,5
rlinecurve,5
deltaList,5
generalizeCommands,5
_mergeCategories,5
blendlist,5
stackLen,5
generalizeFirst,5
cumSum,5
removeUnusedSubrs,5
subrNumber,5
CFFToCFF2,5
op_hstem,5
processHint,5
op_vstem,5
op_hstemhm,5
op_vstemhm,5
subr_hints,5
local_subrs,5
SubrsIndex,5
lastPosList,5
calcOffSize,5
offsetBase,5
produceItem,5
kBlendDictOpName,5
valueString,5
TableConverter,5
predefinedCharSetVal,5
BaseDict,5
FontDicts,5
x00A9,5
tmpdirpath,5
tt_left,5
tt_right,5
FloatValue,5
OptionalValue,5
_ColorGlyphsDict,5
VarColorStop,5
baseGlyphRecords,5
layerGlyph,5
paletteIndex,5
COLRv0,5
table__n_a_m_e,5
LayerReuseCache,5
new_slice,5
LayerCount,5
layerBuilder,5
unbuildColrV1,5
unbuilder,5
_compression_level_from_env,5
inferGlyphClasses,5
MarkLigPosBuilder,5
build_subst_subtables,5
classRuleAttr,5
setForThisRule,5
ChainContextPosBuilder,5
SubRule,5
ChainSubRule,5
ChainSubClassRule,5
PosRule,5
PosClassRule,5
ChainPosRule,5
new_subtable,5
Cursive,5
Mark1Coverage,5
reversesub,5
buildSingleSubstSubtable,5
buildPairPosClassesSubtable,5
AnchorPoint,5
buildDevice,5
lam,5
_getValueFormat,5
classes1,5
formatA,5
formatB,5
glyphA,5
glyphB,5
valueRecords,5
attachPoints,5
classes_,5
classDef,5
rangeMinValue,5
rangeMaxValue,5
_addName,5
DesignAxisRecordSize,5
axisRecordIndex,5
minConnectorOverlap,5
ItalicsCorrectionCount,5
TopAccentCoverage,5
TopAccentAttachmentCount,5
MathKernCoverage,5
MathKernCount,5
maxCtxContextualRule,5
ruleType,5
GPOS_COMPACT_MODE_ENV_KEY,5
compact_pair_pos,5
all_pairs,5
_getClassRanges,5
min_glyph_id,5
max_glyph_id,5
all_class1_data,5
glyphArray,5
max_new_subtables,5
_type1_pre_eexec_order,5
_type1_post_eexec_order,5
_make_lines,5
ND_key,5
NP_key,5
assertType1,5
computeMegaCmap,5
sumDicts,5
pen1,5
UVS,5
bitNumber,5
tr44,5
SHAPES,5
E0000,5
E0080,5
E00FF,5
E01F0,5
langSyses,5
BaseTagCount,5
mtiLib,5
_merge__ContextHelpers,5
mapMarkFilteringSets,5
guidelinesValidator,5
writeGlyphToString,5
writeGlyph,5
CreateFailed,5
invalidFormat,5
layerInfoVersion3ValueData,5
getGLIF,5
existingFileNames,5
validFormatVersions,5
offcurves,5
offCurvesCount,5
_DoneParsing,5
MMK_R_DGroup,5
isDictEnough,5
genericNonNegativeIntValidator,5
genericNonNegativeNumberValidator,5
fontInfoWOFFMetadataTextValue,5
bogusFileMessage,5
Leming,5
reservedFileNames,5
UFOWriter,5
fontInfoAttributesVersion1,5
fontInfoAttributesVersion2,5
DATA_DIRNAME,5
ZipFS,5
ClosingSubFS,5
_readLayerContents,5
overriden,5
tempfs,5
metaInfo,5
copy_dir,5
uniqueID,5
_flipDict,5
macUtils,5
replayRecording,5
pushLocation,5
_evaluateCondition,5
ConditionList,5
RESET_UNSPECIFIED_AXES,5
LerpGlyphSet,5
C_F_F_,5
S_V_G_,5
_c_v_t,5
_g_v_a_r,5
_h_h_e_a,5
_v_h_e_a,5
table_C_F_F_,5
table_E_B_D_T_,5
Sill,5
table__h_h_e_a,5
table__v_h_e_a,5
reversecmap,5
getGlyphNames,5
getGlyphIDMany,5
masterTable,5
reorderGlyphs,5
_customTableRegistry,5
z_0,5
itemSize,5
getComponentInfo,5
TTLibFileIsCollectionError,5
ttCollection,5
calcIntBounds,5
haveBrotli,5
compressedData,5
WOFF2FlavorData,5
directoryFormat,5
packBase128,5
subStreams,5
hasOverlapSimpleBitmap,5
bboxBitmapSize,5
baseval,5
xySignBits,5
base128Size,5
parser_decompress,5
shareTables,5
WOFFDirectoryEntry,5
_traverse_ot_data,5
add_to_frontier_fn,5
HAVE_SCALE_Y,5
_cff_scale,5
PaintScaleUniform,5
PaintTransform,5
attNum,5
negatively,5
graphite_techAbout,5
ulFormat,5
SignatureRecord,5
headerTag,5
numberOfMetricsName,5
getImageFormatClass,5
dataFunctions,5
useSharedPoints,5
sharedTupleIndices,5
FVAR_HEADER_FORMAT,5
FVAR_INSTANCE_FORMAT,5
TRACK_DATA_FORMAT_SIZE,5
TRACK_TABLE_ENTRY_FORMAT_SIZE,5
SIZE_VALUE_FORMAT_SIZE,5
PER_SIZE_VALUE_FORMAT_SIZE,5
trackDataHeader,5
TrackTableEntry,5
postFormat,5
decode_format_2_0,5
extraDict,5
INTERMEDIATE_REGION,5
x0FFF,5
wrote_any_deltas,5
decompileCoord_,5
compileDeltaValues_,5
deltasSize,5
TupleVariations,5
sharedTupleCount,5
pointDatas,5
pointSet,5
numFeats,5
vid,5
tag2num,5
HHL,5
fontations,5
encodingTools,5
nameRecordFormat,5
argValue,5
reqNameSet,5
macLang,5
FeatureParamsStylisticSet,5
FeatureParamsCharacterVariants,5
FeatUILabelNameID,5
FeatUITooltipTextNameID,5
SampleTextNameID,5
FirstParamUILabelNameID,5
wallpaper,5
META_HEADER_FORMAT,5
DATA_MAP_FORMAT,5
PUSHB,5
ploopvalue,5
IDEF,5
mnemonicDict,5
fromAssembly,5
getAssembly,5
PUSH,5
startIndex,5
packedPalette,5
paletteLabel,5
bitmapSizeTableFormatPart1,5
numberOfIndexSubTables,5
bitmapSizeTableFormatPart2,5
indexSubHeaderFormat,5
dataFormat,5
offsetArray,5
allLocations,5
PURE_FT,5
_gatherTables,5
use_hb_repack,5
lastOverflowRecord,5
fixLookupOverFlows,5
getCountData,5
numItems,5
shareExtension,5
getConverterByName,5
writeNullOffset,5
deleteFormat,5
ValueRecordFactory,5
simpleItems,5
ClassValueArray,5
Mark2,5
Shrinkage,5
JstfMax,5
FeatureTableSubstitutionRecord,5
ValueTag,5
ValueRecordSize,5
tolerated,5
BaselineValues,5
char64,5
GlyphCIDMap,5
CoverageFlags,5
ContextualMorphAction,5
PaintRotate,5
PaintComposite,5
SubHeader,5
firstChar,5
GIDs,5
lastFirstByte,5
secondByte,5
orderedBegin,5
cmap_format_12_or_13,5
startingGlyph,5
cvtFromUVS,5
varUVS,5
uvsList,5
lastUV,5
defRecs,5
ndefList,5
glyphCode,5
exportBitDepth,5
EbdtComponent,5
numBits,5
fullPath,5
firstHalf,5
versionToFixed,5
AATStateTable,5
AATState,5
StructWithLength,5
ULong,5
BaseFixedValue,5
fromInt,5
segStart,5
segValue,5
dataReader,5
lookupReader,5
reverseOrder,5
ligaturesReader,5
glyphClassCount,5
glyphClassTableOffset,5
actionHeaderSize,5
actionData,5
stateArrayData,5
ligComponentsOffset,5
ligComponentsData,5
innerMask,5
CODE_POINT_BIAS_BITS,5
designSpaceSegments,5
modeAndCount,5
childEntryIndices,5
LookupDebugInfo,5
HAVE_AXES,5
fractionalBits,5
_writeFlagsToXML,5
_setFlag,5
MarkFirst,5
MarkLast,5
SetComponent,5
mapList,5
_getGlyphsFromCoverageTable,5
lastName,5
is_variable,5
redefinedGlyphs,5
missingGlyphs,5
oldMapping,5
markRecord,5
VarType,5
bininfo,5
Silf_part1_format_v3,5
Silf_justify_format,5
numTransitional,5
numSuccess,5
aCode_info,5
numScriptTag,5
colMap,5
rulePreContexts,5
ruleSortKeys,5
passRanges,5
sameval,5
svgDocOffset,5
svgDocLength,5
boundsWidthDict,5
timestampFromString,5
timestampToString,5
headFormat,5
kern_classes,5
kernsubtable,5
boundsHeightDict,5
GVAR_HEADER_SIZE,5
noname,5
WE_HAVE_INSTRUCTIONS,5
repeatCount,5
allFlags,5
cubicFlags,5
lastOnCurve,5
dropImpliedOnCurvePoints,5
panoseFormat,5
OS2_format_5_addition,5
ul3,5
googlei18n,5
xA92F,5
VDMX_HeaderFmt,5
VDMX_RatRangeFmt,5
bCharSet,5
xRatio,5
yStartRatio,5
yEndRatio,5
VDMX_GroupFmt,5
VDMX_vTableFmt,5
MetaTools,5
VTP,5
voltToFea,5
_glyphclasses,5
_lookup_names,5
_class_names,5
ignore_unsupported_settings,5
SettingDefinition,5
FeatureBlock,5
language_tags,5
COMPONENT,5
TableBlock,5
stag,5
coverage_1,5
coverage_2,5
markclass,5
MarkLigPosStatement,5
CursivePosStatement,5
MultipleSubstStatement,5
LigatureSubstStatement,5
LookupFlagStatement,5
ADJUST_BY,5
fea_filename,5
CHAR_NEWLINE_,5
filename_,5
location_,5
langs_,5
make_lexer_,5
lexer_,5
parse_position_,5
max_src,5
max_dest,5
parse_pos_,5
combined_name,5
_complex_div_by_real,5
generate_curve,5
run_benchmark,5
prod_ratio,5
sum_ratio,5
i_sol_error,5
reconst,5
LOOKUP_DEBUG_ENV_VAR,5
setReference,5
scriptTag,5
langSysTag,5
stripSplitComma,5
scriptRec,5
featureRec,5
pairset,5
parseClassDef,5
compCount,5
klassName,5
intersect_class,5
parseContext,5
conditionsets,5
type_narrowing,5
getStatNames,5
splitInterpolable,5
getVariableFonts,5
vfs,5
vfName,5
VFs,5
addAxis,5
addInstance,5
selectionValue,5
newNames,5
design1,5
axisDescriptorClass,5
axisMappingDescriptorClass,5
ruleDescriptorClass,5
sourceDescriptorClass,5
instanceDescriptorClass,5
effectiveFormatTuple,5
lastGroup,5
_makeLocationElement,5
validatedLocation,5
dimensionValue,5
groupsElement,5
featuresElement,5
noteElement,5
sourceName,5
defaultSource,5
regular_label,5
upright_label,5
ignoreSinglePoints,5
r56,5
r62,5
r67,5
r72,5
r79,5
r80,5
r83,5
r99,5
r100,5
r114,5
r125,5
r126,5
FT_CURVE_TAG_ON,5
lastSegmentType,5
DecomposingRecordingPointPen,5
ray,5
intersectionCount,5
_addIntersection,5
componentFlags,5
AreaPen,5
RoundingPointPen,5
decomposeQuadraticSegment,5
pt2x,5
pt2y,5
newArgs,5
approximateQuadraticArcLengthC,5
calcQuadraticArcLengthC,5
approximateCubicArcLengthC,5
calcCubicArcLengthC,5
getCommands,5
lastType,5
on_curve,5
new_segment,5
HashPointPen,5
TeePen,5
NestedBlock,5
nameid,5
FRENCH_ACCENTS,5
add_chain_context_pos,5
add_chain_context_subst,5
LigatureCaretByIndex,5
LigatureCaretByPos,5
MarkAttachmentType,5
add_specific_pair_pos,5
valueRecordDef,5
simplify_name_attributes,5
conditionsets_,5
feature_variations_,5
addFeatureVariationsRaw,5
required_features_,5
aalt_alternates_,5
featureNames,5
glyphClassDefs_,5
markAttach_,5
markFilterSets_,5
markClassDef,5
setGlyphClass_,5
otName,5
scan_anonymous_block,5
fname_token,5
parse_anchor_,5
parse_anchor_marks_,5
expect_glyph_,5
parse_name_,5
Indic,5
Elbasan,5
Todhri,5
Sora,5
Mahajani,5
Dogra,5
Soyombo,5
Makasar,5
Medefaidrin,5
DDF,5
FDF,5
FEF,5
FF0,5
A6FF,5
A700,5
B5F,5
D3F,5
FB0,5
ScriptExtensions,5
Sogd,5
Runr,5
Tglg,5
Mero,5
Kali,5
Bugi,5
Tai_Le,5
Kayah_Li,5
Tai_Viet,5
Old_Italic,5
Old_Persian,5
Caucasian_Albanian,5
Imperial_Aramaic,5
Inscriptional_Parthian,5
Inscriptional_Pahlavi,5
Hanifi_Rohingya,5
Sora_Sompeng,5
Warang_Citi,5
Tolong_Siki,5
Egyptian_Hieroglyphs,5
Bassa_Vah,5
Beria_Erfe,5
Ol_Onal,5
Mende_Kikakui,5
D66,5
Khmr,5
Talu,5
Hatr,5
Merc,5
Bhks,5
Xsux,5
Hmnp,5
script_extension,5
transformed_mid_point,5
_vhline,5
op_endchar,5
seac,5
setProgram,5
notdef_glyph,5
csi,5
reverseOrigGlyphMap,5
__subset_classify_context,5
_subset__ContextHelpers,5
prune_lookups,5
duplicate_features,5
feature_map,5
markGlyphSets,5
last_retained_order,5
retainFirstMap,5
retained_palette_indices,5
nextId,5
dontLoadGlyphNames,5
defaultStop,5
decryptedStr,5
plainstring,5
parse_values,5
skip_unknown,5
finderInfo,5
LevelFormatter,5
sectRect,5
splitCubic,5
splitQuadraticAtT,5
splitCubicAtT,5
linePointAtT,5
lineLineIntersections,5
calcQuadraticParameters,5
calcCubicParameters,5
t1_3,5
e1y,5
e2y,5
transformPoints,5
fromTransform,5
valueSet,5
newLayer,5
rangeEnd,5
parseInto,5
t2OperandEncoding,5
cffDictOperandEncoding,5
encodeFixed,5
getToken,5
maxStackUse,5
gotWidth,5
subrLevel,5
rLineTo,5
operandEncoding,5
outlineExtractor,5
_cur_vsindex,5
dirtybuf,5
cleanstr,5
fontdir,5
XML_DECLARATION,5
_Attrib,5
_subfs,5
_WINDOWS_PLATFORM,5
forcedir,5
epoch_to_datetime,5
offender_index,5
InconsistentFormats,5
_add_VarData,5
newVarData,5
usedMinors,5
newItems,5
varidxes,5
varidxes_map,5
width_sort_key,5
combined_chars,5
cleanupBox,5
varFeature,5
scriptRecord,5
lookupListIndices,5
tagIndexFea,5
new_program,5
width_delta,5
locargs,5
corrected_start_point_size,5
proposed_start,5
fixed1,5
fixed2,5
OPEN_PATH,5
NODE_COUNT,5
NODE_INCOMPATIBILITY,5
subList,5
origLocations,5
VarData_calculateNumShorts,5
regionFDArrays,5
ordered_fonts_list,5
varTupleIndexes,5
default_charstring,5
add_point,5
master_0,5
mergerFunc,5
allValues,5
dict_sets,5
dict_set,5
vpair,5
exemplarGlyph,5
allClasses,5
varIndexCache,5
varTableIds,5
uniqueLayerIDs,5
varFormat,5
matching_for_vectors,5
_NUM_ITEMS_PER_POINTS_COMPLEX_VECTOR,5
DEFAULT_KINKINESS,5
controlVectors,5
ignore_missing,5
nodes1,5
nodes2,5
m1Isomorphisms,5
m0Vectors,5
min_cost_idx,5
_Delta,5
_DeltaOrNoneSegment,5
iup_segment,5
lcj,5
ncj,5
_add_fvar,5
master_glyfs,5
master_glyph,5
comp_names,5
vOrigMap,5
denorm,5
axisMeasurements,5
targetMax,5
mappingNormalized,5
axisIndexMap,5
FAMILY_NAME,5
SUBFAMILY_NAME,5
TYPOGRAPHIC_FAMILY_NAME,5
TYPOGRAPHIC_SUBFAMILY_NAME,5
seenAxes,5
currentRecord,5
tents,5
REMOVE_AND_IGNORE_ERRORS,5
newVar,5
nRegions,5
varDataCursor,5
instantiateItemVariationStore,5
_remapVarIdxMap,5
VariationIndex,5
uniqueRegions,5
itemCount,5
newItemVarStore,5
previousValue,5
updateFontNames,5
new_mode,5
repmat,5
origcols,5
CONFIG,5
array_api,5
foo_func,5
_flagdict,5
base_ext,5
libname_ext,5
element_type,5
atanh,5
little_endian,5
_stride_tricks_impl,5
_wn,5
asunicode,5
_NBitIntP,5
uint128,5
float256,5
complex512,5
_add_docstring,5
RUN_MYPY,5
_strip_filename,5
get_test_cases,5
_SupportsArrayFunc,5
D_arr_1p5,5
D_arr_like_1p5,5
D_2D_like,5
nonzero_array,5
subtractions,5
ctypes_obj,5
complex_array,5
void_dtype_obj,5
recfunctions,5
b_a,5
repack_fields,5
_ShapeLike,5
_ULongCodes,5
_SCT,5
_VoidDTypeLike,5
_Shape,5
_docstrings_list,5
_BoolLike_co,5
_IntLike_co,5
_StringCodes,5
addfield,5
delimitor,5
keepdims_kw,5
sar,5
anomalies,5
masked_object,5
default_filler,5
scalar_dtype,5
_recursive_fill_value,5
get_fill_value,5
_MaskedUFunc,5
mufunc,5
_replace_dtype_fields,5
inishape,5
scalar_expected,5
dindx,5
dtype_is_implied,5
u8_arr,5
nmask,5
outputmask,5
_mask_propagate,5
mrec_,5
mrectxt,5
avg_masked,5
xmm,5
y1a,5
mx2,5
timecode,5
intdata,5
xx_r,5
test_zeros,5
aravel,5
m_arr,5
mxcsub_nomask,5
_fr0,5
_str_resolution,5
_str_smallest_normal,5
_str_smallest_subnormal,5
_title_fmt,5
_KNOWN_TYPES,5
nmant,5
MAY_SHARE_EXACT,5
dragon4_positional,5
dragon4_scientific,5
surnames,5
first_names,5
new_opt,5
updated_opt,5
_leading_trailing,5
StructuredVoidFormat,5
int_part,5
data_max,5
data_min,5
non_nat,5
void_dtype,5
idx_contraction,5
con_sets,5
_can_dot,5
out_ellipse,5
size_list,5
ilm,5
njm,5
nlk,5
output_order,5
tensor_result,5
_mult_inplace,5
_to_bytes_or_str_array,5
ca1,5
max_arr_ndim,5
slice_prefixes,5
AAAbb,5
_block_slicing,5
_block_concatenate,5
bottom_index,5
Thrown,5
english_lower,5
_kind_name,5
_unpack_field,5
_isunsized,5
NPY_,5
relevant_args,5
fpc,5
common_alignment,5
typechar,5
in_args,5
gufunc,5
ranged,5
has_index,5
_umath_linalg,5
auxdata,5
swapped_code,5
U16,5
as_,5
_wrapit,5
Lancelot,5
Galahad,5
FDG,5
repr_dtype,5
_deprecate_shape_0_as_None,5
umr_any,5
tst_locale,5
assert_arg_sorted,5
outer_ragged,5
a_tmp,5
_test_sort_partition,5
array_from_buffer,5
wh_lower,5
wh_middle,5
syrk,5
fcodes,5
Coerced,5
MyType,5
non_contiguous_array,5
original_byte_reversed,5
clip_min,5
clip_max,5
offset_items,5
fn1,5
fn3,5
A_d,5
X_d,5
A_f_22,5
X_f_2,5
MatmulCommon,5
random_ints,5
true_vals,5
ArrayRandom,5
self_containing,5
check_array,5
my_always_equal,5
npfun,5
neginfarr,5
get_scaling,5
_ScaledFloatTestDType,5
promoter,5
fgehi,5
dt_padded_end,5
legacy_125,5
key_length,5
INT128_MAX,5
divbyzero,5
c128,5
assert_equal_w_dt,5
aS1,5
aind,5
string_with_modified_length,5
res_other_dt,5
str_arr_short,5
floordiv_and_mod,5
arr_like,5
myf_simple1,5
rop_func,5
behaves_like,5
np2,5
ntp3,5
nRp4,5
can_ignore,5
arr_bs,5
mm_col_vec,5
mm_row_vec,5
mm_row_col_vec,5
mm_row_col_array,5
struct_ufunc,5
w_at,5
w_loop,5
y_base_copy,5
f_reduce,5
conv1d_full,5
res_n,5
res_o,5
_new_duck_type_and_implements,5
spack,5
s64,5
cmpeq,5
data_zipl,5
data_ziph,5
vzip,5
permn,5
data_div,5
false_mask,5
int_sfx,5
is_divmod,5
_create_unary_propagating_op,5
PbufferT,5
NbufferT,5
close_dtype,5
codes_only,5
mv_a,5
_as_dict,5
WRITABLE,5
test_0D_array,5
test_1D_array,5
test_2D_array,5
ijklm,5
acdf,5
dbf,5
fcd,5
iter_struct_object_dtypes,5
creation_obj,5
items_changed,5
simple1,5
check_canonical,5
dt_name,5
annotated_int_array,5
equivalent_requirement,5
available_float_dtypes,5
pad_val,5
o_str,5
arr0,5
oldsqueeze,5
koi8r_validity,5
a_rec,5
shift_pattern,5
a_exp,5
a32,5
extbuild,5
calloc,5
METH_NOARGS,5
PyDataMem_SetHandler,5
Py_DECREF,5
NPY_NO_EXPORT,5
fprintf,5
build_and_import_extension,5
concurrent_task1,5
concurrent_task2,5
SEGV,5
SequenceLike,5
new_indices,5
_has_pytz,5
dt_other,5
td_other,5
b_lst,5
c_div,5
neg_min,5
overflow_results,5
ONE_INVALID_ERR,5
BYZERO_ERR,5
exp_true,5
y_true128,5
_test_lcm_inner,5
re_sign,5
im_sign,5
COMPARISONS,5
WhO,5
U00010429,5
U0001044Ex,5
check_itemsize,5
random_slice,5
steps2,5
b_out,5
ignore_others,5
test_case_instance,5
test_not_deprecated,5
na_object2,5
s_long,5
sarr2,5
oarr2,5
lres,5
INITIALIZED,5
ones11,5
maxu,5
rc_a,5
rc_dt,5
it1,5
inval,5
AbstractTest,5
cpu_have,5
BASELINE_FEAT,5
MAX_VAR_LENGTH,5
is_linux,5
AVX512VPOPCNTDQ,5
AVX512VNNI,5
_raw_fft,5
is_forward,5
_raw_fftnd,5
decreasingly,5
fft1,5
_tol,5
input_shape,5
_test_mtsame,5
shift_dim0,5
axes_keyword,5
rowtype,5
_get_fresh_mod,5
warn_other_module,5
tdir,5
ReferenceCycleInDel,5
methods_table,5
cfuncname,5
memusage,5
_build_err_msg,5
x_id,5
__cache,5
expected_regexp,5
_forwarding_rule,5
_orig_show,5
use_warnmsg,5
Detection,4
process_tokens,4
nag,4
is_simple,4
quicker,4
witness,4
Jeff,4
runsource,4
showsyntaxerror,4
runcode,4
resetbuffer,4
ImpLoader,4
extend_path,4
iter_importer_modules,4
_reopen,4
_get_delegate,4
rescan,4
impedance,4
pkgfile,4
provision,4
onceregistry,4
_warnings_defaults,4
getctime,4
ismount,4
supports_unicode_filenames,4
sameopenfile,4
_getvolumepathname,4
USERNAME,4
media,4
allowed_winerror,4
unc_prefix,4
start_rest,4
drivesplits,4
overkill,4
EXT,4
TAKEN_FROM_ARGUMENT4,4
TAKEN_FROM_ARGUMENT4U,4
read_uint2,4
x00c,4
read_stringnl_noescape,4
stringnl_noescape_pair,4
read_string1,4
x03abcdef,4
x00abc,4
x00abcdef,4
read_bytes1,4
bigsize8,4
unicodestringnl,4
read_unicodestring1,4
read_unicodestring4,4
read_unicodestring8,4
read_decimalnl_short,4
read_decimalnl_long,4
float8,4
pybytes_or_str,4
pybytes,4
pybuffer,4
whatsoever,4
SHORT_BINSTRING,4
SHORT_BINBYTES,4
NEXT_BUFFER,4
READONLY_BUFFER,4
SHORT_BINUNICODE,4
TUPLE3,4
EMPTY_SET,4
ADDITEMS,4
FROZENSET,4
DUP,4
Memo,4
negotiation,4
remind,4
Applying,4
BINPERSID,4
frameless,4
disassembled,4
maxproto,4
complaining,4
realize,4
getcomments,4
Ignores,4
isgetsetdescriptor,4
_has_code_flag,4
_signature_is_functionlike,4
CO_GENERATOR,4
CO_ITERABLE_COROUTINE,4
co_posonlyargcount,4
co_nlocals,4
co_stacksize,4
class_bases,4
reveals,4
srch_obj,4
indentsize,4
_finddoc,4
BlockFinder,4
srowcol,4
blockfinder,4
_signature_from_callable,4
base_module,4
kwonlyarg,4
num_defaults,4
Nonlocal,4
_check_class,4
_shadowed_dict,4
GEN_CREATED,4
GEN_RUNNING,4
GEN_SUSPENDED,4
GEN_CLOSED,4
CORO_CREATED,4
CORO_RUNNING,4
CORO_SUSPENDED,4
CORO_CLOSED,4
_NonUserDefinedCallables,4
partial_args,4
param1,4
current_parameter,4
clean_signature,4
kw_defaults,4
keyword_only_count,4
Unbound,4
first_wrapped_param,4
sig_params,4
recast,4
new_arguments,4
kind_defaults,4
_hash_basis,4
kwargs_param,4
render_kw_only_separator,4
_shutil,4
supports_dir_fd,4
_text_openflags,4
endless,4
TMPDIR,4
_get_candidate_names,4
_closer,4
_O_TMPFILE_WORKS,4
O_DIRECTORY,4
_TemporaryFileArgs,4
localport,4
remotehost,4
remoteport,4
get_angle_addr,4
command_size_limit,4
Peer,4
set_terminator,4
_getaddr,4
peerheader,4
MESSAGE,4
smtp_code,4
smtp_error,4
_savestdout,4
_openhook,4
administrative,4
_copy_immutable,4
listiter,4
dictiter,4
usability,4
Contexts,4
MAX_PREC,4
MIN_EMIN,4
_numbers,4
clamped,4
create_decimal_from_float,4
_current_context_var,4
Signaling,4
other_adjusted,4
equality_op,4
shift2,4
negativezero,4
Fixing,4
exp_max,4
rounding_method,4
_round_half_up,4
exponents,4
xc_bits,4
_log10_lb,4
roundable,4
Specials,4
nearby,4
irrational,4
_fill_logical,4
liminf,4
limsup,4
deny,4
copy_decimal,4
f_log_ten,4
Uncomment,4
unpadded,4
Unrecognised,4
comment_prefixes,4
inline_comment_prefixes,4
empty_lines_in_values,4
ExtendedInterpolation,4
read_string,4
getfloat,4
DuplicateOptionError,4
MissingSectionHeaderError,4
_optcre,4
section_items,4
sectioned,4
inline_prefixes,4
valueless,4
_validate_value_types,4
_encodings_map_default,4
types_map_inv,4
subkeyname,4
txz,4
netcdf,4
wsdl,4
midi,4
pict,4
xul,4
muck,4
regen,4
DecompressReader,4
trailing_error,4
needs_input,4
_rewind,4
CREATE_NEW_CONSOLE,4
SW_HIDE,4
CREATE_NO_WINDOW,4
PIPE_BUF,4
zombie,4
xoptions,4
needquote,4
zombies,4
communicating,4
skip_check_and_raise,4
_close_pipe_fds,4
_make_inheritable,4
DUPLICATE_SAME_ACCESS,4
use_std_handles,4
timeout_millis,4
_stdout_buff,4
_stderr_buff,4
signame,4
env_list,4
_execvpe,4
get_exec_path,4
hex_errno,4
child_exception_type,4
errno_num,4
reassigned,4
signalling,4
pat_len,4
_make_class_unpicklable,4
enum_dict,4
_get_mixins_,4
save_new,4
funky,4
possibles,4
ve_exc,4
_high_bit,4
possible_member,4
need_to_create,4
planned,4
barry_as_FLUFL,4
x80000,4
x200000,4
Calculating,4
geometric_mean,4
pstdev,4
recalculating,4
Fractions,4
_exact_ratio,4
Coerces,4
Ints,4
harmonic,4
travels,4
Weighted,4
measures,4
sxx,4
CDF,4
Applied,4
sublists,4
____________________________________________________________,4
snapshot_stats,4
Luminance,4
Hue,4
rgb_to_hls,4
perceived,4
sumc,4
_weakrefset,4
_atomic_removal,4
isenabled,4
Authors,4
Gregory,4
ECHO,4
tcsetattr_flags,4
_raw_input,4
__stdin__,4
pbkdf2_hmac,4
_sha1,4
_md5,4
__get_hash,4
dkey,4
maxtuple,4
maxlist,4
maxlong,4
repr_,4
_possibly_sorted,4
constructor_ob,4
rushing,4
Exp,4
SAM,4
RUSHING,4
Say,4
toss,4
handle_write,4
sabs,4
stereo,4
_sunau_params,4
AUDIO_FILE_ENCODING_LINEAR_8,4
AUDIO_FILE_ENCODING_LINEAR_16,4
AUDIO_FILE_ENCODING_LINEAR_24,4
AUDIO_FILE_ENCODING_LINEAR_32,4
_simple_encodings,4
suboptimal,4
_MAXORDINAL,4
proleptic,4
_days_before_month,4
_ord2ymd,4
leapyear,4
_MONTHNAMES,4
_DAYNAMES,4
_format_time,4
_format_offset,4
_wrap_strftime,4
freplace,4
_parse_isoformat_date,4
_parse_hh_mm_ss_ff,4
_parse_isoformat_time,4
_check_tzname,4
_check_date_fields,4
_check_time_fields,4
daysecondswhole,4
usdouble,4
carrying,4
monday,4
days1,4
days2,4
getinitargs,4
_tzinfo_class,4
ottz,4
_EPOCH,4
_local_timezone,4
tm_gmtoff,4
justifications,4
pstring,4
anytime,4
_read_ulong,4
x100000000,4
_comm_chunk_read,4
compressing,4
initlength,4
setraw,4
cbreak,4
Postel,4
pub,4
FTP_PORT,4
passiveserver,4
Disables,4
getwelcome,4
getmultiline,4
REST,4
FTP_TLS,4
_prot_p,4
targetname,4
authenticators,4
_get_module_code,4
Loaded,4
_zip_searchorder,4
eligible,4
extra_size,4
_code_type,4
Remote,4
read_,4
midst,4
tcp,4
_FIELD_BASE,4
__dataclass_params__,4
__create_fn__,4
defaultvalue,4
has_post_init,4
_init_params,4
_is_kw_only,4
ClassVars,4
any_frozen_base,4
cls_annotations,4
std_init_fields,4
_add_slots,4
U0010FFFF,4
UnsafeMailcapInput,4
fkey,4
_wave_params,4
write32u,4
unseekable,4
DEFLATED,4
xfl,4
_stream_size,4
expire,4
VxWorks,4
dotdot,4
__docformat__,4
COMPARISON_FLAGS,4
REPORTING_FLAGS,4
Runner,4
intra,4
ELLIPSIS_MARKER,4
staticmethods,4
__patched_linecache_getlines,4
explore,4
maybe_routine,4
Finding,4
TestRunner,4
DIVIDER,4
original_optionflags,4
output_difference,4
examplenum,4
save_displayhook,4
got_lines,4
Tester,4
initiate,4
_DocTestSuite,4
_removeTestAtIndex,4
test_finder,4
elide,4
prmonth,4
TUESDAY,4
WEDNESDAY,4
FRIDAY,4
SATURDAY,4
days_before,4
days_after,4
monthdays2calendar,4
prweek,4
formatday,4
xhtml1,4
iand,4
ifloordiv,4
ilshift,4
imod,4
indexOf,4
irshift,4
itruediv,4
ixor,4
FILTER_LZMA1,4
FORMAT_AUTO,4
MethodWrapperType,4
invalid_generic_forms,4
_prepare_paramspec_params,4
_deduplicate,4
_flatten_literal_params,4
subscribed,4
Predicate,4
Guards,4
__forward_code__,4
__forward_is_class__,4
__constraints__,4
Constraints,4
add_logging,4
subscripting,4
_TypingEllipsis,4
nparams,4
Closable,4
simplifications,4
Film,4
_prohibited,4
_field_defaults,4
_namedtuple_mro_entries,4
distinctions,4
SSL_ERROR_WANT_WRITE,4
SSL_ERROR_EOF,4
_SSLContext,4
SSLSession,4
VerifyFlags,4
TLSv1_1,4
INTERNAL_ERROR,4
x0101,4
_ipaddress_match,4
get_default_verify_paths,4
sslobject_class,4
_encode_hostname,4
npn_protocols,4
server_name_callback,4
servername,4
alpn_protocols,4
storename,4
msg_enum,4
SSLKEYLOGFILE,4
session_reused,4
peers,4
get_channel_binding,4
verify_client_post_handshake,4
notconn_pre_handshake_data_error,4
transmitted,4
newsock,4
cert_time,4
pem_cert_string,4
Media,4
Identical,4
lastcfile,4
countfuncs,4
ignoremods,4
memoizing,4
_calledfuncs,4
_callers,4
globaltrace_lt,4
file_module_function_of,4
get_referrers,4
this_func,4
bname,4
ignore_dir,4
secrets,4
token_hex,4
itemref,4
POP3_SSL,4
loosely,4
UIDL,4
capa,4
SHUT_RDWR,4
IMPLEMENTATION,4
totalSize,4
resetlocale,4
strcoll,4
strxfrm,4
atoi,4
Georg,4
Brandl,4
last_interval,4
lpos,4
_percent_re,4
_localize,4
_setlocale,4
lang_enc,4
LC_,4
Iterables,4
langinfo,4
conservatively,4
do_setlocale,4
old_loc,4
SJIS,4
koi8_r,4
Encodings,4
makelocalealias,4
nl_BE,4
japanese,4
th_th,4
eucCN,4
zh_tw,4
sh_YU,4
iso88595,4
a3_az,4
kk_KZ,4
bs_BA,4
french,4
fa_IR,4
hi_IN,4
hu_HU,4
is_IS,4
it_CH,4
ja_jp,4
ACADEMY,4
ka_ge,4
lo_la,4
nn_NO,4
pl_PL,4
pt_PT,4
si_LK,4
sk_SK,4
sv_SE,4
TSCII,4
tr_TR,4
TCVN,4
GB2312,4
asp,4
x1001,4
x1801,4
x0402,4
x0403,4
x0483,4
x0405,4
Caribbean,4
x0408,4
Hungarian,4
x0453,4
x0486,4
Norway,4
Sweden,4
Serbian,4
x0452,4
x0485,4
_saved_value,4
temp_module,4
_Error,4
filestack,4
sourced,4
Lars,4
Bootstrapping,4
all_options_first,4
MAXLINES,4
TimeRE,4
re_compile,4
Proper,4
tz_values,4
processed_format,4
directive_index,4
week_starts_Mon,4
bad_directive,4
week_of_year_start,4
datetime_result,4
t_result,4
item_len,4
MAXGROUPS,4
_NamedIntConstant,4
_makecodes,4
OPCODES,4
ASSERT,4
ASSERT_NOT,4
BIGCHARSET,4
AT_BOUNDARY,4
AT_NON_BOUNDARY,4
CATEGORY_WORD,4
CATEGORY_NOT_WORD,4
CATEGORY_LINEBREAK,4
CATEGORY_NOT_LINEBREAK,4
SRE_INFO_LITERAL,4
insort,4
new_base,4
base_meta,4
_NODE_OUT,4
_NODE_DONE,4
itstack,4
commercial,4
Imagine,4
Roughly,4
setworldcoordinates,4
_tg_screen_functions,4
exitonclick,4
getshapes,4
screensize,4
_tg_turtle_functions,4
getscreen,4
seth,4
setposition,4
setundobuffer,4
cfgdict,4
cfg_file2,4
configfile,4
__methodDict,4
_dict_1,4
scrollbars,4
explanatory,4
winfo_rgb,4
_onclick,4
KeyPress,4
_drawimage,4
srx2,4
sry2,4
newcoordlist,4
_resize,4
_window_size,4
addcomponent,4
_bgpics,4
backgroundimage,4
_update_data,4
consequently,4
_go,4
mypen,4
inscribed,4
pendict,4
scy,4
_hidden_from_screen,4
Incorrectly,4
alfa,4
go_modes,4
diffsq,4
ultimate,4
lastly,4
titlestring,4
items2,4
items1,4
parexp,4
open_new_tab,4
_browsers,4
register_standard_browsers,4
BROWSER,4
Galeon,4
Opera,4
konqueror,4
Gnome,4
opera,4
Explorer,4
chose,4
a2b_uu,4
uuencode,4
tournament,4
heaps,4
cleverly,4
tape,4
rewinding,4
constrains,4
Maxheap,4
_siftup_max,4
_heapify,4
_heappop,4
key_value,4
Theoretical,4
AsyncExitStack,4
_GeneratorContextManager,4
recreation,4
excinst,4
pop_all,4
new_stack,4
_cb_type,4
exit_method,4
discussions,4
received_exc,4
frame_exc,4
_fix_exception_context,4
fixed_ctx,4
Hyphens,4
recognizing,4
LAW,4
Subroutines,4
sbseek,4
get_short_le,4
nsamples,4
fdrake,4
night,4
_StringIO,4
isreadable,4
isrecursive,4
_depth,4
_pprint_dataclass,4
_pprint_ordered_dict,4
_pprint_list,4
_pprint_tuple,4
_pprint_str,4
_wrap_bytes_repr,4
_pprint_bytearray,4
_pprint_mappingproxy,4
_pprint_simplenamespace,4
_pprint_default_dict,4
_pprint_counter,4
_pprint_chain_map,4
_pprint_deque,4
_pprint_user_dict,4
_pprint_user_list,4
_pprint_user_string,4
_builtin_scalars,4
krepr,4
vrepr,4
orepr,4
_calculate_ratio,4
predates,4
hyperbolic,4
volatile,4
someday,4
DON,4
__chain_b,4
bjunk,4
Purge,4
CAUTION,4
j2len,4
greatly,4
bumped,4
get_grouped_opcodes,4
_keyword,4
occasional,4
ntree,4
_fancy_replace,4
aelt,4
Diff,4
file1_range,4
file2_range,4
dfunc,4
match_object,4
noticed,4
pulls,4
differencing,4
line_pair_iterator,4
_file_template,4
_table_template,4
_legend,4
_default_prefix,4
num_chg,4
in_change,4
enum_klass,4
signalnum,4
sigpending,4
sigwait,4
dummy_thread,4
dumbdbm,4
ReferenceError,4
TabError,4
UnicodeTranslateError,4
REVERSE_IMPORT_MAPPING,4
cPickle,4
ServerHTMLDoc,4
DocXMLRPCRequestHandler,4
Int2AP,4
Time2Internaldate,4
Anthony,4
IMAP4_SSL,4
PROXYAUTH,4
EXPUNGE,4
NAMESPACE,4
SORT,4
THREAD,4
zonen,4
zoneh,4
zonem,4
awaiting,4
tagnum,4
utf8_enabled,4
tagpre,4
_cmd_log,4
RECENT,4
new_mailbox,4
Permanently,4
Authobject,4
_append_untagged,4
_check_bye,4
mandates,4
writefile,4
readfile,4
oup,4
altzone,4
test_seq1,4
STDOUT_FILENO,4
CHILD,4
tty_name,4
Fork,4
setsid,4
OSes,4
execlp,4
restkey,4
metaFrequency,4
likelihood,4
colType,4
parse_and_bind,4
postfix,4
_functype,4
coder,4
textfile,4
datalen,4
rledata,4
_writecrc,4
crc_hqx,4
_checkcrc,4
read_rsrc,4
PriorityQueue,4
acquires,4
enqueue,4
print_environ,4
print_form,4
print_directory,4
print_arguments,4
_parseparam,4
_binary_file,4
innerboundary,4
skip_lines,4
last_boundary,4
PATH_TRANSLATED,4
REMOTE_HOST,4
_urandom,4
_random,4
paretovariate,4
weibullvariate,4
Shuffle,4
cum_counts,4
Lambert,4
Cambridge,4
send_fds,4
recv_fds,4
gethostbyaddr,4
SocketKind,4
_get_exports_list,4
Insufficient,4
maxfds,4
cmsg_level,4
cmsg_type,4
ST_DEV,4
S_IFCHR,4
S_IFBLK,4
uncommon,4
S_ISBLK,4
S_ISGID,4
S_IWUSR,4
st_file_attributes,4
Sjoerd,4
Mullender,4
charged,4
subfunctions,4
callees,4
quantify,4
_ast,4
_convert_num,4
annotate_fields,4
tedious,4
iter_child_nodes,4
_const_types,4
NameConstant,4
_INFSTR,4
_MULTI_QUOTES,4
_ALL_QUOTES,4
_type_ignores,4
items_view,4
maybe_newline,4
buffer_writer,4
delimit_if,4
_write_docstring_and_traverse_body,4
visit_Assign,4
escape_special_whitespace,4
escape_char,4
_write_constant,4
visit_GeneratorExp,4
write_item,4
visit_Tuple,4
BitAnd,4
FloorDiv,4
Pow,4
LtE,4
GtE,4
IsNot,4
slice_value,4
visit_Starred,4
visit_Slice,4
optional_vars,4
CHECKED_HASH,4
_write_atomic,4
ANDROID_API_LEVEL,4
BINLIBDEST,4
dtrace,4
MKDIR_P,4
ChangeLog,4
GNULD,4
HAVE_FCHMODAT,4
HAVE_FCHOWNAT,4
HAVE_FDOPENDIR,4
HAVE_LCHMOD,4
HAVE_LINKAT,4
HAVE_UNLINKAT,4
HAVE_UTIMENSAT,4
_iomodule,4
LDVERSION,4
LIBDIR,4
LIBPL,4
LIBS,4
lcrypt,4
ldl,4
Xlinker,4
xxsubtype,4
posixmodule,4
fileio,4
PY_CFLAGS,4
SHLIB_SUFFIX,4
WHEEL_PKG_DIR,4
abs_builddir,4
xover,4
IHAVE,4
NNTP_PORT,4
NNTP_SSL_PORT,4
NEWNEWS,4
NEWGROUPS,4
_DEFAULT_OVERVIEW_FMT,4
article_number,4
HHMMSS,4
_setreadermode,4
readermode_afterauth,4
Capabilities,4
nntp_version,4
openedFile,4
_artcmd,4
gmane,4
xFDF0,4
x345,4
x2131,4
x2133,4
u0574,4
ag_code,4
_disassemble_recursive,4
_get_code_object,4
Formatted,4
_disassemble,4
_get_instructions_bytes,4
_get_name_info,4
_unpack_opargs,4
hasconst,4
hasname,4
hascompare,4
extended_arg,4
co_lines,4
codeobj,4
_line_offset,4
interoperate,4
reals,4
Truncates,4
ArgumentDefaultsHelpFormatter,4
_AttributeHolder,4
_get_args,4
_get_kwargs,4
_copy_items,4
_action_max_length,4
_whitespace_matcher,4
add_usage,4
subaction,4
_get_default_metavar_for_positional,4
_get_default_metavar_for_optional,4
_split_lines,4
default_metavar,4
_option_strings,4
_StoreAction,4
_AppendAction,4
_VersionAction,4
registries,4
registry_name,4
_registry_get,4
get_default,4
action_class,4
_check_conflict,4
long_option_strings,4
confl_optionals,4
add_subparsers,4
_get_positional_actions,4
_parse_optional,4
seen_non_default_actions,4
argument_values,4
consume_positionals,4
next_option_string_index,4
positionals_end_index,4
required_actions,4
new_arg_strings,4
arg_line,4
parse_intermixed_args,4
parse_known_intermixed_args,4
deactivated,4
save_required,4
ValueErrors,4
action_group,4
Exiting,4
knew,4
intelligent,4
Indeed,4
Above,4
_divmod,4
cmpfiles,4
DEFAULT_IGNORES,4
report_full_closure,4
phase1,4
phase2,4
phase3,4
phase4,4
purposely,4
_sync_flush,4
_string_to_bytes,4
get_subdir,4
set_date,4
_create_carefully,4
_append_message,4
_generate_toc,4
get_from,4
get_unixfrom,4
set_sequences,4
filed,4
_subdir,4
status_flags,4
dotlock_done,4
physically,4
print_list,4
_cause_message,4
_context_message,4
lookup_line,4
lazycache,4
last_file,4
is_recursive_call,4
rtext,4
Sadly,4
toppath,4
exec_func,4
argrest,4
encodevalue,4
_check_bytes,4
spawnve,4
spawnvpe,4
spawnlp,4
path_repr,4
xap,4
NOTATION,4
parse_marked_section,4
handle_decl,4
abcdefghijklmnopqrstuvwxyzABCDEFGHIJKLMNOPQRSTUVWXYZ,4
attlist,4
OpenVMS,4
java_ver,4
glibcversion,4
soversion,4
cvkey,4
Canonical,4
PowerPC,4
_default_architecture,4
COFF,4
python_version_tuple,4
PRETTY_NAME,4
_MIN_READ_BUF_SIZE,4
_date_from_string,4
_date_to_string,4
CurrentLineNumber,4
begin_element,4
write_value,4
opensource,4
top_object,4
_read_refs,4
obj_refs,4
Flattened,4
_objtable,4
_objidtable,4
_ref_format,4
refnum,4
keyRefs,4
Ward,4
gward,4
Chunks,4
reversed_chunks,4
Reformat,4
_glob0,4
_ishidden,4
glob0,4
glob1,4
getuserbase,4
loader_module,4
APPDATA,4
libdirs,4
addsitepackages,4
_base_executable,4
site_prefix,4
orig_path,4
uuid3,4
uuid5,4
_AIX,4
_MAC_DELIM,4
Touch,4
fe80,4
Words,4
ip_addr,4
OpenBSD,4
_netstat_getnode,4
_UuidCreate,4
uuid_time,4
dad,4
c04fd430c8,4
qualify,4
docmodule,4
docclass,4
HTMLDoc,4
selfdot,4
classlist,4
HorizontalRule,4
spilldata,4
Readonly,4
TextDoc,4
doubt,4
MAX_SUBCLASSES_TO_DISPLAY,4
TRUTHVALUE,4
MODULES,4
COMPARISON,4
OPERATORS,4
AUGMENTEDASSIGNMENT,4
DICTIONARYLITERALS,4
PRIVATENAMES,4
SUBSCRIPTS,4
FILES,4
STRINGMETHODS,4
typesseq,4
DICTIONARIES,4
LITERALS,4
ModuleScanner,4
DocHandler,4
MessageClass,4
server_port,4
css_path,4
html_getobj,4
ispath,4
_fileobj_to_fd,4
monitored,4
_BaseSelectorImpl,4
_readers,4
_PollLikeSelector,4
poller_events,4
fd_event_list,4
kevent,4
capwords,4
aBc,4
format_field,4
shebang_encoding,4
source_is_file,4
main_py,4
conceivable,4
_ServerSelector,4
__is_shut_down,4
block_on_close,4
collect_children,4
Decides,4
stack_size,4
_CRLock,4
saved_state,4
wakes,4
_reset_internal_locks,4
sourceware,4
_timeout,4
_break,4
_set_tstate_lock,4
_invoke_excepthook,4
_stderr,4
_bootstrap_inner,4
_set_ident,4
MainThread,4
_threading_atexits,4
_SHUTTING_DOWN,4
tlock,4
chapter,4
msec,4
default_repeat,4
_stmt,4
_wrap_timer,4
BOM_UTF16,4
BOM_UTF32,4
getincrementalencoder,4
Decodes,4
_buffer_encode,4
undecoded,4
bytebuffer,4
newchars,4
readsize,4
repositioning,4
bytesencoded,4
_false,4
_ALWAYS_STR,4
nt_user,4
osx_framework_user,4
_EXEC_PREFIX,4
_PYTHON_PROJECT_BASE,4
check_home,4
prefix_scheme,4
config_dir_name,4
_init_non_posix,4
extension_suffixes,4
define_rx,4
undef_rx,4
customize_config_vars,4
i586,4
sun4u,4
Intel64,4
EM64T,4
SPARC,4
sunos,4
b32tab,4
_A85END,4
packI,4
decoded_append,4
Mercurial,4
base85,4
Aladdin,4
shelf,4
shelve,4
bsddb,4
set_step,4
caller_frame,4
conditionals,4
func_first_executable_line,4
bpformat,4
urlquote_from_bytes,4
Internals,4
_IGNORED_WINERRORS,4
splitroot,4
CON,4
casefold_parts,4
stripped_part,4
_pathcls,4
_pparts,4
_cached_cparts,4
interned,4
abs_parts,4
to_root,4
to_parts,4
to_abs_parts,4
path_pattern,4
missing_ok,4
symlink_to,4
link_to,4
is_fifo,4
is_socket,4
ASCIILETTERS,4
ESCAPES,4
checkgroup,4
checklookbehindgroup,4
item_yes,4
decoded_string,4
code2,4
Redistribution,4
materials,4
DISCLAIMED,4
EXEMPLARY,4
PROCUREMENT,4
GOODS,4
SERVICES,4
INTERRUPTION,4
HOWEVER,4
CAUSED,4
THEORY,4
STRICT,4
WAY,4
_short_opt_fmt,4
_long_opt_fmt,4
NO_DEFAULT,4
format_option_strings,4
metavariables,4
_set_opt_strings,4
get_opt_string,4
ensure_value,4
add_option_group,4
expand_prog_name,4
completedefault,4
complete_,4
encapsulate,4
precmd,4
postcmd,4
cmds_doc,4
print_topics,4
bltn_open,4
StreamError,4
RECORDSIZE,4
LENGTH_LINK,4
CONTTYPE,4
XHDTYPE,4
XGLTYPE,4
EOFHeaderError,4
SubsequentHeaderError,4
blockinfo,4
LinkOutsideDestinationError,4
_sparse_structs,4
_link_target,4
hname,4
needs_pax,4
origsize,4
_decode_pax_field,4
isblk,4
_getmember,4
_handle_nonfatal_error,4
_find_link_target,4
tar_name,4
compressions,4
stdname,4
func_profiles,4
get_sort_arg_defs,4
sort_arg_dict,4
stats_list,4
func_strip_path,4
newcallers,4
get_print_list,4
print_call_line,4
call_dict,4
comp_select_list,4
bulk,4
generic_help,4
_DISCONNECTED,4
handle_expt_event,4
poll_fun,4
handle_connect_event,4
SO_ERROR,4
digging,4
sitting,4
LSQB,4
RSQB,4
VBAR,4
AMPER,4
EQEQUAL,4
LESSEQUAL,4
GREATEREQUAL,4
LEFTSHIFT,4
PLUSEQUAL,4
MINEQUAL,4
STAREQUAL,4
SLASHEQUAL,4
PERCENTEQUAL,4
AMPEREQUAL,4
VBAREQUAL,4
CIRCUMFLEXEQUAL,4
LEFTSHIFTEQUAL,4
RIGHTSHIFTEQUAL,4
DOUBLESTAREQUAL,4
DOUBLESLASH,4
DOUBLESLASHEQUAL,4
ATEQUAL,4
RARROW,4
COLONEQUAL,4
Extracts,4
orig_install_egg_info,4
is_default_prefix,4
unpicklable,4
_Stop,4
load_frame,4
_getattribute,4
load_build,4
u000a,4
u000d,4
load_newobj_ex,4
get_extension,4
load_reduce,4
set_obj,4
to_merge,4
addr1,4
addr2,4
subnet_of,4
ourself,4
handful,4
octet_int,4
_private_networks,4
_private_networks_exceptions,4
_multicast_network,4
_linklocal_network,4
parts_skipped,4
_parse_hextet,4
hextet,4
is_site_local,4
IPs,4
ff00,4
FE00,4
clearcache,4
PEP302,4
readmodule_ex,4
PBM,4
PGM,4
Trick,4
__closed,4
_readinto,4
pos_index,4
_peek_unlocked,4
_appending,4
owned_fd,4
seennl,4
_b2cratio,4
_readnl,4
_writetranslate,4
_line_buffering,4
decoded_chars,4
_pack_cookie,4
start_flags,4
Decoder,4
old_state,4
Tokenization,4
Wouters,4
Hexnumber,4
Binnumber,4
Octnumber,4
Decnumber,4
Intnumber,4
Pointfloat,4
Expfloat,4
Imagnumber,4
Single3,4
Double3,4
PlainToken,4
ContStr,4
PseudoExtras,4
PseudoToken,4
Untokenizer,4
add_whitespace,4
prevstring,4
newcode,4
Imitates,4
get_normal_name,4
srow,4
erow,4
unindent,4
Tokenize,4
mksalt,4
GLOBAL_EXPLICIT,4
_newSymbolTable,4
raw_table,4
get_id,4
get_identifiers,4
__params,4
__locals,4
__frees,4
__globals,4
__nonlocals,4
get_methods,4
elp,4
examination,4
allow_kbdint,4
rcFile,4
associates,4
commands_defining,4
tbreak,4
lookupmodule,4
ear,4
breaklist,4
_print_lines,4
list_options,4
Entering,4
ZIP_MAX_COMMENT,4
stringEndArchive,4
structCentralDir,4
sizeCentralDir,4
structFileHeader,4
structEndArchive64Locator,4
sizeEndCentDir64Locator,4
structEndArchive64,4
stringEndArchive64,4
_EndRecData,4
extrasz,4
maxCommentStart,4
internal_attr,4
compressor_names,4
FileHeader,4
dosdate,4
xFFFF_FFFF,4
psize,4
_check_compression,4
_expected_crc,4
buff_offset,4
_zip64,4
_filePassed,4
modeDict,4
_fpclose,4
size_cd,4
printdir,4
Uncompressed,4
Deduplicate,4
minuend,4
subtrahend,4
parent_at,4
COPY_BUFSIZE,4
_USE_CP_SENDFILE,4
SameFileError,4
ENOTSUP,4
fdst_write,4
_islink,4
st_flags,4
srcname,4
existing_extensions,4
f_frsize,4
F_OK,4
use_bytes,4
IMPORT_NAME,4
Gerhard,4
SMTPSenderRefused,4
SMTPConnectError,4
quoteaddr,4
SMTP_PORT,4
bCRLF,4
_get_socket,4
Toss,4
_rset,4
responds,4
esmtp_opts,4
msg_copy,4
bytesmsg,4
new_socket,4
lasttoken,4
einfo,4
RegexFlag,4
NullTranslations,4
dgettext,4
dngettext,4
ldgettext,4
ldngettext,4
Plural,4
_as_int,4
CONTEXT,4
Acceptable,4
lastk,4
ctxt_msg_id,4
nelangs,4
mofile_lp,4
load_tail,4
ensure_fromlist,4
partname,4
_safe_import_hook,4
any_missing_maybe,4
domods,4
addpath,4
macdef,4
infp,4
x131,4
NARROW,4
_compile_info,4
eliminated,4
flags1,4
prefix1,4
got_all,4
open_r,4
open_w,4
_read_output,4
commandstring,4
in_incdirs,4
stripSysroot,4
TiB,4
new_group,4
_total_nframe,4
_Traces,4
_domain,4
_group_by,4
Deferred,4
Descriptor,4
LRU,4
hashvalue,4
RESULT,4
MROs,4
Bases,4
behaviours,4
generic_func,4
_clear_cache,4
_check_system_limits,4
buildroot,4
compile_dests,4
_pydecimal,4
create_dynamic,4
_builtin_from_name,4
x0179,4
x015a,4
x015b,4
x017b,4
x017c,4
x017a,4
x201d,4
x0104,4
x010c,4
x017d,4
x0105,4
x010d,4
x017e,4
x201c,4
u010a,4
u010b,4
u0120,4
u0121,4
cp720,4
u200e,4
oem,4
oem_encode,4
oem_decode,4
EBCDIC,4
u049a,4
SHHA,4
u049b,4
SCHWA,4
BARRED,4
u0492,4
u0493,4
_codecs_tw,4
RandALCat,4
pure_ascii,4
u0e31,4
u0e33,4
u0e34,4
u0e3f,4
u0e45,4
u0e47,4
u0e4f,4
u0e5a,4
u0e5b,4
quopri_encode,4
quopri_decode,4
mac_greek,4
SOH,4
STX,4
AREA,4
DC3,4
CAN,4
PRIVATE,4
ENQ,4
DC4,4
u203e,4
PROGRAM,4
unnatural,4
addstate,4
uu_encode,4
uu_decode,4
mac_cyrillic,4
x066a,4
x060c,4
x061b,4
x061f,4
TEARDROP,4
SPOKED,4
PROPELLER,4
x0641,4
x0651,4
VEH,4
u066a,4
u0669,4
x0389,4
x038a,4
x03aa,4
x038c,4
x038e,4
x03ab,4
x038f,4
x03ac,4
x03ad,4
x03ae,4
x03af,4
x03ca,4
x03cc,4
x03cd,4
x0384,4
x0385,4
x03cb,4
x03ce,4
mbcs_encode,4
mbcs_decode,4
ufefc,4
ufe7d,4
x015f,4
x015e,4
GOAL,4
u0138,4
u0128,4
u0166,4
u0129,4
u0167,4
u014a,4
u014b,4
u0168,4
u0169,4
baselen,4
Bias,4
base64_codec,4
quopri_codec,4
utf_7,4
u05f2,4
encode_basestring_ascii,4
encode_basestring,4
c_make_encoder,4
specials,4
_iterencode_list,4
_iterencode_dict,4
make_scanner,4
parse_object,4
_scan_once,4
encode_complex,4
bstartswith,4
dump_args,4
scanstring,4
s_and_end,4
EPOCHORDINAL,4
no_cache,4
_file_path,4
_find_trans,4
tti_prev,4
_fixed_offset,4
_TZStr,4
year_to_epoch,4
offset_str,4
start_end_str,4
n_is_julian,4
tz_delta,4
base_tzpath,4
raw_tzpath,4
available_timezones,4
time_size,4
LMT,4
Augmented,4
augop,4
param2,4
ITER,4
SUITE2,4
aenter,4
Evaluation,4
VerboseModule,4
assist,4
conventional,4
keywords_arguments,4
unpackings,4
Formally,4
desire,4
reflexive,4
tighter,4
try1_stmt,4
try2_stmt,4
x10efad080,4
EBNF,4
wildcard_pattern,4
destruction,4
Mini,4
inverts,4
ocert,4
PYTHONHASHSEED,4
restarting,4
semicolons,4
Builtins,4
Nesting,4
Separately,4
id_start,4
Soft,4
relative_module,4
lambda_expr,4
Scopes,4
summarizes,4
raise_stmt,4
return_stmt,4
Shifting,4
modelled,4
Preparing,4
explored,4
getattribute,4
excepting,4
titlecased,4
Carriage,4
Backspace,4
ooo,4
factories,4
practices,4
Providing,4
whoami,4
specialised,4
_bundled,4
_WHEEL_PKG_DIR,4
PIP_,4
PIP_CONFIG_FILE,4
_testRunEntered,4
stopTest,4
msgLines,4
PropertyMock,4
_is_async_obj,4
_extract_mock,4
_get_signature_object,4
_is_magic,4
len_value,4
_check_and_set_parent,4
_spec_state,4
_mock_sealed,4
configure_mock,4
_all_magics,4
mock_name,4
nActual,4
_error_message,4
_async_method_magics,4
CallableMixin,4
do_method_calls,4
method_call_name,4
_check_spec_arg_typos,4
misspellings,4
decorate_class,4
newkeywargs,4
Activate,4
honours,4
_unpatch_dict,4
orig_magics,4
resilient,4
Fetching,4
set_event_loop_policy,4
_callSetUp,4
_callTestMethod,4
_callTearDown,4
_callCleanup,4
_tearDownAsyncioLoop,4
all_tasks,4
errorName,4
testcases,4
_make_failed_import_test,4
_make_failed_test,4
sortTestMethodsUsing,4
loadTestsFromTestCase,4
testCaseNames,4
set_implicit_top,4
is_not_importable,4
_find_tests,4
_relpath,4
_makeLoader,4
findTestCases,4
_shorten,4
maxDiff,4
_ShouldStop,4
_module_cleanups,4
callable_obj,4
_diffThreshold,4
_class_cleanups,4
assertSetEqual,4
_addSkip,4
subTest,4
skip_why,4
silenced,4
assertLogs,4
assertNotAlmostEqual,4
diffMsg,4
difference1,4
difference2,4
assertIsNot,4
assertCountEqual,4
first_seq,4
second_seq,4
firstlines,4
assertIsNotNone,4
assertNotRegex,4
assertRegexpMatches,4
tidy,4
params_desc,4
MyTestCase,4
TestProgram,4
parseArgs,4
_initArgParsers,4
createTests,4
separator2,4
expectedFails,4
old_handlers,4
Smalltalk,4
HAS,4
THERE,4
original_handler,4
UNTIL,4
CannotSendHeader,4
RemoteDisconnected,4
_MAXHEADERS,4
vchar,4
_is_illegal_header_value,4
Prevents,4
Arguably,4
_read_headers,4
Phrase,4
NOT_MODIFIED,4
getcode,4
OSs,4
distant,4
HTTPONLY_PREFIX,4
MONTHS_LOWER,4
rfc850,4
header_values,4
join_header_words,4
is_HDN,4
HDN,4
domain_match,4
request_path,4
request_port,4
Sigh,4
return_ok,4
domain_return_ok,4
rfc2109_as_netscape,4
strict_domain,4
strict_ns_set_initial_dollar,4
strict_ns_set_path,4
secure_protocols,4
wss,4
fn_name,4
add_cookie_header,4
rfc2109_as_ns,4
rfc2965_hdrs,4
ns_cookie,4
extract_cookies,4
port_spec,4
domain_dot,4
Berners,4
Lee,4
ThreadingHTTPServer,4
Seems,4
WRITING,4
BAD_REQUEST,4
fulfilled,4
monthname,4
keepalive,4
outputfile,4
parsedate_to_datetime,4
last_modif,4
is_cgi,4
specifics,4
do_POST,4
referer,4
HTTP_COOKIE,4
HandlerClass,4
ServerClass,4
_LegalChars,4
_Translator,4
_getdate,4
_weekdayname,4
_monthname,4
coded_val,4
OutputString,4
value_decode,4
real_value,4
value_encode,4
__set,4
morsel_seen,4
pertain,4
Transparent,4
FOUND,4
Locked,4
Storage,4
re_validPackage,4
re_paren,4
re_splitComparison,4
splitUp,4
verStr,4
compmap,4
zb3,4
aPred,4
python15,4
starship,4
crew,4
kernr,4
mingw,4
VS2005,4
check_config_h,4
dllwrap_version,4
windres,4
EXPORTS,4
stripped_file,4
mthreads,4
uncertain,4
_find_exe_version,4
create_tree,4
tarballs,4
check_archive_formats,4
faithful,4
bcppcompiler,4
BCPPCompiler,4
bcc32,4
tWM,4
Tpd,4
objects2,4
Apparently,4
xxx_bcpp,4
sortable_files,4
pattern1,4
pattern2,4
Selected,4
lying,4
IMHO,4
cmd1,4
cmd2,4
Ldir1,4
Ldir2,4
undefn,4
add_link_object,4
_get_cc_args,4
link_,4
detect_language,4
output_progname,4
executable_filename,4
_default_compilers,4
get_default_compiler,4
winds,4
DEFAULT_PYPIRC,4
Handy,4
TARGET_TO_PLAT,4
_subst,4
_init_regex,4
tacks,4
Wignore,4
purported,4
get_fixers_from_package,4
installroot,4
MingW32,4
v13,4
v14,4
nnorwitz,4
MSSdk,4
alright,4
Platforms,4
version_re,4
prerelease_num,4
discipline,4
anarchists,4
slide,4
pl3,4
conception,4
component_re,4
outsiders,4
outsider,4
dylib_lib_format,4
system_libdirs,4
ld_so_aix,4
CUSTOMIZED_OSX_COMPILER,4
ccshared,4
shlib_suffix,4
ar_flags,4
incdir,4
longopt_re,4
duh,4
set_aliases,4
_grok_option_table,4
get_option_order,4
gutter,4
foonabulation,4
big_indent,4
WS_TRANS,4
_wschar,4
_cfg_target_split,4
cur_target,4
my_msg,4
display_option_names,4
sneaky,4
_METHOD_BASENAMES,4
ext_package,4
cmd_options,4
sys_dir,4
toplevel_options,4
get_command_list,4
reinitializes,4
pkg_info,4
long_desc,4
help_tuple,4
error_fmt,4
ensure_dirname,4
option_pairs,4
Spawn,4
_find_vc2015,4
KEY_WOW64_32KEY,4
_find_vc2017,4
installationPath,4
_find_vcvarsall,4
LTCG,4
MANIFESTUAC,4
ldflags_static_debug,4
_ldflags,4
make_out_path,4
NATIVE_WIN64,4
sdkinstallrootv2,4
removeDuplicates,4
oldList,4
newVariable,4
Launch,4
MACROS,4
vcvars32,4
manifest_setup_ldargs,4
manifest_get_embed_info,4
mffilename,4
manifest_filename,4
_remove_visual_c_ref,4
dependentAssembly,4
_copy_action,4
macostools,4
dest_name,4
EXDEV,4
mtime1,4
mtime2,4
target_mtime,4
_set_config,4
verify_metadata,4
send_metadata,4
Username,4
extension_name_re,4
get_library_names,4
neat,4
_build_extensions_parallel,4
get_libraries,4
find_swig,4
ldversion,4
packagers,4
autoreq,4
RPM_OPT_FLAGS,4
rpm2,4
UNINSTALL,4
no_autoreq,4
finalize_package_data,4
_format_changelog,4
SPECS,4
RPMS,4
SRPMS,4
saved_dist_files,4
src_rpm,4
non_src_rpm,4
Source0,4
noarch,4
BuildArch,4
Vendor,4
RPM_BUILD_ROOT,4
INSTALLED_FILES,4
script_options,4
rpm_opt,4
LANG_EXT,4
dump_source,4
_configtest,4
dump_file,4
Dumps,4
pseudoinstall_root,4
_FILE_CONTENT_DIGESTS,4
gpg,4
GPG,4
digest_name,4
unix_user,4
ies,4
packagized,4
bdist_,4
finalize_,4
change_roots,4
build_plat,4
create_path_file,4
Predicates,4
has_lib,4
PYTHON_SOURCE_EXTENSION,4
dictate,4
umbrella,4
has_any,4
cmd_option,4
build_files,4
_bytecode_filenames,4
py_filenames,4
nameless,4
module_files,4
abs_f,4
outfile_path,4
package_,4
bmwidth,4
xbutton,4
all_versions,4
no_target_compile,4
no_target_optimize,4
sversion,4
add_find_python,4
add_files,4
add_scripts,4
add_ui,4
SourceDir,4
add_file,4
TARGETDIRX,4
PythonCore,4
DefaultUIFont,4
DlgFont8,4
ErrorDialog,4
JUSTME,4
TextStyle,4
Tahoma,4
Verdana,4
PrepareDlg,4
Privileged,4
WhichUsersDlg,4
Preselected,4
MaintenanceTypeDlg,4
ProgressDlg,4
UIText,4
FatalError,4
UserExit,4
ExitDialog,4
Description1,4
Description2,4
FilesInUse,4
Modal,4
ErrorText,4
WaitForCostingDlg,4
Pondering,4
FindRelatedProducts,4
radiogroup,4
RepairRadioGroup,4
no_format_option,4
checking_metadata,4
Placed,4
metadata_check,4
get_file_list,4
vcs_dirs,4
vcs_ptrn,4
SilentReporter,4
check_restructuredtext,4
Recommended,4
_check_rst_data,4
canned,4
ConvertingMixin,4
CONVERT_PATTERN,4
WORD_PATTERN,4
DOT_PATTERN,4
INDEX_PATTERN,4
DIGIT_PATTERN,4
ext_convert,4
cfg_convert,4
rcvr,4
rotator,4
doRollover,4
computeRollover,4
currentDay,4
dstAtRollover,4
kicks,4
watches,4
SocketHandler,4
makeLogRecord,4
closeOnError,4
createSocket,4
zap,4
LOG_USER,4
priority_names,4
win32service,4
LogRecords,4
respect_handler_level,4
LoggerAdapter,4
setLoggerClass,4
dove,4
findCaller,4
consulting,4
createLock,4
loggerMap,4
loggerClass,4
proxied,4
CORE_VENV_DEPS,4
binname,4
redirections,4
real_env_exe,4
force_copy,4
activation,4
use_symlinks,4
dbapi2,4
paramstyle,4
convert_date,4
convert_timestamp,4
timepart_full,4
register_converter,4
enable_shared_cache,4
Mimic,4
schema_res,4
table_info,4
Locators,4
defacto,4
urldefrag,4
ParseResultBytes,4
SplitResultBytes,4
mms,4
prospero,4
rtsp,4
rtspu,4
_safe_quoters,4
_userinfo,4
have_info,4
have_password,4
base_parts,4
name_value,4
doseq,4
nit,4
splithost,4
splitpasswd,4
splitport,4
defport,4
_splitquery,4
_splittag,4
splitattr,4
ProxyBasicAuthHandler,4
ProxyDigestAuthHandler,4
HTTPErrorProcessor,4
https_handler,4
reduced_uri,4
reduced_authuri,4
update_authenticated,4
noncebit,4
http_class,4
gethostbyname_ex,4
ftpwrapper,4
proxyselector,4
endtransfer,4
ProxyEnable,4
proxy_bypass_registry,4
_add_entry,4
isElementContent,4
isIdNS,4
_parse_ns_name,4
ordered_attributes,4
_cdata,4
StartDoctypeDeclHandler,4
start_doctype_decl_handler,4
StartCdataSectionHandler,4
EndCdataSectionHandler,4
external_entity_ref_handler,4
EndDoctypeDeclHandler,4
end_doctype_decl_handler,4
_cdata_continue,4
NOTATION_NODE,4
FilterCrutch,4
originalDocument,4
firstChild,4
StartNamespaceDeclHandler,4
ExpatBuilderNS,4
declname,4
createElementNS,4
buildDocument,4
createAttributeNS,4
DOMEventStream,4
stream_or_string,4
x00000400,4
Todo,4
toprettyxml,4
_get_elements_by_tagName_helper,4
_get_elements_by_tagName_ns_helper,4
nsURI,4
_magic_id_count,4
getNamedItem,4
getNamedItemNS,4
getAttributeNodeNS,4
setIdAttributeNode,4
EmptyNodeList,4
ReadOnlySequentialNamedNodeMap,4
Identified,4
NODE_CLONED,4
WrongDocumentErr,4
getElementById,4
registerDOMImplementation,4
_good_enough,4
DOMInputSource,4
infoset,4
xname,4
_set_encoding,4
figured,4
lightest,4
StringTypes,4
_set_,4
subtrees,4
specializations,4
colnum,4
_undeclared_ns_maps,4
skippedEntity,4
notationDecl,4
unparsedEntityDecl,4
setLocale,4
prepare_input_source,4
setByteStream,4
setSystemId,4
getCharacterStream,4
getByteStream,4
sysidfilename,4
prepareParser,4
AttributesNSImpl,4
nsname,4
_external_ges,4
property_lexical_handler,4
isFinal,4
expatreader,4
inpsrc,4
drv_module,4
licensing,4
C14NWriterTarget,4
_get_writer,4
HTML_EMPTY,4
basefont,4
_serialize_html,4
schemas,4
read_events,4
_events_queue,4
rewrite_prefixes,4
qname_aware_tags,4
qname_aware_attrs,4
exclude_attrs,4
exclude_tags,4
_qname_aware_tags,4
_find_qname_aware_attrs,4
_root_done,4
_iter_namespaces,4
prefixes_seen,4
parsing_attribute,4
select_tag,4
select_child,4
xinclude,4
default_loader,4
elementtree,4
orig_filter_len,4
get_original_stdout,4
sched,4
subdirpath,4
HOST,4
assert_python_ok,4
captured_stderr,4
captured_stdin,4
make_legacy_pyc,4
findfile,4
set_memlimit,4
bigmemtest,4
can_symlink,4
ALL_RESOURCES,4
verbose2,4
print_slow,4
training,4
ntracked,4
cores,4
JOIN_TIMEOUT,4
USE_PROCESS_GROUP,4
ns_dict,4
run_tests_worker,4
QueueOutput,4
MultiprocessTestRunner,4
worker_timeout,4
_killed,4
_runtest,4
dump_traceback_later,4
error_s,4
failure_s,4
DidNotRun,4
STDTESTS,4
test_dict,4
test_builtin,4
NOTTESTS,4
findtests,4
get_abs_module,4
run_unittest,4
TestDidNotRun,4
slowly,4
test_set,4
stderr_fd,4
max_fds,4
new_fd_limit,4
get_pooled_int,4
abs_classes,4
WindowsLoadTracker,4
obj_start,4
defn_base,4
removepy,4
need_rerun,4
test_count_width,4
next_single_test,4
get_tests_result,4
test_full_name,4
save_modules,4
ignore_exc,4
reverts,4
digestname,4
TESTFN_UNICODE,4
E01,4
undecodable,4
case_path,4
CRT_WARN,4
CRT_ERROR,4
CRT_ASSERT,4
__suite,4
__e,4
__start_time,4
__makeErrorDict,4
recovered,4
SO_EXCLUSIVEADDRUSE,4
Sockets,4
ECONNREFUSED,4
ENETUNREACH,4
Encountered,4
captured_errnos,4
old_timeout,4
dangling_threads,4
old_count,4
make_script,4
script_basename,4
zip_basename,4
channel_recv,4
force_gc,4
is_android,4
uof,4
app_services,4
withdraw,4
_requires_unix_version,4
sysname,4
min_version_txt,4
_cflags,4
_config_args,4
TEST_HOME_DIR,4
orig_locale,4
procfile,4
guardnames,4
original_trace,4
newtests,4
exc_str,4
_accept_test_patterns,4
_ignore_test_patterns,4
UCRT,4
_linked,4
_also_link,4
_bar,4
SetErrorMode,4
old_file,4
gil,4
new_filters,4
RPC2,4
Marshaller,4
_try,4
_datetime_type,4
__dump,4
_arbitrary_instance,4
dump_instance,4
tolerant,4
_methodname,4
_use_datetime,4
mkdatetime,4
mkbytes,4
methodResponse,4
xmlheader,4
gzip_encode,4
chost,4
__transport,4
_listMethods,4
listMethods,4
list_public_methods,4
register_instance,4
rpc_paths,4
size_remaining,4
generate_html_documentation,4
advisable,4
Chi,4
Epsilon,4
Eta,4
Iota,4
Kappa,4
Omicron,4
Rho,4
Zeta,4
x2220,4
asymptotic,4
shamrock,4
x2245,4
ISOamsa,4
x2020,4
x2200,4
hearts,4
x2208,4
x2329,4
x2308,4
ISOamsc,4
x2039,4
overbar,4
middot,4
x2212,4
x2209,4
x2284,4
ocirc,4
x2030,4
rightwards,4
x2309,4
x2282,4
x2286,4
x2283,4
x2287,4
U0001d552,4
approxeq,4
barvee,4
barwedge,4
bigcirc,4
bigsqcup,4
bigtriangledown,4
bigtriangleup,4
biguplus,4
u25aa,4
u22a5,4
Cacute,4
cacute,4
Ccaron,4
ccaron,4
u21d3,4
u2193,4
disin,4
U0001d53b,4
u2250,4
doteqdot,4
dotplus,4
u21d0,4
u21d1,4
u21d5,4
U0001d4b9,4
u2208,4
u2113,4
u2205,4
ufb00,4
U0001d4bb,4
Gbreve,4
gbreve,4
u22db,4
gimel,4
u2269,4
U0001d53e,4
u210a,4
gtrapprox,4
gtrsim,4
u200a,4
u210b,4
u2194,4
U0001d4bd,4
u2111,4
imath,4
U0001d540,4
isindot,4
isinE,4
isins,4
u2112,4
u27e8,4
lbrack,4
u22b4,4
u22da,4
u2268,4
u2199,4
u21a6,4
u2133,4
u2223,4
U0001d544,4
nearrow,4
nexists,4
u220b,4
nis,4
nisd,4
u2224,4
u228f,4
u2290,4
u227f,4
U0001d4c3,4
u2ac5,4
u2ac6,4
u22b5,4
nwarrow,4
U0001d546,4
u2134,4
u03d5,4
U0001d4c5,4
Racute,4
u27e9,4
rbrack,4
u211c,4
rightleftarrows,4
rightrightarrows,4
searrow,4
u2191,4
U0001d54a,4
u2acb,4
u228a,4
u2acc,4
u228b,4
swarrow,4
u03d1,4
tint,4
u2195,4
varepsilon,4
varr,4
varrho,4
vartheta,4
U0001d550,4
goahead,4
namematch,4
ufffd,4
uFFFD,4
filebasename,4
_addval,4
npos,4
clones,4
horribly,4
WSGIWarning,4
setup_environ,4
wsgi_run_once,4
finish_response,4
abruptly,4
exit_with_usage,4
opt_flags,4
_itemgetter,4
__hardroot,4
__update,4
dict_setitem,4
dict_delitem,4
multiset,4
aaabbc,4
Multiset,4
Initializing,4
experiments,4
_path_isfile,4
_path_isdir,4
atomically,4
path_tmp,4
_PYCACHE,4
almost_filename,4
_get_supported_file_loaders,4
WindowsRegistryFinder,4
refreshed,4
loader_details,4
_path_mtime,4
_path_cache,4
smsl,4
cache_module,4
_bootstrap_module,4
_blocking_on,4
_DeadlockError,4
_ModuleLockManager,4
_requires_builtin,4
_requires_frozen,4
_NEEDS_LOADING,4
sys_module,4
_imp_module,4
module_type,4
attrs_updated,4
DegenerateFiles,4
wrap_spec,4
from_package,4
pass_none,4
_normalized_name,4
FastPath,4
HeaderWriteError,4
Gertzfield,4
body_decode,4
groups_of_3,4
deviate,4
Defects,4
_ew,4
TOKEN_ENDS,4
RFC2047,4
InvalidMailbox,4
eats,4
_wsp_splitter,4
_get_ptext_to_endchars,4
ccontent,4
DQUOTE,4
get_atext,4
get_quoted_string,4
get_atom,4
_check_for_early_dl_end,4
name_addr,4
invalid_mailbox,4
intuitively,4
get_int,4
invalid_parameter,4
get_attrtext,4
crystal,4
qstring,4
parse_mime_parameters,4
encode_as,4
extra_chrome,4
splitpoint,4
original_bytes,4
add_transition,4
_maxlen,4
Eventually,4
startval,4
add_set_handler,4
full_path_for_error,4
rfc2046,4
_prepare_set,4
_finalize_set,4
unencoded_bytes_per_line,4
_policybase,4
factored,4
get_default_type,4
_get_params_preserve,4
set_boundary,4
_find_body,4
_make_multipart,4
disallowed_subtypes,4
part_headers,4
_add_multipart,4
newpolicy,4
added_doc,4
_extend_docstrings,4
register_defect,4
fold_binary,4
_display_name,4
_monthnames,4
_parsedate_tz,4
expectroute,4
getatom,4
beginchar,4
encode_7or8bit,4
CODEC_MAP,4
header_enc,4
codecname,4
maxlengths,4
joined_line,4
ufrom,4
_munge_cte,4
_write_headers,4
_writeBody,4
_compile_re,4
decode_rfc2231,4
_parseaddr,4
TICK,4
rfc2231_params,4
_q_byte_map,4
pad_err,4
refold_binary,4
encdata,4
BytesFeedParser,4
_eofstack,4
boundaryre,4
_QUOPRI_MAP,4
fakefile,4
_audiodata,4
_subparts,4
_imagedata,4
SEMAPHORE,4
SEM_VALUE_MAX,4
_rand,4
_is_mine,4
temp_name,4
INVALID_HANDLE_VALUE,4
_back_transforms_mapping,4
_format_size_metainfo,4
_offset_back_transform_codes,4
_get_packing_format,4
fmt_as_str,4
transform_code,4
_launch,4
_HAVE_SIGMASK,4
_IGNORED_SIGNALS,4
spawnv_passfds,4
rtype_cache,4
parent_process,4
set_start_method,4
SpawnProcess,4
SpawnContext,4
rebuild_ctype,4
Synchronized,4
_length_,4
_ResourceSharer,4
steal_handle,4
PROCESS_DUP_HANDLE,4
Len,4
popen_obj,4
_rebuild_partial,4
ForkAwareThreadLock,4
SUBDEBUG,4
SUBWARNING,4
_log_to_stderr,4
passfds,4
MAXFDS_TO_SEND,4
SIGNED_STRUCT,4
arbitrary_address,4
sig_w,4
pids,4
pid_to_fd,4
WINEXE,4
rhandle,4
get_command_line,4
parent_pid,4
main_content,4
_DupFd,4
WAIT_ABANDONED_0,4
_mmap_counter,4
default_family,4
address_type,4
bytesize,4
waitres,4
ERROR_MORE_DATA,4
_recv,4
deliver_challenge,4
answer_challenge,4
_last_accepted,4
GENERIC_READ,4
PIPE_TYPE_MESSAGE,4
OPEN_EXISTING,4
_handle_queue,4
WELCOME,4
ov_list,4
reduce_connection,4
rebuild_connection,4
_start_thread,4
_on_queue_feeder_error,4
wacquire,4
arenas,4
_lastpid,4
_allocated_blocks,4
_add_free_block,4
_free_pending_blocks,4
INIT,4
_wrap_exception,4
IMapIterator,4
_get_tasks,4
map_async,4
taskseq,4
helping,4
_unsorted,4
_parent_process,4
_process_counter,4
SharedMemoryManager,4
INCREF,4
_Server,4
_address_to_local,4
create_method,4
AutoProxy,4
_idset,4
RebuildProxy,4
_typecode,4
DictProxy,4
PoolProxy,4
destroy_segment,4
track_segment,4
_backlog_queue,4
x7FFFFFFF,4
was_checked,4
l_children,4
reproduces,4
match_seq,4
PatternCompiler,4
keep_line_order,4
pattern_symbols,4
pysyms,4
python_grammar_no_print_statement,4
_EveryNode,4
_get_head_types,4
fixer_log,4
pre_order_fixers,4
post_order_fixers,4
fix_mod_path,4
dir_or_file,4
Descending,4
Refactors,4
Silence,4
future_features,4
refactor_tree,4
refactor_doctest,4
output_lock,4
num_processes,4
StdoutRefactoringTool,4
_input_base_dir,4
Refactored,4
rparen,4
name_leafs,4
import_as_names,4
pats_built,4
details_node,4
repeater_node,4
subpatterns_with_names,4
subpatterns_with_common_names,4
subpatterns_with_common_chars,4
BMNode,4
subnode_key,4
xyzzy,4
e_suite,4
with_tb,4
lambdef,4
n_op,4
xreadlines,4
next_stmt,4
btwn,4
_handle_rename,4
_handle_type2abc,4
bind_warning,4
shadowed_next,4
bare_print,4
add_kwarg,4
l_nodes,4
sprinkled,4
find_params,4
param_list,4
transformed_xranges,4
im_self,4
module_dot,4
Pgen,4
arcs_,4
ndfas,4
nlabels,4
itsfirst,4
s_lineno,4
s_column,4
close_stream,4
totalset,4
overlapcheck,4
parse_rhs,4
addclosure,4
ALT,4
monkeypatched,4
WPARAM,4
LPARAM,4
HMENU,4
SMALL_RECT,4
LPFILETIME,4
clibname,4
ldconfig,4
x7fELF,4
_findLib_gcc,4
openbsd,4
_num_version,4
MAJOR,4
MINOR,4
is64,4
libm,4
shr_64,4
SVR4,4
AIX_ABI,4
get_ld_headers,4
ld_headers,4
shr4,4
searchpath,4
_FUNCFLAG_USE_ERRNO,4
_FUNCFLAG_USE_LASTERROR,4
anInteger,4
_c_functype_cache,4
_restype_,4
_FUNCFLAG_STDCALL,4
_win_functype_cache,4
WINFUNCTYPE,4
ctypes_type,4
name_or_ordinal,4
_check_retval_,4
PYFUNCTYPE,4
ccom,4
c_int32,4
_stdin_closed,4
set_transport,4
_get_close_waiter,4
get_pid,4
multiplexer,4
afs,4
first_address_family_count,4
addrinfos_lists,4
_set_nodelay,4
_proto,4
_executor_shutdown_called,4
call_connection_made,4
_make_datagram_transport,4
_make_read_pipe_transport,4
_make_write_pipe_transport,4
_process_events,4
_set_coroutine_origin_tracking,4
call_at,4
sock_sendfile,4
_sock_sendfile_native,4
sock_sendall,4
create_unix_connection,4
_create_connection_transport,4
_sendfile_compatible,4
UNSUPPORTED,4
TRY_NATIVE,4
_sendfile_native,4
r_addr,4
addr_pair,4
connect_read_pipe,4
new_scheduled,4
DEBUG_STACK_DEPTH,4
_ContextManagerMixin,4
_wake_up_next,4
_iscoroutine_typecache,4
_format_callback,4
_format_callback_source,4
_chain_future,4
base_subprocess,4
ThreadedChildWatcher,4
BaseSelectorEventLoop,4
_process_self_data,4
add_signal_handler,4
_sock_sendfile_native_impl,4
add_writer,4
pauses,4
_write_ready,4
Caught,4
BaseDefaultEventLoopPolicy,4
_drain_helper,4
_stream_writer,4
readexactly,4
hoping,4
run_one_coro,4
BaseProactorEventLoop,4
_ProactorBasePipeTransport,4
_set_extra,4
_called_connection_lost,4
_ProactorReadPipeTransport,4
WSASend,4
_ProactorBaseWritePipeTransport,4
_make_empty_waiter,4
_reset_empty_waiter,4
_make_self_pipe,4
sock_recv,4
sock_recv_into,4
ProactorEventLoop,4
base_tasks,4
delaying,4
_cancelled_exc,4
Bare,4
cancels,4
_on_timeout,4
_ensure_future,4
coros_or_futures,4
awaitables,4
nfinished,4
arg_to_fut,4
AbstractEventLoopPolicy,4
irreversible,4
_asynciomodule,4
QueueFull,4
QueueEmpty,4
get_write_buffer_limits,4
concatenates,4
_high_water,4
_low_water,4
_SSLPipe,4
_SHUTDOWN,4
_server_side,4
_shutdown_cb,4
Drain,4
SAME,4
_session_established,4
_handshake_timeout_handle,4
_sock_read_done,4
_read_ready_cb,4
connect_pipe,4
_unregister,4
_server_pipe_handle,4
_unregistered,4
finish_send,4
GetQueuedCompletionStatus,4
msg_update,4
__schedule_callbacks,4
_exit_waiters,4
_check_proc,4
_threads_queues,4
weakref_cb,4
thread_name,4
_AS_COMPLETED,4
_STATE_TO_DESCRIPTION_MAP,4
_decrement_pending_calls,4
aim,4
wait_timeout,4
_invoke_callbacks,4
Ids,4
_CallItem,4
_CallItems,4
_ResultItems,4
_MAX_WINDOWS_WORKERS,4
_RemoteTraceback,4
work_ids_queue,4
_pending_work_items,4
join_executor_internals,4
result_reader,4
_cancel_pending_futures,4
n_sentinels_sent,4
_system_limits_checked,4
nsems_max,4
_mp_context,4
_safe_to_dynamically_spawn_children,4
Management,4
_queue_count,4
isprint,4
KEY_BACKSPACE,4
KEY_LEFT,4
keypad,4
COLORS,4
COLOR_PAIRS,4
clear_overloads,4
IntVar,4
val_type_pairs,4
SingletonMeta,4
annos,4
typing_is_inline,4
_TypeVarLikeMeta,4
__infer_variance__,4
__typing_prepare_subst__,4
_unpack_args,4
__unpacked__,4
pulling,4
_UnpackAlias,4
__typing_unpacked_tuple_args__,4
fillarg,4
CustomerModel,4
ModelBase,4
num_default_tv,4
enforce_default_ordering,4
_is_unionable,4
ListOrSet,4
MAXSIZE,4
__get_module,4
reload_module,4
urllib_robotparser,4
Module_six_moves_urllib_parse,4
Module_six_moves_urllib_error,4
Module_six_moves_urllib_request,4
_urllib_request_moved_attributes,4
Module_six_moves_urllib_response,4
Module_six_moves_urllib_robotparser,4
iterlists,4
_assertRaisesRegex,4
_assertRegex,4
_assertNotRegex,4
_print,4
DefaultArg,4
_int_type,4
remove_shim,4
out_fd,4
lengthfile,4
dNOPAUSE,4
dSAFER,4
sDEVICE,4
Encapsulated,4
imagedata_size,4
trailer_reached,4
check_required_header_comments,4
DSC,4
colorimage,4
EPSF,4
IPTC_NAA_CHUNK,4
group4,4
page_refs,4
contents_refs,4
im_number_of_pages,4
write_page,4
enum_values,4
ImageDescription,4
Contiguous,4
SubIFDs,4
ExifVersion,4
InteroperabilityIFD,4
FlashPixVersion,4
Oce,4
_populate,4
PixarImageFile,4
Rewritten,4
interpaddr,4
__mode,4
BitmapImage,4
_read_block,4
out_byte_count,4
msg_str,4
QBuffer,4
qRgba,4
fromqimage,4
PyQt,4
toqimage,4
palettedata,4
rowbytes,4
colormapsize,4
Master,4
MicImageFile,4
OLE,4
PALETTE,4
_layers_position,4
ct_types,4
FpxImageFile,4
FPX,4
jpegmode,4
interpret_name,4
acom,4
pdfs,4
cached_objects,4
page_tree_root,4
orig_pages,4
Kids,4
stringified_page_info,4
search_start_offset,4
processed_offsets,4
re_dict_end,4
hex_string,4
nesting_depth,4
Jing,4
byte_int,4
icons,4
file_length,4
imf,4
__loaded,4
_get_merged_dict,4
Background,4
Tone,4
DQT,4
Florian,4
Hoech,4
MpoImagePlugin,4
applist,4
xFFE0,4
xFFE1,4
ICC_PROFILE,4
xFFEE,4
xFFC2,4
xFFCA,4
qt_length,4
xFFDA,4
xFFE7,4
xFFF0,4
xFFFA,4
xFFFB,4
xFFFC,4
x4d,4
quant,4
xB002,4
MAX_BYTES_IN_MARKER,4
Ultra,4
getfont,4
featurelist,4
Foreground,4
font_variant,4
lat1,4
raqm,4
ttf_filename,4
WINDIR,4
windir,4
data_home,4
data_dirs,4
QAE,4
AAX,4
_viewers,4
prioritised,4
XVViewer,4
ipython_display,4
equalize,4
Histogram,4
getmesh,4
deformer,4
histo,4
centering_x,4
centering_y,4
exif_transpose,4
ModeDescriptor,4
_imagingmorph,4
LUT_SIZE,4
LutBuilder,4
morphological,4
QOI,4
op_index,4
_write_run,4
delta_b,4
mpf_offset,4
_attach_default_encoderinfo,4
mpinfo,4
maxwidth,4
_nimages,4
nvalues,4
FitsImageFile,4
header_in_progress,4
Systems,4
BoxReader,4
has_next_box,4
next_box_type,4
jpx,4
enumcs,4
max_bitdepth,4
bitdepth,4
PcdImageFile,4
encode_to_file,4
_get_oserror,4
get_child_images,4
ifds,4
ifd1,4
IFD1,4
use_mmap,4
Tile,4
_getencoder,4
pushes_fd,4
remaining_size,4
Own,4
pagesize,4
RAW,4
_bitmap,4
r_mask,4
g_mask,4
rgb_mask,4
EndProlog,4
Selects,4
fax,4
COLORMAP,4
IMAGEWIDTH,4
IMAGELENGTH,4
PLANAR_CONFIGURATION,4
TILEOFFSETS,4
ICCPROFILE,4
tiff_jpeg,4
OPEN_INFO,4
_limit_rational,4
n_d_float,4
signed_short,4
HHL4s,4
typname,4
unit_size,4
_tile_size,4
bps_actual_count,4
organization,4
resunit,4
stripes,4
legacy_ifd,4
strips_per_image,4
blocklist,4
close_fp,4
whereToWriteNewIFDOffset,4
IIMM,4
num_tags,4
_fixOffsets,4
RankFilter,4
Radius,4
_copy_table,4
with_normals,4
ch_in,4
idx_in,4
publicdomain,4
HEIGHT,4
FOURCC,4
R8G8B8A8_UNORM_SRGB,4
BC5_TYPELESS,4
BC7_UNORM_SRGB,4
item3,4
mipmaps,4
mask_count,4
mask_totals,4
ImagePath,4
PcxImagePlugin,4
charset_encoding,4
nprops,4
nbitmaps,4
last_col,4
intermediate_mode,4
DECODE_CODEC_CHOICE,4
timescale,4
get_frame,4
range_,4
FLC,4
FliImageFile,4
PERSPECTIVE,4
LIBIMAGEQUANT,4
DECODERS,4
ENCODERS,4
blp,4
gbr,4
has_transparency,4
createProfile,4
getpalettemode,4
getcolors,4
bigtiff,4
overlay_crop_box,4
oldPosition,4
post_trans,4
color_ints,4
warning_messages,4
x256,4
_loaded_exif,4
merged_dict,4
ifd_data,4
freetype2,4
zlib_ng_version,4
RunCount,4
draw_ink,4
_getfont,4
result_ink,4
result_fill,4
draw_polygon,4
embed_color,4
full_edge,4
BLP2,4
alpha_depth,4
AlphaEncoding,4
emptystring,4
_get_fontmode,4
RGB_ALWAYS,4
update_image,4
disposal_method,4
_normalize_palette,4
optimized_palette_colors,4
_get_global_header,4
_write_multiple_frames,4
previous_im,4
diff_frame,4
first_palette,4
lambda_eval,4
_get_color_table_size,4
ppmquant,4
Potentially,4
comment_block,4
SOFTPROOFING,4
buildProofTransform,4
gamut,4
profileFilename,4
buildTransformFromOpenProfiles,4
D50,4
DcxImageFile,4
wmf_bbox,4
_inch,4
ydpi,4
special_colors,4
CurImageFile,4
tga_rle,4
mapdepth,4
attributes_type,4
FtexImageFile,4
wnd,4
rgb_tuple,4
chartreuse,4
darkgreen,4
darkorange,4
goldenrod,4
ivory,4
lightgray,4
mediumaquamarine,4
orangered,4
peru,4
snow,4
steelblue,4
thistle,4
decent,4
SunImageFile,4
Raster,4
typedef,4
data_length,4
MAX_TEXT_CHUNK,4
_safe_zlib_decompress,4
text_memory,4
check_text_memory,4
im_rawmode,4
delay_den,4
blend_op,4
frame_start,4
_idat,4
_apply_encoderinfo,4
im_seq,4
outmode,4
image_name,4
GbrImageFile,4
x00FF,4
xA000,4
xA500,4
rgb_int,4
WalImageFile,4
Win32IconImagePlugin,4
Bryan,4
casadebender,4
other_im,4
apply_warning_filters,4
pythonwarnings,4
HookspecMarker,4
TestShortLogReport,4
module_or_class,4
pytest_collectstart,4
pytest_pycollect_makemodule,4
pytest_pyfunc_call,4
pytest_make_parametrize_id,4
pytest_runtest_logfinish,4
pytest_report_to_serializable,4
confval,4
influencing,4
shortletter,4
INTERNALERROR,4
assertoutcome,4
assert_outcomes,4
XFailed,4
verattr,4
_check_path,4
_NodeType,4
extra_keyword_matches,4
FSCollector,4
PytestExperimentalApiWarning,4
PytestUnhandledThreadExceptionWarning,4
yay,4
_iter_all_modules,4
_argcomplete,4
thread_exceptions,4
traceback_message,4
StepwiseCacheInfo,4
cache_age,4
HIGH_SCOPES,4
FixtureFunction,4
get_scope_node,4
_fixture_function_marker,4
item_cls,4
scoped_argkeys_by_item,4
scoped_items_by_argkey,4
argkey,4
items_done,4
Recompute,4
_get_active_fixturedef,4
_fixturedef,4
requested_fixture,4
fixturestack,4
addline,4
errorstring,4
scope_callable,4
showfixtures,4
show_fixtures_per_test,4
_parse_parametrize_args,4
Populated,4
getfixtureinfo,4
ignore_args,4
obj_ub,4
_PYTEST_DIR,4
prettypath,4
fixture_doc,4
reprlocation,4
_get_checker,4
EXCEPTION,4
ALLOW_UNICODE,4
ALLOW_BYTES,4
_is_mocked,4
real_unwrap,4
py_ver_info_minor,4
_ALL_SCOPES,4
pastebinfile,4
pastebinurl,4
gc_collect_iterations_key,4
unraisable_exceptions,4
exc_infos,4
_cached_errors_and_skips,4
wrap_pytest_function_for_tracing,4
from_call,4
_get_twisted_version,4
NotInstalled,4
Version24,4
_compare_approx,4
message_list,4
np_array_shape,4
abs_,4
tol_str,4
hook_opts,4
xunit,4
xsd,4
LogXML,4
xD7FF,4
xunit2,4
classnames,4
write_captured_output,4
_prepare_content,4
_write_content,4
revisions,4
record_property,4
suite_name,4
report_duration,4
workernode,4
report_wid,4
report_ii,4
suite_node,4
ascii_escaped,4
normalize_mark_list,4
python_files,4
_EmptyClass,4
collect_imported_tests,4
HINT,4
exc_repr,4
generated_ids,4
_param_ids_generated,4
ids_,4
deselect,4
node_modules,4
doit,4
TESTS_FAILED,4
_shouldstop,4
_shouldfail,4
UNSET,4
_getconftestmodules,4
initialpaths_with_parents,4
squacket,4
last_kept,4
_AnyPurePath,4
extract_suffixes,4
max_existing,4
cleanup_dead_symlinks,4
left_dir,4
reside,4
resolve_pkg_root_and_module_name,4
_is_same,4
parent_module_location,4
meta_importer,4
spec_matches_module_path,4
resolve_package_path,4
call_and_report,4
get_terminal_writer,4
PYTEST_CURRENT_TEST,4
runtest_hook,4
get_reraise_exceptions,4
_loadconftestmodules,4
_strtobool,4
logging_StreamHandler,4
caplog_handler_key,4
DatetimeFormatter,4
LEVELNAME_FMT_REGEX,4
log_auto_indent,4
log_file_format,4
log_file_date_format,4
mistakes,4
original_disable_level,4
get_log_level_for_setting,4
LoggingPlugin,4
_log_cli_enabled,4
loggers_to_disable,4
logreport,4
_runtest_for,4
_test_outcome_written,4
global_and_fixture_disabled,4
deprecated_call,4
weirdness,4
Bail,4
_reopen_stdio,4
stop_global_capturing,4
CaptureIO,4
pseudofile,4
start_capturing,4
stop_capturing,4
_get_multicapture,4
item_capture,4
capfdbinary,4
_captured_out,4
_captured_err,4
capteesys,4
wcwidth,4
no_summary,4
_add_verbosity_ini,4
get_location,4
_showfspath,4
_already_displayed_warnings,4
showfspath,4
hasopt,4
_write_progress_information_filling_space,4
logfinish,4
_is_last_item,4
formatted_reason,4
_get_progress_information_message,4
not_reported,4
progress_length,4
_get_main_color,4
line_or_lines,4
test_cases_verbosity,4
all_warnings,4
which_reports,4
sep_title,4
show_simple,4
_color_for_type_default,4
format_width,4
xpass,4
TerminalProgressPlugin,4
Emits,4
_CACHE_PREFIX_DIRS,4
_CACHE_PREFIX_VALUES,4
pytests,4
ENOTEMPTY,4
_last_failed_paths,4
failedfirst,4
_previously_failed_count,4
nodeids,4
previously_passed,4
cache_dir_default,4
typechecks,4
metacharacters,4
re_error,4
rawmatch,4
_parse_exc,4
_check_check,4
stringified_exception,4
dummy_highlighter,4
_just_propagate,4
for_later,4
subgroups,4
_unroll_exceptions,4
myexc,4
not_group_msg,4
_check_expected,4
ResultHolder,4
indent_2,4
possible_match,4
_show_fixture_action,4
syspath,4
CapturedLogs,4
failed_subtests_key,4
logging_plugin,4
failed_subtests_count,4
_pytest_capman,4
_init_pdb,4
tb_or_exc,4
get_exc,4
tmppath_result_key,4
given_basetemp,4
tmp_path_retention_policy,4
SectionWrapper,4
Testdir,4
_monkeypatch,4
makeconftest,4
getinicfg,4
makepyprojecttoml,4
mkpydir,4
copy_example,4
getpathnode,4
runitem,4
inline_runsource,4
inline_genitems,4
collect_by_name,4
runpython,4
runpython_c,4
spawn_pytest,4
TempdirFactory,4
_tmppath_factory,4
_tmpdirhandler,4
configfiles,4
_getini_unknown_type,4
setupplan,4
pytester_assertions,4
pytester_example_dir,4
LineComp,4
Facilities,4
SysPathsSnapshot,4
SysModulesSnapshot,4
_mod_collections,4
_makefile,4
laying,4
fnline,4
get_sections,4
serialize_report,4
ca03269,4
repr_traceback,4
repr_crash,4
entry_type,4
repr_traceback_dict,4
Aren,4
_raise_print_help,4
autoload,4
show_version_verbose,4
PYTEST_THEME,4
NO_COLOR,4
FORCE_COLOR,4
_terminal_width,4
x202E,4
x2060,4
getstatementrange_ast,4
EXCEPTION_OR_MORE,4
argcount,4
getstatement,4
_repr_style,4
repr_style,4
get_python_framesummary,4
ishidden,4
excinfo_or_fn,4
ExcInfo,4
current_depth,4
Generators,4
space_prefix,4
repr_traceback_entry,4
repr_chain,4
insert_index,4
block_finder,4
processopt,4
_anonymous,4
arggroup,4
parse_known_and_unknown_args,4
shortupper,4
return_list,4
xxoption,4
config_names,4
inipath_,4
PYTEST_VERSION,4
exclude_only,4
consider_pluginarg,4
DummyRewriteHook,4
RewriteHook,4
set_blocked,4
consider_entry_points,4
importspec,4
seen_some,4
new_package_files,4
_cleanup_stack,4
disable_autoload,4
known_keys,4
coercions,4
lineno_,4
path_var,4
fspath_var,4
breadthfirst,4
mksymlinkto,4
relsource,4
_fastjoin,4
_ensuredirs,4
pkgroot,4
popen_opts,4
tryadd,4
_geterrnoclass,4
MatcherNameAdapter,4
matchers,4
get_empty_parameterset_mark,4
with_args,4
unwrapped_func,4
mark_attribute,4
mark_obj,4
MarkGenerator,4
markexpr,4
isattrs,4
len_left,4
len_right,4
dir_with_more,4
len_extra_left,4
len_extra_right,4
all_fields,4
newdiff,4
_format_explanation,4
fnpats,4
_rewritten_names,4
_writing_pyc,4
_basenames_to_check_rewrite,4
_session_paths_checked,4
slowdown,4
is_rewrite_disabled,4
proc_pyc,4
strfn,4
format_variables,4
err_name,4
statements_fail,4
inlocs,4
dorepr,4
load_names,4
next_res,4
truncated_line_count,4
iterated_char_count,4
Secondary,4
pandas_,4
NARROW_NP_DTYPES,4
strict_data_files,4
ALL_INT_PYARROW_DTYPES_STR_REPR,4
InteractiveShell,4
register_vcs_handler,4
ScalarLike_co,4
DatetimeLikeScalar,4
PythonFuncType,4
AnyStr_contra,4
ColspaceType,4
Windowing,4
IntervalLeftRight,4
NsmallestNlargestKeep,4
_dependency,4
config_init,4
BaseGroupBy,4
_apply_groupings_depr,4
_pipe_template,4
_shared_docs_kwargs,4
_convert_obj,4
agg_dict_like,4
_aggregate_named,4
_resampler_for_grouping,4
_arrow_dtype,4
Downcast,4
_resampler_cls,4
Downsampling,4
TimedeltaIndexResampler,4
get_resampler,4
_get_resampler,4
generate_bins_dt64,4
_get_period_range_edges,4
first_tzinfo,4
last_tzinfo,4
fresult,4
react,4
AxisProperty,4
new_res,4
is_groupby,4
reconstruct_and_relabel_result,4
apply_with_numba,4
wrap_results_for_axis,4
apply_broadcast,4
apply_standard,4
should_reduce,4
nb_looper,4
constructor_sliced,4
jitted_udf,4
nb_func,4
set_values,4
GH53325,4
normalize_keyword_aggregation,4
relabel_result,4
result_in_dict,4
mangled_aggspec,4
validate_func_kwargs,4
optional_by,4
require_length_match,4
benefiting,4
M8ns,4
_reset_cacher,4
SeriesFormatter,4
tablefmt,4
validate_round,4
histogram_intersection,4
this_values,4
estimator,4
Combination,4
countries_population,4
_replace_single,4
interrogating,4
_memory_usage,4
Greater,4
city_series,4
other_vals,4
validate_logical_func,4
DirNamesMixin,4
holdable,4
_interpolate_1d,4
start_nans,4
end_nans,4
Akima1DInterpolator,4
_pad_2d,4
_backfill_2d,4
b_idx,4
get_compressed_ids,4
compresses,4
_decons_group_index,4
Baseclass,4
oppose,4
uniqs,4
Introspect,4
filtrations,4
massage,4
numeric_only_default,4
describe_ndframe,4
Interchange,4
Squeeze,4
Squeezing,4
df_0a,4
_check_inplace_and_allows_duplicate_labels,4
_transform_index,4
limbs,4
non_mapper,4
exactly_equal,4
different_column_type,4
different_data_type,4
_is_label_or_level_reference,4
prepr,4
_repr_data_resource_,4
blosclz,4
committed,4
unaware,4
DBAPI,4
from_series,4
Raphael,4
Donatello,4
base_format_,4
index_format_,4
alt_format_,4
index_formatter,4
flies,4
_get_loc_level,4
_constructor_sliced_from_mgr,4
index_natsorted,4
Iceweasel,4
Comodo,4
Salary,4
subtract_federal_tax,4
subtract_state_tax,4
new_rate,4
any_extension_types,4
_deprecate_downcast,4
res_loc,4
should_transpose,4
Joker,4
_clip_with_scalar,4
validate_clip_with_axis,4
unknowns,4
max_rank,4
ilidx,4
ax_name,4
nonexistent_options,4
Analyzes,4
Fractional,4
franc,4
APPL,4
blk_values,4
_stat_function_ddof,4
_num_ddof_doc,4
Aggregating,4
stat_func_example,4
default_output,4
nNormalized,4
_has_infs,4
Bottleneck,4
_wrap_results,4
_maybe_null_out,4
the_mean,4
_get_counts_nanvar,4
statistic,4
period_data,4
sanitize_masked_array,4
range_to_ndarray,4
is_ndarray,4
dataclasses_to_dicts,4
reorder_arrays,4
_merge_doc,4
geopandas,4
facto,4
df_not_necessarily_pandas,4
df_pandas,4
__arrow_c_stream__,4
in_ipython_frontend,4
notebook_repr_html,4
shared_params,4
common_docstring,4
return_docstring,4
Helps,4
hawk,4
webserver,4
InstalledAppFlow,4
index_len,4
unintended,4
Feather,4
write_feather,4
feather_format,4
irow,4
_get_column_array,4
_setitem_array,4
enhancingperf,4
dtypes_set,4
to_insert,4
name_lst,4
Humans,4
finer,4
prescribed,4
Stacked,4
row_df,4
Efficiently,4
Joining,4
Person,4
Taking,4
flattens,4
col_index,4
axis_dtype,4
final_result,4
construct_1d_array_from_inferred_fill_value,4
_NS,4
_LocationIndexer,4
_get_setitem_indexer,4
_tupleize_axis_indexer,4
test_loc_setitem_ndframe_values_alignment,4
column_axis,4
_has_valid_setitem_indexer,4
is_nested_tuple,4
_handle_lowerdim_multi_index_axis0,4
Slices,4
_getitem_tuple,4
_multi_take,4
_get_listlike_indexer,4
_get_slice_axis,4
_tuplify,4
nindexer,4
Setitem,4
_ensure_iterable_column_indexer,4
wasteful,4
item_labels,4
aligners,4
ser_values,4
_tup,4
Reversed,4
Int32HashTable,4
nunique_ints,4
hash_klass,4
Discretize,4
factorizing,4
revisited,4
value_counts_arraylike,4
PLR1714,4
res_keys,4
rank_1d,4
is_timedelta,4
diff_2d,4
_res_indexer,4
_sort_mixed,4
str_pos,4
union_with_duplicates,4
r_count,4
final_count,4
defaultdicts,4
_builtin_table_alias,4
is_builtin_func,4
level_n,4
writer_engine_doc,4
reconstruct_axes,4
doable,4
default_array_ufunc,4
test_quantile_empty,4
_get_take_nd_function,4
putmask_inplace,4
axis_indexer,4
__internal_pivot_table,4
to_filter,4
to_unstack,4
margin_dummy,4
transformed_piece,4
columns_listlike,4
tabulation,4
__dummy__,4
normalizers,4
row_,4
BlockManagers,4
clean_keys,4
Preserves,4
new_index_names,4
_indexer_and_to_sort,4
levshape,4
get_new_values,4
get_new_columns,4
result_width,4
dummy_index,4
clab,4
_reorder_for_extension_array_stack,4
new_lev,4
_convert_level_number,4
level_vals,4
levsize,4
drop_cols,4
slice_len,4
drop_levnums,4
len_df,4
len_msg,4
ndx,4
dummy_dtype,4
Int64Factorizer,4
_MergeOperation,4
merge_pieces,4
rby,4
_merger,4
_OrderedMerge,4
_merge_type,4
_maybe_require_matching_dtypes,4
names_to_restore,4
left_has_missing,4
right_has_missing,4
lfill,4
rfill,4
idx_list,4
_create_join_index,4
is_rkey,4
lk_is_cat,4
rk_is_cat,4
com_cls,4
inferred_left,4
inferred_right,4
datetimelikes,4
_get_join_keys,4
get_join_indexers_non_unique,4
restore_dropped_levels_multijoin,4
join_levels,4
join_codes,4
dropped_level_name,4
Factorizer,4
ages,4
Sox,4
Yankees,4
A1970,4
A1980,4
B1970,4
B1980,4
ht1,4
ht2,4
calculate_variable_window_bounds,4
VariableWindowIndexer,4
start_arrays,4
window_indices_start,4
is_int_or_none,4
disallow_ambiguous_unit,4
parse_timedelta_unit,4
milli,4
millis,4
surfaced,4
objects_to_datetime64,4
ArrayConvertible,4
DatetimeScalar,4
unique_dates,4
_to_datetime_with_unit,4
Limitations,4
unsuccessful,4
assembling,4
register_model,4
Decrefs,4
mgr_obj,4
binops,4
series_binop_impl,4
nb_compat_func,4
dim0,4
buf_shape,4
add_var,4
prev_mean,4
add_sum,4
grouped_kahan_sum,4
to_concat_arrs,4
TCH004,4
orderedness,4
_ordered,4
non_cat_dtypes,4
_freqstr,4
biufcmMOSUV,4
_parse_subtype,4
representative,4
is_map,4
pyarrow_type,4
array_class,4
isposinf_scalar,4
isneginf_scalar,4
nan_checker,4
INF_AS_NA,4
_isna,4
materializing,4
is_element_inf,4
array_equivalent_object,4
object_hash,4
INT64_DTYPE,4
ensure_int16,4
ensure_int8,4
ensure_uint64,4
is_b_array,4
hashability,4
tdvals,4
Supplied,4
np_can_cast_scalar,4
_maybe_infer_dtype_type,4
target_int_dtype,4
NDArrayOperatorsMixin,4
validate_prod,4
validate_median,4
_wrap_ndarray_result,4
npvalue,4
validate_scalar_dict_value,4
datetimelike_accumulations,4
TimelikeOps,4
_other_ops,4
TimeLikeOps,4
res_cols,4
res_cols2,4
ensure_arraylike_for_datetimelike,4
uresult,4
_default_np_dtype,4
_safe_cast,4
values_bool,4
get_fill_indexer,4
uniques_ea,4
_get_cython_function,4
cython_operation,4
string_array_cls,4
ExtensionOpsMixin,4
_add_arithmetic_ops,4
get_period_field_arr,4
_maybe_convert_freq,4
land,4
timelike,4
_check_timedeltalike_freq_compat,4
RoundTo,4
new_meth,4
_get_getitem_freq,4
msg_got,4
_unbox,4
_get_arithmetic_result_freq,4
Accumulation,4
npmodes,4
_round_doc,4
validate_kwds,4
even_days,4
dtype_given,4
VALID_CLOSED,4
test_subtype_integer,4
interval_type,4
open_left,4
open_right,4
_combined,4
_box_pa_scalar,4
_is_re_pattern_with_flags,4
_preprocess_re_pattern,4
get_date_name_field,4
_validate_dt64_dtype,4
_validate_tz_from_dtype,4
data_unit,4
pa_pad,4
numpy_,4
inputs2,4
test_ufunc_reduce_raises,4
values_arr,4
uniques_mask,4
transposed_values,4
storages,4
cythonized,4
full_codes,4
unmapped,4
cur_col_len,4
_get_values_repr,4
abbccc,4
scipy_sparse,4
indptr,4
_sparse_array_op,4
sparse_,4
_first_fill_value_loc,4
fcounts,4
new_sp_index,4
new_fill_indices,4
new_sp_val,4
sp_min_max,4
validation_msg,4
_is_valid_pyarrow_dtype,4
list_flatten,4
struct_field,4
pa_object,4
_op_method_error_message,4
_evaluate_op_method,4
other_original,4
pa_integral,4
cast_kwargs,4
binary_join,4
tiebreaker,4
_str_join,4
_str_partition,4
_str_rpartition,4
_str_casefold,4
_str_encode,4
_str_findall,4
_str_index,4
_str_rindex,4
_str_normalize,4
_str_rfind,4
_str_split,4
split_func,4
_str_rsplit,4
_str_translate,4
_str_wrap,4
_round_temporally,4
assume_timezone,4
_check_engine,4
ups,4
arrangement,4
_unary_math_ops,4
_binary_math_ops,4
_bool_ops_dict,4
SPECIAL_CASE_ARITH_OPS_SYMS,4
MathCall,4
FuncNode,4
_zip_axes_from_type,4
term_index,4
itm,4
grabbing,4
has_resolvers,4
AbstractEngine,4
has_neg_frac,4
aligned_axes,4
ea_dtypes,4
non_ea_dtypes,4
_where_standard,4
get_test_result,4
generate_filter_op,4
filter_op,4
translate_In,4
_validate_where,4
trippable,4
maybe_expression,4
BACKTICK_QUOTED_STRING,4
clean_backtick_quoted_toks,4
string_start,4
_replace_booleans,4
_replace_locals,4
SetComp,4
_maybe_eval,4
PandasExprVisitor,4
PythonExprVisitor,4
describer,4
NDFrameDescriberAbstract,4
describe_func,4
formatted_percentiles,4
stat_index,4
percentiles_ignored,4
findex,4
current_indexer,4
other_indexer,4
cur_n,4
set_nulls,4
valid_buff,4
timestamp_meta,4
PandasBufferPyarrow,4
_dtype_from_pandasdtype,4
rechunk,4
Children,4
select_columns,4
tsn,4
ArrowTemporalProperties,4
PrettyDict,4
_inner_indexer,4
inner_join_indexer,4
_comparables,4
Int16Engine,4
Int32Engine,4
UInt64Engine,4
clear_mapping,4
_maybe_disallow_fill,4
formatted_value,4
holds_integer,4
_unpack_nested_dtype,4
abcb,4
_maybe_cast_indexer,4
_get_fill_indexer,4
_extract_level_codes,4
nonexact,4
_difference_compat,4
_maybe_preserve_names,4
self_names_list,4
other_names_list,4
left_idx,4
get_reverse_indexer,4
month_starts,4
target_dtype_ns,4
Truthy,4
Trims,4
validation_func,4
unique_diffs,4
inverse_indexer,4
_extended_gcd,4
old_s,4
old_t,4
rng_indexes,4
non_empty_indexes,4
ind_min,4
_get_combined_index,4
_can_partial_date_slice,4
_partial_date_slice,4
_cast_partial_indexing_scalar,4
should_try,4
_get_indexer_pointwise,4
_is_type_compatible,4
inclusively,4
BaseMultiIndexCodesEngine,4
Combinations,4
_set_levels,4
_set_codes,4
Legs,4
GH32669,4
GH3547,4
_get_loc_single_level_index,4
is_negative_step,4
true_slices,4
lev_loc,4
arrname,4
prefix_mapping,4
_new_DatetimeIndex,4
get_format_datetime64,4
_get_time_micros,4
Snap,4
in_index,4
_time_to_micros,4
Hong_Kong,4
weekend,4
los,4
cat_safe,4
str_pad,4
str_strip,4
Aaba,4
Baca,4
MONKEY,4
returns_df,4
Substring,4
subject_key,4
GLOBAL_USE_NUMBA,4
min_number_args,4
group_cumprod,4
codes_info,4
_group_arraylike,4
aggressively,4
Counting,4
_sorted_data,4
_chop,4
_gpr_index,4
_grouper_deprecated,4
_indexer_deprecated,4
attrs_list,4
_observed,4
_dropna,4
_codes_and_uniques,4
_transform_template,4
cyfunc,4
_concat_objects,4
_transform_general,4
_set_result_index_ordered,4
_get_index,4
relates,4
nbin,4
breed,4
is_agg,4
grp_df,4
_maybe_transpose_result,4
GroupByIndexingMixin,4
GroupByNthSelector,4
_groupby_agg_method_engine_template,4
_KeysArgType,4
obj_axis,4
acting,4
rise,4
_cumcount_array,4
truthful,4
in_axis_names,4
in_axis_grps,4
grp_indices,4
result_len,4
raise_err,4
offset_array,4
generate_numba_ewm_func,4
generate_numba_ewm_table_func,4
get_center_of_mass,4
w_i,4
num_vals,4
x_var,4
y_var,4
groupby_order,4
count_nan,4
RollingAndExpandingMixin,4
numpydoc,4
frame_template,4
extra_col,4
_resolve_output,4
_apply_columnwise,4
grouped_object_index,4
groupby_keys,4
groupby_levels,4
idx_levels,4
roll_max,4
roll_min,4
mean_x_y,4
_raise_monotonic_error,4
raise_for_nan,4
left_false,4
right_false,4
zneg_mask,4
invalid_op,4
_na_arithmetic_op,4
na_logical_op,4
is_other_int_dtype,4
op_desc_op,4
array_manager,4
concat_horizontal,4
_maybe_reindex_columns_na_proxy,4
nblocs,4
pullrequestreview,4
_ensure_2d,4
raw_lengths,4
have_series,4
have_dicts,4
indexer_cache,4
convert_object_array,4
arr_cls,4
copy_func,4
new_arrs,4
split_and_operate,4
blks,4
_get_refs_and_copy,4
GH49404,4
_replace_coerce,4
mib,4
_has_no_reference_block,4
sllen,4
raise_construction_error,4
value_is_extension_type,4
suffices,4
itemmask,4
tup_block,4
block_type,4
dtype_blocks,4
PandasArray,4
next_monday_or_tuesday,4
previous_friday,4
sunday_to_monday,4
weekend_to_monday,4
before_nearest_workday,4
workday,4
after_nearest_workday,4
Labor,4
July3rd,4
Washington,4
Veterans,4
_FrequencyInferer,4
Microseconds,4
Nanoseconds,4
rep_stamp,4
_is_annual,4
BusinessMonthBegin,4
unintentionally,4
BoolishNoneT,4
actual_arg_count,4
int_allowed,4
validates,4
skip_if_32bit,4
format_argument_list,4
sub_author_name,4
sub_first_last_names,4
language_code,4
INSTALLED,4
VersionComparisonMethod,4
hereunder,4
part1,4
somecall,4
with_exception,4
arr_complex_nan,4
arr_float1_nan_1d,4
arr_nan_float1_1d,4
allow_all_nan,4
res00,4
res01,4
res10,4
res11,4
res20,4
res21,4
res22,4
res23,4
res24,4
res25,4
test_invalid_method,4
actual_std,4
left_tailed,4
right_tailed,4
pivot_0,4
pivot_1,4
cats3,4
x7FF8000000000001,4
reconstruction,4
result_inverse,4
exp_single,4
data_single,4
exp_multi,4
data_multi,4
notapackage,4
sub_name,4
ldict,4
rdict,4
kcols,4
test_to_timestamp,4
test_infer_objects,4
arr_d,4
test_squeeze,4
use_mgr,4
arr_after,4
test_empty_dataframe,4
_do_,4
replace_kwargs,4
view_,4
m7s,4
fidx1,4
ser_tz,4
exp_freq,4
ts_neg,4
ts_pos,4
Sao_Paulo,4
commute,4
exleft,4
rev_msg,4
idx_msg,4
_suffix,4
Timedelta64,4
orig_rng,4
dt_scalar,4
res_sub,4
rng5f,4
ex_bins,4
data_result,4
result8,4
result9,4
a33,4
b12,4
b13,4
b21,4
b23,4
exp_margin,4
MAKE,4
Honda,4
expected_column,4
s2_foo,4
s2_bar,4
float2,4
stds,4
_check_output,4
values_col,4
mi_val,4
MockUnstacker,4
s_df,4
just_na_list,4
res_just_na,4
exp_just_na,4
from_B_b,4
from_B_c,4
bad_b,4
cat_y,4
GH13854,4
test_empty_input,4
left_levels,4
right_levels,4
nad,4
df1_copy,4
df2_copy,4
test_custom_name,4
hand_coded_result,4
moo,4
jibberish,4
expected_multi,4
pcat,4
cat_dtypes,4
left_monotonic,4
right_monotonic,4
oddly,4
HELLO,4
ts_merge,4
merge_right_left,4
wealth,4
nl0000289783,4
Royal,4
_join_by_hand,4
_assert_same_contents,4
idf1,4
idf2,4
idf3,4
df_partially_merged,4
_check_diff_index,4
tuv,4
join_chunk,4
concatted,4
ts0,4
prc,4
abe,4
expected_index_series,4
exp_ind,4
out_a,4
out_b,4
named_series,4
unnamed_series1,4
unnamed_series2,4
begin_frame,4
partial_appended,4
combined_columns,4
np_version_gte1p24p3,4
round_method,4
get_nat,4
nat_names,4
klass_names,4
_get_overlap_public_nat_methods,4
left_plus_right,4
right_plus_left,4
left_minus_right,4
right_minus_left,4
right_div_left,4
Q2005,4
test_invalid_arguments,4
str_res,4
test_strftime,4
bus,4
minutely,4
zerodim_arr,4
ival_B_friday,4
test_properties,4
tz_left,4
tz_right,4
interval_neither,4
test_comparison,4
expected_stdlib,4
ts_datetime,4
expected_utc,4
test_constructor_invalid,4
one_us,4
result_day,4
result_month,4
ts_utc,4
date_component,4
transition_1,4
transition_2,4
test_conversion,4
TestNonNano,4
_can_,4
exp_reso,4
test_min,4
test_max,4
offset_no_overflow,4
lmsg2,4
lmsg3,4
ts_no_ns,4
tz_repr,4
pydt_min,4
unit_depr,4
max_td,4
ten_seconds,4
one_day_ten_secs,4
test_none,4
NOT_99,4
psycopg2_tz,4
FixedOffsetTimezone,4
T21,4
random_string,4
zero_tz,4
ser_copy,4
strrep,4
int_na_vals,4
has_keys,4
has_getitem,4
has_contains,4
DictLike,4
inF,4
common_kind,4
is_float_array,4
test_categorical_dtype,4
test_is_extension_array_dtype,4
expected_error_message,4
test_hash_vs_equality,4
test_is_dtype,4
test_compat,4
expected_ordered,4
interval_dtypes,4
epic,4
get_labels_levels,4
assert_label_reference,4
assert_levels_dropped,4
test_to_xarray_with_multiindex,4
test_merge,4
monotone,4
SharedTests,4
cet,4
DecimalArray2,4
test_astype_int,4
evals,4
test_arrow_array,4
test_constructor_copy,4
test_cumsum,4
test_equal,4
test_empty_array,4
xfill,4
yfill,4
xseries,4
yseries,4
setslice,4
TestMethods,4
pa_unit,4
Float16,4
test_value_counts_na,4
Oddly,4
test_to_numpy_copy,4
test_config,4
result_sliced,4
string_dtype_highest_priority,4
Nat,4
res_unique,4
exp_unique,4
cat_base,4
test_map_str,4
subf,4
test_get_indexer_non_unique,4
test_numpy_argsort,4
exp_categories_all,4
MET,4
small_ints,4
test_mod,4
test_to_numpy_dtype,4
test_conversions,4
clean_config,4
DictWrapper,4
no_such_option,4
eprecated,4
normalized_locale,4
inf_freq,4
JUL,4
base_delta,4
date_pair,4
Spring,4
T09,4
BusinessHours,4
test_add_datetime,4
test_apply_large_n,4
slow_version,4
test_offset_corner_case,4
offset_lom_sat_sep,4
test_apply_index,4
YQM_OFFSET,4
Savings,4
timezone_utc_offsets,4
_test_all_offsets,4
_make_timestamp,4
hrs_offset,4
offset_sat,4
one_day_before,4
one_day_after,4
next_thurs,4
xp_egypt,4
result_ts,4
suffix_lst,4
holidays2,4
test_cal,4
nan_df1,4
elb,4
lcls,4
dotted_line,4
from_address,4
null_idx,4
buffer_dtype,4
pai,4
test_nunique,4
ud83d,4
smiley,4
l_values,4
total_usage,4
non_index_usage,4
index_usage,4
col_underscore,4
col_with_num,4
data_datetime,4
data_Timestamp,4
result_datetime64,4
result_datetime,4
result_Timestamp,4
mat_hard,4
Iter,4
objectname,4
BOOL_DTYPES,4
extension_arr,4
aabbc,4
setitem_with_indexer,4
exp_index3,4
datetimes_naive,4
datetimes_with_tz,4
expected_dtypes,4
gpd_style_subclass_df,4
mcol,4
AAAABBBB,4
WWWWXXXX,4
yyzzyyzz,4
test_dot,4
result_pandas,4
result_inplace,4
nats,4
ndim_5,4
col_eq,4
val3,4
larger_added,4
int64_info,4
wesm,4
axa,4
df_named,4
val_str,4
dosage,4
s_id,4
full_multiindex,4
ymd_stacked,4
e_2,4
unst,4
result_col,4
multi_level_df,4
test_keys,4
test_ops,4
nondate,4
regex_to_match,4
BUD,4
_check_bin_op,4
test_tab_completion,4
EFGH,4
test_attrs,4
faz,4
bar3,4
origin_dict,4
idx_lev,4
ainds,4
backfilling,4
reindexed_with_backfilling,4
reindexed_with_padding,4
iname,4
time_freq,4
